ISO-10303-21;
HEADER;
FILE_DESCRIPTION (( 'STEP AP214' ),
    '1' );
FILE_NAME ('A6S_1102_H.step',
    '2024-03-15T01:30:47',
    ( 'OSMC1.0    ' ),
    ( ' ' ),
    'SwSTEP 2.0',
    'SolidWorks 2002025',
    '' );
FILE_SCHEMA (( 'AUTOMOTIVE_DESIGN' ));
ENDSEC;

DATA;
#1 = ORIENTED_EDGE ( 'NONE', *, *, #1226, .T. ) ;
#2 = EDGE_CURVE ( 'NONE', #1458, #59, #244, .T. ) ;
#3 = ORIENTED_EDGE ( 'NONE', *, *, #1493, .F. ) ;
#4 = ADVANCED_FACE ( 'NONE', ( #261 ), #262, .F. ) ;
#5 = ORIENTED_EDGE ( 'NONE', *, *, #223, .F. ) ;
#6 = VERTEX_POINT ( 'NONE', #267 ) ;
#7 = ORIENTED_EDGE ( 'NONE', *, *, #235, .T. ) ;
#8 = VERTEX_POINT ( 'NONE', #274 ) ;
#9 = VERTEX_POINT ( 'NONE', #276 ) ;
#10 = EDGE_CURVE ( 'NONE', #225, #61, #282, .T. ) ;
#11 = VERTEX_POINT ( 'NONE', #291 ) ;
#12 = ORIENTED_EDGE ( 'NONE', *, *, #144, .T. ) ;
#13 = VERTEX_POINT ( 'NONE', #292 ) ;
#14 = EDGE_CURVE ( 'NONE', #93, #8, #293, .T. ) ;
#15 = ORIENTED_EDGE ( 'NONE', *, *, #230, .T. ) ;
#16 = EDGE_CURVE ( 'NONE', #102, #1362, #299, .T. ) ;
#17 = ORIENTED_EDGE ( 'NONE', *, *, #387, .T. ) ;
#18 = ORIENTED_EDGE ( 'NONE', *, *, #363, .F. ) ;
#19 = ORIENTED_EDGE ( 'NONE', *, *, #121, .F. ) ;
#20 = ORIENTED_EDGE ( 'NONE', *, *, #101, .T. ) ;
#21 = EDGE_CURVE ( 'NONE', #1420, #186, #307, .T. ) ;
#22 = VERTEX_POINT ( 'NONE', #311 ) ;
#23 = VERTEX_POINT ( 'NONE', #312 ) ;
#24 = EDGE_LOOP ( 'NONE', ( #109, #617, #214, #1472 ) ) ;
#25 = ORIENTED_EDGE ( 'NONE', *, *, #132, .T. ) ;
#26 = ORIENTED_EDGE ( 'NONE', *, *, #21, .T. ) ;
#27 = VERTEX_POINT ( 'NONE', #313 ) ;
#28 = ORIENTED_EDGE ( 'NONE', *, *, #387, .F. ) ;
#29 = EDGE_CURVE ( 'NONE', #260, #11, #319, .T. ) ;
#30 = ADVANCED_FACE ( 'NONE', ( #323 ), #342, .T. ) ;
#31 = EDGE_CURVE ( 'NONE', #135, #208, #347, .T. ) ;
#32 = ORIENTED_EDGE ( 'NONE', *, *, #126, .T. ) ;
#33 = VERTEX_POINT ( 'NONE', #352 ) ;
#34 = ORIENTED_EDGE ( 'NONE', *, *, #1412, .T. ) ;
#35 = VERTEX_POINT ( 'NONE', #354 ) ;
#36 = ADVANCED_FACE ( 'NONE', ( #408 ), #409, .T. ) ;
#37 = ORIENTED_EDGE ( 'NONE', *, *, #168, .F. ) ;
#38 = EDGE_CURVE ( 'NONE', #1458, #906, #414, .T. ) ;
#39 = ORIENTED_EDGE ( 'NONE', *, *, #741, .T. ) ;
#40 = EDGE_CURVE ( 'NONE', #13, #22, #425, .T. ) ;
#41 = VERTEX_POINT ( 'NONE', #429 ) ;
#42 = ORIENTED_EDGE ( 'NONE', *, *, #207, .T. ) ;
#43 = ORIENTED_EDGE ( 'NONE', *, *, #598, .F. ) ;
#44 = ORIENTED_EDGE ( 'NONE', *, *, #1361, .F. ) ;
#45 = ORIENTED_EDGE ( 'NONE', *, *, #1502, .F. ) ;
#46 = ORIENTED_EDGE ( 'NONE', *, *, #2, .F. ) ;
#47 = ORIENTED_EDGE ( 'NONE', *, *, #1415, .T. ) ;
#48 = ORIENTED_EDGE ( 'NONE', *, *, #277, .T. ) ;
#49 = ORIENTED_EDGE ( 'NONE', *, *, #121, .T. ) ;
#50 = ORIENTED_EDGE ( 'NONE', *, *, #328, .T. ) ;
#51 = EDGE_CURVE ( 'NONE', #8, #1470, #451, .T. ) ;
#52 = EDGE_CURVE ( 'NONE', #1491, #1408, #466, .T. ) ;
#53 = ORIENTED_EDGE ( 'NONE', *, *, #126, .F. ) ;
#54 = ORIENTED_EDGE ( 'NONE', *, *, #1174, .F. ) ;
#55 = EDGE_CURVE ( 'NONE', #22, #135, #480, .T. ) ;
#56 = EDGE_CURVE ( 'NONE', #27, #23, #484, .T. ) ;
#57 = EDGE_CURVE ( 'NONE', #404, #1408, #488, .T. ) ;
#58 = ORIENTED_EDGE ( 'NONE', *, *, #496, .T. ) ;
#59 = VERTEX_POINT ( 'NONE', #497 ) ;
#60 = ORIENTED_EDGE ( 'NONE', *, *, #406, .F. ) ;
#61 = VERTEX_POINT ( 'NONE', #507 ) ;
#62 = ORIENTED_EDGE ( 'NONE', *, *, #91, .F. ) ;
#63 = VERTEX_POINT ( 'NONE', #509 ) ;
#64 = ORIENTED_EDGE ( 'NONE', *, *, #423, .F. ) ;
#65 = ORIENTED_EDGE ( 'NONE', *, *, #91, .T. ) ;
#66 = EDGE_CURVE ( 'NONE', #1362, #1459, #517, .T. ) ;
#67 = ORIENTED_EDGE ( 'NONE', *, *, #235, .F. ) ;
#68 = ADVANCED_FACE ( 'NONE', ( #542, #543 ), #560, .T. ) ;
#69 = EDGE_CURVE ( 'NONE', #218, #1457, #565, .T. ) ;
#70 = EDGE_LOOP ( 'NONE', ( #18, #1482, #85, #229, #295, #1418 ) ) ;
#71 = ORIENTED_EDGE ( 'NONE', *, *, #1474, .T. ) ;
#72 = EDGE_CURVE ( 'NONE', #404, #1470, #582, .T. ) ;
#73 = EDGE_CURVE ( 'NONE', #404, #225, #586, .T. ) ;
#74 = EDGE_CURVE ( 'NONE', #61, #1362, #590, .T. ) ;
#75 = ORIENTED_EDGE ( 'NONE', *, *, #1118, .T. ) ;
#76 = ORIENTED_EDGE ( 'NONE', *, *, #211, .T. ) ;
#77 = EDGE_CURVE ( 'NONE', #22, #110, #595, .T. ) ;
#78 = VERTEX_POINT ( 'NONE', #602 ) ;
#79 = ORIENTED_EDGE ( 'NONE', *, *, #223, .T. ) ;
#80 = EDGE_CURVE ( 'NONE', #27, #1467, #607, .T. ) ;
#81 = EDGE_LOOP ( 'NONE', ( #219, #79, #945, #1479 ) ) ;
#82 = EDGE_LOOP ( 'NONE', ( #138, #113, #1437, #1456 ) ) ;
#83 = VERTEX_POINT ( 'NONE', #611 ) ;
#84 = ORIENTED_EDGE ( 'NONE', *, *, #1455, .F. ) ;
#85 = ORIENTED_EDGE ( 'NONE', *, *, #133, .F. ) ;
#86 = ADVANCED_FACE ( 'NONE', ( #676 ), #694, .F. ) ;
#87 = EDGE_CURVE ( 'NONE', #63, #162, #710, .T. ) ;
#88 = EDGE_CURVE ( 'NONE', #1471, #1419, #714, .T. ) ;
#89 = ORIENTED_EDGE ( 'NONE', *, *, #73, .T. ) ;
#90 = ORIENTED_EDGE ( 'NONE', *, *, #77, .F. ) ;
#91 = EDGE_CURVE ( 'NONE', #1397, #63, #775, .T. ) ;
#92 = ORIENTED_EDGE ( 'NONE', *, *, #547, .T. ) ;
#93 = VERTEX_POINT ( 'NONE', #813 ) ;
#94 = ORIENTED_EDGE ( 'NONE', *, *, #74, .T. ) ;
#95 = EDGE_CURVE ( 'NONE', #906, #1480, #826, .T. ) ;
#96 = ADVANCED_FACE ( 'NONE', ( #830 ), #831, .F. ) ;
#97 = ORIENTED_EDGE ( 'NONE', *, *, #1455, .T. ) ;
#98 = VERTEX_POINT ( 'NONE', #837 ) ;
#99 = ORIENTED_EDGE ( 'NONE', *, *, #14, .F. ) ;
#100 = EDGE_CURVE ( 'NONE', #906, #222, #886, .T. ) ;
#101 = EDGE_CURVE ( 'NONE', #123, #260, #901, .T. ) ;
#102 = VERTEX_POINT ( 'NONE', #908 ) ;
#103 = EDGE_CURVE ( 'NONE', #237, #98, #923, .T. ) ;
#104 = ADVANCED_FACE ( 'NONE', ( #929, #930 ), #950, .F. ) ;
#105 = ORIENTED_EDGE ( 'NONE', *, *, #1474, .F. ) ;
#106 = EDGE_LOOP ( 'NONE', ( #869, #158, #1243, #203 ) ) ;
#107 = EDGE_CURVE ( 'NONE', #616, #442, #995, .T. ) ;
#108 = ADVANCED_FACE ( 'NONE', ( #1000, #1001 ), #1018, .F. ) ;
#109 = ORIENTED_EDGE ( 'NONE', *, *, #1412, .F. ) ;
#110 = VERTEX_POINT ( 'NONE', #1028 ) ;
#111 = ORIENTED_EDGE ( 'NONE', *, *, #152, .F. ) ;
#112 = ADVANCED_FACE ( 'NONE', ( #1040 ), #1041, .F. ) ;
#113 = ORIENTED_EDGE ( 'NONE', *, *, #88, .T. ) ;
#114 = ORIENTED_EDGE ( 'NONE', *, *, #1513, .F. ) ;
#115 = ORIENTED_EDGE ( 'NONE', *, *, #95, .F. ) ;
#116 = ORIENTED_EDGE ( 'NONE', *, *, #21, .F. ) ;
#117 = ORIENTED_EDGE ( 'NONE', *, *, #1504, .T. ) ;
#118 = EDGE_LOOP ( 'NONE', ( #50, #156, #127, #47 ) ) ;
#119 = VERTEX_POINT ( 'NONE', #1140 ) ;
#120 = VERTEX_POINT ( 'NONE', #1146 ) ;
#121 = EDGE_CURVE ( 'NONE', #1408, #1421, #1147, .T. ) ;
#122 = EDGE_LOOP ( 'NONE', ( #366, #202, #1451, #443 ) ) ;
#123 = VERTEX_POINT ( 'NONE', #1183 ) ;
#124 = ORIENTED_EDGE ( 'NONE', *, *, #69, .T. ) ;
#125 = ORIENTED_EDGE ( 'NONE', *, *, #1401, .T. ) ;
#126 = EDGE_CURVE ( 'NONE', #616, #1012, #1184, .T. ) ;
#127 = ORIENTED_EDGE ( 'NONE', *, *, #1516, .F. ) ;
#128 = ORIENTED_EDGE ( 'NONE', *, *, #618, .T. ) ;
#129 = EDGE_CURVE ( 'NONE', #93, #1459, #1188, .T. ) ;
#130 = ORIENTED_EDGE ( 'NONE', *, *, #52, .F. ) ;
#131 = EDGE_CURVE ( 'NONE', #780, #1175, #1192, .T. ) ;
#132 = EDGE_CURVE ( 'NONE', #8, #35, #1196, .T. ) ;
#133 = EDGE_CURVE ( 'NONE', #199, #1500, #1200, .T. ) ;
#134 = ORIENTED_EDGE ( 'NONE', *, *, #159, .T. ) ;
#135 = VERTEX_POINT ( 'NONE', #1204 ) ;
#136 = ORIENTED_EDGE ( 'NONE', *, *, #152, .T. ) ;
#137 = VERTEX_POINT ( 'NONE', #1216 ) ;
#138 = ORIENTED_EDGE ( 'NONE', *, *, #1436, .F. ) ;
#139 = ORIENTED_EDGE ( 'NONE', *, *, #230, .F. ) ;
#140 = VERTEX_POINT ( 'NONE', #1221 ) ;
#141 = ADVANCED_FACE ( 'NONE', ( #1222 ), #1223, .T. ) ;
#142 = ORIENTED_EDGE ( 'NONE', *, *, #206, .T. ) ;
#143 = EDGE_LOOP ( 'NONE', ( #53, #835, #330, #233, #1444, #852 ) ) ;
#144 = EDGE_CURVE ( 'NONE', #59, #616, #1237, .T. ) ;
#145 = ORIENTED_EDGE ( 'NONE', *, *, #129, .F. ) ;
#146 = ORIENTED_EDGE ( 'NONE', *, *, #1486, .F. ) ;
#147 = ADVANCED_FACE ( 'NONE', ( #1242 ), #1244, .T. ) ;
#148 = ORIENTED_EDGE ( 'NONE', *, *, #1486, .T. ) ;
#149 = ADVANCED_FACE ( 'NONE', ( #1249 ), #1266, .F. ) ;
#150 = ORIENTED_EDGE ( 'NONE', *, *, #1468, .F. ) ;
#151 = ADVANCED_FACE ( 'NONE', ( #1279 ), #1280, .T. ) ;
#152 = EDGE_CURVE ( 'NONE', #120, #27, #1285, .T. ) ;
#153 = ADVANCED_FACE ( 'NONE', ( #1293 ), #1294, .T. ) ;
#154 = EDGE_LOOP ( 'NONE', ( #197, #75, #34, #365 ) ) ;
#155 = ADVANCED_FACE ( 'NONE', ( #1299 ), #1315, .F. ) ;
#156 = ORIENTED_EDGE ( 'NONE', *, *, #1405, .F. ) ;
#157 = ORIENTED_EDGE ( 'NONE', *, *, #38, .T. ) ;
#158 = ORIENTED_EDGE ( 'NONE', *, *, #815, .F. ) ;
#159 = EDGE_CURVE ( 'NONE', #110, #23, #1321, .T. ) ;
#160 = ORIENTED_EDGE ( 'NONE', *, *, #55, .F. ) ;
#161 = ORIENTED_EDGE ( 'NONE', *, *, #423, .T. ) ;
#162 = VERTEX_POINT ( 'NONE', #1334 ) ;
#163 = ADVANCED_FACE ( 'NONE', ( #1335 ), #1336, .T. ) ;
#164 = ORIENTED_EDGE ( 'NONE', *, *, #1411, .T. ) ;
#165 = EDGE_CURVE ( 'NONE', #225, #102, #1341, .T. ) ;
#166 = ORIENTED_EDGE ( 'NONE', *, *, #778, .T. ) ;
#167 = EDGE_CURVE ( 'NONE', #182, #110, #1346, .T. ) ;
#168 = EDGE_CURVE ( 'NONE', #260, #1457, #1354, .T. ) ;
#169 = ORIENTED_EDGE ( 'NONE', *, *, #1492, .T. ) ;
#170 = EDGE_LOOP ( 'NONE', ( #1498, #160, #1514, #134, #514, #1507 ) ) ;
#171 = ORIENTED_EDGE ( 'NONE', *, *, #1428, .F. ) ;
#172 = ADVANCED_FACE ( 'NONE', ( #1364 ), #1365, .F. ) ;
#173 = ORIENTED_EDGE ( 'NONE', *, *, #72, .F. ) ;
#174 = EDGE_LOOP ( 'NONE', ( #62, #1402, #1431, #1469 ) ) ;
#175 = ORIENTED_EDGE ( 'NONE', *, *, #496, .F. ) ;
#176 = ADVANCED_FACE ( 'NONE', ( #670 ), #671, .F. ) ;
#177 = EDGE_CURVE ( 'NONE', #1397, #237, #699, .T. ) ;
#178 = ORIENTED_EDGE ( 'NONE', *, *, #384, .F. ) ;
#179 = ADVANCED_FACE ( 'NONE', ( #744 ), #745, .F. ) ;
#180 = EDGE_LOOP ( 'NONE', ( #1446, #1260, #1417, #99, #1518, #1439 ) ) ;
#181 = ORIENTED_EDGE ( 'NONE', *, *, #1503, .T. ) ;
#182 = VERTEX_POINT ( 'NONE', #774 ) ;
#183 = EDGE_CURVE ( 'NONE', #9, #23, #782, .T. ) ;
#184 = ORIENTED_EDGE ( 'NONE', *, *, #1360, .T. ) ;
#185 = ORIENTED_EDGE ( 'NONE', *, *, #211, .F. ) ;
#186 = VERTEX_POINT ( 'NONE', #790 ) ;
#187 = EDGE_LOOP ( 'NONE', ( #67, #185, #1506, #1445, #386, #1483, #171, #148 ) ) ;
#188 = ADVANCED_FACE ( 'NONE', ( #792 ), #793, .T. ) ;
#189 = ORIENTED_EDGE ( 'NONE', *, *, #74, .F. ) ;
#190 = ORIENTED_EDGE ( 'NONE', *, *, #88, .F. ) ;
#191 = ORIENTED_EDGE ( 'NONE', *, *, #1452, .T. ) ;
#192 = ORIENTED_EDGE ( 'NONE', *, *, #69, .F. ) ;
#193 = ORIENTED_EDGE ( 'NONE', *, *, #1405, .T. ) ;
#194 = EDGE_CURVE ( 'NONE', #1420, #1500, #846, .T. ) ;
#195 = EDGE_LOOP ( 'NONE', ( #45, #145, #210, #25 ) ) ;
#196 = EDGE_LOOP ( 'NONE', ( #706, #460, #461, #164 ) ) ;
#197 = ORIENTED_EDGE ( 'NONE', *, *, #87, .F. ) ;
#198 = EDGE_LOOP ( 'NONE', ( #925, #1406, #689, #597 ) ) ;
#199 = VERTEX_POINT ( 'NONE', #880 ) ;
#200 = EDGE_LOOP ( 'NONE', ( #227, #44, #54, #424 ) ) ;
#201 = VERTEX_POINT ( 'NONE', #905 ) ;
#202 = ORIENTED_EDGE ( 'NONE', *, *, #907, .T. ) ;
#203 = ORIENTED_EDGE ( 'NONE', *, *, #168, .T. ) ;
#204 = EDGE_LOOP ( 'NONE', ( #58, #1392, #12, #32 ) ) ;
#205 = ORIENTED_EDGE ( 'NONE', *, *, #1396, .F. ) ;
#206 = EDGE_CURVE ( 'NONE', #1440, #888, #915, .T. ) ;
#207 = EDGE_CURVE ( 'NONE', #120, #1421, #984, .T. ) ;
#208 = VERTEX_POINT ( 'NONE', #988 ) ;
#209 = ORIENTED_EDGE ( 'NONE', *, *, #1401, .F. ) ;
#210 = ORIENTED_EDGE ( 'NONE', *, *, #14, .T. ) ;
#211 = EDGE_CURVE ( 'NONE', #364, #186, #1024, .T. ) ;
#212 = EDGE_CURVE ( 'NONE', #1467, #135, #1051, .T. ) ;
#213 = EDGE_LOOP ( 'NONE', ( #65, #1080, #1521, #117 ) ) ;
#214 = ORIENTED_EDGE ( 'NONE', *, *, #1403, .F. ) ;
#215 = EDGE_LOOP ( 'NONE', ( #209, #944, #232, #166 ) ) ;
#216 = ADVANCED_FACE ( 'NONE', ( #1096 ), #1114, .F. ) ;
#217 = ORIENTED_EDGE ( 'NONE', *, *, #80, .F. ) ;
#218 = VERTEX_POINT ( 'NONE', #1138 ) ;
#219 = ORIENTED_EDGE ( 'NONE', *, *, #1504, .F. ) ;
#220 = ORIENTED_EDGE ( 'NONE', *, *, #226, .F. ) ;
#221 = ORIENTED_EDGE ( 'NONE', *, *, #1396, .T. ) ;
#222 = VERTEX_POINT ( 'NONE', #248 ) ;
#223 = EDGE_CURVE ( 'NONE', #41, #888, #249, .T. ) ;
#224 = VERTEX_POINT ( 'NONE', #253 ) ;
#225 = VERTEX_POINT ( 'NONE', #254 ) ;
#226 = EDGE_CURVE ( 'NONE', #364, #1500, #255, .T. ) ;
#227 = ORIENTED_EDGE ( 'NONE', *, *, #1463, .F. ) ;
#228 = VERTEX_POINT ( 'NONE', #275 ) ;
#229 = ORIENTED_EDGE ( 'NONE', *, *, #328, .F. ) ;
#230 = EDGE_CURVE ( 'NONE', #119, #140, #303, .T. ) ;
#231 = ORIENTED_EDGE ( 'NONE', *, *, #212, .F. ) ;
#232 = ORIENTED_EDGE ( 'NONE', *, *, #815, .T. ) ;
#233 = ORIENTED_EDGE ( 'NONE', *, *, #1436, .T. ) ;
#234 = ORIENTED_EDGE ( 'NONE', *, *, #10, .T. ) ;
#235 = EDGE_CURVE ( 'NONE', #186, #83, #315, .T. ) ;
#236 = VERTEX_POINT ( 'NONE', #351 ) ;
#237 = VERTEX_POINT ( 'NONE', #353 ) ;
#238 = EDGE_LOOP ( 'NONE', ( #1414, #114, #924, #125 ) ) ;
#239 = ADVANCED_FACE ( 'NONE', ( #355 ), #356, .F. ) ;
#240 = ADVANCED_FACE ( 'NONE', ( #369 ), #390, .F. ) ;
#241 = ORIENTED_EDGE ( 'NONE', *, *, #741, .F. ) ;
#242 = ADVANCED_FACE ( 'NONE', ( #399 ), #400, .T. ) ;
#243 = ORIENTED_EDGE ( 'NONE', *, *, #183, .T. ) ;
#244 = LINE ( 'NONE', #245, #246 ) ;
#245 = CARTESIAN_POINT ( 'NONE',  ( 0.2500000000000000000, 0.4000000000000000200, 4.899999999999999500 ) ) ;
#246 = VECTOR ( 'NONE', #247, 1000.000000000000000 ) ;
#247 = DIRECTION ( 'NONE',  ( 0.0000000000000000000, 0.0000000000000000000, -1.000000000000000000 ) ) ;
#248 = CARTESIAN_POINT ( 'NONE',  ( -0.2500000000000000000, 0.2500000000000000000, 4.191831746994739500 ) ) ;
#249 = LINE ( 'NONE', #250, #251 ) ;
#250 = CARTESIAN_POINT ( 'NONE',  ( 0.5500000000000000400, 4.636606874731850100, 0.04999999999999939900 ) ) ;
#251 = VECTOR ( 'NONE', #252, 1000.000000000000000 ) ;
#252 = DIRECTION ( 'NONE',  ( 0.0000000000000000000, -1.000000000000000000, 0.0000000000000000000 ) ) ;
#253 = CARTESIAN_POINT ( 'NONE',  ( 1.740000000000000000, 0.1499999999999999900, 3.100000000000000100 ) ) ;
#254 = CARTESIAN_POINT ( 'NONE',  ( 0.8000000000000000400, 1.080000000000000100, -3.710614872174395500 ) ) ;
#255 = LINE ( 'NONE', #256, #257 ) ;
#256 = CARTESIAN_POINT ( 'NONE',  ( -0.8000000000000000400, 0.5999999999999999800, 3.100000000000000100 ) ) ;
#257 = VECTOR ( 'NONE', #258, 1000.000000000000000 ) ;
#258 = DIRECTION ( 'NONE',  ( 0.0000000000000000000, 0.0000000000000000000, 1.000000000000000000 ) ) ;
#259 = ORIENTED_EDGE ( 'NONE', *, *, #100, .F. ) ;
#260 = VERTEX_POINT ( 'NONE', #418 ) ;
#261 = FACE_OUTER_BOUND ( 'NONE', #943, .T. ) ;
#262 = PLANE ( 'NONE',  #263 ) ;
#263 = AXIS2_PLACEMENT_3D ( 'NONE', #264, #265, #266 ) ;
#264 = CARTESIAN_POINT ( 'NONE',  ( 0.8000000000000000400, 0.5999999999999999800, -4.899999999999999500 ) ) ;
#265 = DIRECTION ( 'NONE',  ( -0.3417430630867041000, 0.9397934234884372000, 0.0000000000000000000 ) ) ;
#266 = DIRECTION ( 'NONE',  ( -0.9397934234884372000, -0.3417430630867041000, 0.0000000000000000000 ) ) ;
#267 = CARTESIAN_POINT ( 'NONE',  ( 0.2500000000000000000, -1.084202172485503900E-016, 4.000000000000000000 ) ) ;
#268 = FACE_OUTER_BOUND ( 'NONE', #383, .T. ) ;
#269 = PLANE ( 'NONE',  #270 ) ;
#270 = AXIS2_PLACEMENT_3D ( 'NONE', #271, #272, #273 ) ;
#271 = CARTESIAN_POINT ( 'NONE',  ( 0.8000000000000000400, 0.2500000000000000000, 4.899999999999999500 ) ) ;
#272 = DIRECTION ( 'NONE',  ( 0.0000000000000000000, 0.0000000000000000000, -1.000000000000000000 ) ) ;
#273 = DIRECTION ( 'NONE',  ( -1.000000000000000000, 0.0000000000000000000, 0.0000000000000000000 ) ) ;
#274 = CARTESIAN_POINT ( 'NONE',  ( 0.8000000000000000400, 1.330000000000000100, -3.902446619169135400 ) ) ;
#275 = CARTESIAN_POINT ( 'NONE',  ( -0.8000000000000000400, 1.330000000000000100, 3.100000000000000100 ) ) ;
#276 = CARTESIAN_POINT ( 'NONE',  ( 0.2500000000000000000, 0.2500000000000000000, -4.899999999999999500 ) ) ;
#277 = EDGE_CURVE ( 'NONE', #208, #61, #434, .T. ) ;
#278 = LINE ( 'NONE', #279, #280 ) ;
#279 = CARTESIAN_POINT ( 'NONE',  ( 1.740000000000000000, 3.149999999999999900, -3.100000000000000100 ) ) ;
#280 = VECTOR ( 'NONE', #281, 1000.000000000000000 ) ;
#281 = DIRECTION ( 'NONE',  ( 0.0000000000000000000, 0.0000000000000000000, -1.000000000000000000 ) ) ;
#282 = LINE ( 'NONE', #283, #284 ) ;
#283 = CARTESIAN_POINT ( 'NONE',  ( 0.8000000000000000400, 1.080000000000000100, -3.710614872174395500 ) ) ;
#284 = VECTOR ( 'NONE', #285, 1000.000000000000000 ) ;
#285 = DIRECTION ( 'NONE',  ( -1.000000000000000000, 0.0000000000000000000, 0.0000000000000000000 ) ) ;
#286 = LINE ( 'NONE', #287, #288 ) ;
#287 = CARTESIAN_POINT ( 'NONE',  ( 0.8000000000000000400, 2.449212707644754900E-017, 4.000000000000000000 ) ) ;
#288 = VECTOR ( 'NONE', #289, 1000.000000000000000 ) ;
#289 = DIRECTION ( 'NONE',  ( -1.000000000000000000, 0.0000000000000000000, 0.0000000000000000000 ) ) ;
#290 = CARTESIAN_POINT ( 'NONE',  ( -1.740000000000000000, 3.149999999999999900, -3.100000000000000100 ) ) ;
#291 = CARTESIAN_POINT ( 'NONE',  ( -0.7249999999999999800, 3.149999999999999900, -1.899999999999999900 ) ) ;
#292 = CARTESIAN_POINT ( 'NONE',  ( -0.8000000000000000400, 0.5999999999999999800, -4.098049529643850200 ) ) ;
#293 = LINE ( 'NONE', #296, #297 ) ;
#294 = ADVANCED_FACE ( 'NONE', ( #438 ), #439, .F. ) ;
#295 = ORIENTED_EDGE ( 'NONE', *, *, #1443, .F. ) ;
#296 = CARTESIAN_POINT ( 'NONE',  ( 0.8000000000000000400, 1.330000000000000100, -3.100000000000000100 ) ) ;
#297 = VECTOR ( 'NONE', #298, 1000.000000000000000 ) ;
#298 = DIRECTION ( 'NONE',  ( 0.0000000000000000000, 2.702241237200564900E-016, -1.000000000000000000 ) ) ;
#299 = LINE ( 'NONE', #300, #301 ) ;
#300 = CARTESIAN_POINT ( 'NONE',  ( 0.8000000000000000400, 1.080000000000000100, -3.100000000000000100 ) ) ;
#301 = VECTOR ( 'NONE', #302, 1000.000000000000000 ) ;
#302 = DIRECTION ( 'NONE',  ( -1.000000000000000000, 0.0000000000000000000, 0.0000000000000000000 ) ) ;
#303 = LINE ( 'NONE', #304, #305 ) ;
#304 = CARTESIAN_POINT ( 'NONE',  ( -0.2500000000000000000, 0.4000000000000000200, 4.899999999999999500 ) ) ;
#305 = VECTOR ( 'NONE', #306, 1000.000000000000000 ) ;
#306 = DIRECTION ( 'NONE',  ( 0.0000000000000000000, 1.000000000000000000, 0.0000000000000000000 ) ) ;
#307 = LINE ( 'NONE', #308, #309 ) ;
#308 = CARTESIAN_POINT ( 'NONE',  ( -0.2500000000000000000, 0.4000000000000000200, 4.899999999999999500 ) ) ;
#309 = VECTOR ( 'NONE', #310, 1000.000000000000000 ) ;
#310 = DIRECTION ( 'NONE',  ( 0.0000000000000000000, 0.0000000000000000000, -1.000000000000000000 ) ) ;
#311 = CARTESIAN_POINT ( 'NONE',  ( -0.2500000000000000000, 0.4000000000000000200, -4.151639368130074300 ) ) ;
#312 = CARTESIAN_POINT ( 'NONE',  ( -0.2500000000000000000, 0.2500000000000000000, -4.899999999999999500 ) ) ;
#313 = CARTESIAN_POINT ( 'NONE',  ( -0.2500000000000000000, -1.696505349396695000E-016, -4.899999999999999500 ) ) ;
#314 = CARTESIAN_POINT ( 'NONE',  ( 0.2500000000000000000, 0.4000000000000000200, -4.151639368130074300 ) ) ;
#315 = LINE ( 'NONE', #316, #317 ) ;
#316 = CARTESIAN_POINT ( 'NONE',  ( -0.2500000000000000000, 1.080000000000000100, 3.710614872174395500 ) ) ;
#317 = VECTOR ( 'NONE', #318, 999.9999999999998900 ) ;
#318 = DIRECTION ( 'NONE',  ( 0.0000000000000000000, -0.9659258262890692000, 0.2588190451025176300 ) ) ;
#319 = LINE ( 'NONE', #320, #321 ) ;
#320 = CARTESIAN_POINT ( 'NONE',  ( -0.7249999999999999800, 3.149999999999999900, -1.899999999999999900 ) ) ;
#321 = VECTOR ( 'NONE', #322, 1000.000000000000100 ) ;
#322 = DIRECTION ( 'NONE',  ( 0.0000000000000000000, 0.7071067811865474600, -0.7071067811865474600 ) ) ;
#323 = FACE_OUTER_BOUND ( 'NONE', #213, .T. ) ;
#324 = COLOUR_RGB ( '',1.000000000000000000, 1.000000000000000000, 1.000000000000000000 ) ;
#325 = FILL_AREA_STYLE_COLOUR ( '', #324 ) ;
#326 = FILL_AREA_STYLE ('',( #325 ) ) ;
#327 = SURFACE_STYLE_FILL_AREA ( #326 ) ;
#328 = EDGE_CURVE ( 'NONE', #228, #199, #447, .T. ) ;
#329 = EDGE_LOOP ( 'NONE', ( #3, #192, #1208, #1510 ) ) ;
#330 = ORIENTED_EDGE ( 'NONE', *, *, #406, .T. ) ;
#331 = SURFACE_SIDE_STYLE ('',( #327 ) ) ;
#332 = SURFACE_STYLE_USAGE ( .BOTH. , #331 ) ;
#333 = PRESENTATION_STYLE_ASSIGNMENT (( #332 ) ) ;
#334 = STYLED_ITEM ( 'NONE', ( #333 ), #30 ) ;
#335 = PRESENTATION_LAYER_ASSIGNMENT (  '', '', ( #334 ) ) ;
#336 = MECHANICAL_DESIGN_GEOMETRIC_PRESENTATION_REPRESENTATION (  '', ( #334 ), #341 ) ;
#337 =( LENGTH_UNIT ( ) NAMED_UNIT ( * ) SI_UNIT ( .MILLI., .METRE. ) );
#338 =( NAMED_UNIT ( * ) PLANE_ANGLE_UNIT ( ) SI_UNIT ( $, .RADIAN. ) );
#339 =( NAMED_UNIT ( * ) SI_UNIT ( $, .STERADIAN. ) SOLID_ANGLE_UNIT ( ) );
#340 = UNCERTAINTY_MEASURE_WITH_UNIT (LENGTH_MEASURE( 1.000000000000000100E-005 ), #337, 'distance_accuracy_value', 'NONE');
#341 =( GEOMETRIC_REPRESENTATION_CONTEXT ( 3 ) GLOBAL_UNCERTAINTY_ASSIGNED_CONTEXT ( ( #340 ) ) GLOBAL_UNIT_ASSIGNED_CONTEXT ( ( #337, #338, #339 ) ) REPRESENTATION_CONTEXT ( 'NONE', 'WORKASPACE' ) );
#342 = PLANE ( 'NONE',  #343 ) ;
#343 = AXIS2_PLACEMENT_3D ( 'NONE', #344, #345, #346 ) ;
#344 = CARTESIAN_POINT ( 'NONE',  ( -1.740000000000000000, 3.050000000000000300, 3.100000000000000100 ) ) ;
#345 = DIRECTION ( 'NONE',  ( 0.0000000000000000000, 1.000000000000000000, 0.0000000000000000000 ) ) ;
#346 = DIRECTION ( 'NONE',  ( 0.0000000000000000000, 0.0000000000000000000, 1.000000000000000000 ) ) ;
#347 = LINE ( 'NONE', #348, #349 ) ;
#348 = CARTESIAN_POINT ( 'NONE',  ( 0.4375331250404349600, 0.1499879545307512000, -3.959810848709090200 ) ) ;
#349 = VECTOR ( 'NONE', #350, 1000.000000000000000 ) ;
#350 = DIRECTION ( 'NONE',  ( -0.9358779346557388700, 0.3403192489657229600, 0.09118826792913038700 ) ) ;
#351 = CARTESIAN_POINT ( 'NONE',  ( 1.740000000000000000, 3.149999999999999900, -3.100000000000000100 ) ) ;
#352 = CARTESIAN_POINT ( 'NONE',  ( -0.7249999999999999800, 3.149999999999999900, 1.899999999999999900 ) ) ;
#353 = CARTESIAN_POINT ( 'NONE',  ( 0.5500000000000000400, 2.700000000000000200, -0.9499999999999999600 ) ) ;
#354 = CARTESIAN_POINT ( 'NONE',  ( -0.8000000000000000400, 1.330000000000000100, -3.902446619169135400 ) ) ;
#355 = FACE_OUTER_BOUND ( 'NONE', #1434, .T. ) ;
#356 = PLANE ( 'NONE',  #357 ) ;
#357 = AXIS2_PLACEMENT_3D ( 'NONE', #358, #359, #360 ) ;
#358 = CARTESIAN_POINT ( 'NONE',  ( 0.2500000000000000000, 0.4000000000000000200, -4.899999999999999500 ) ) ;
#359 = DIRECTION ( 'NONE',  ( -1.000000000000000000, -2.710505431213760100E-016, 0.0000000000000000000 ) ) ;
#360 = DIRECTION ( 'NONE',  ( 2.710505431213760100E-016, -1.000000000000000000, 0.0000000000000000000 ) ) ;
#361 = LINE ( 'NONE', #362, #367 ) ;
#362 = CARTESIAN_POINT ( 'NONE',  ( 0.2500000000000000000, 0.2500000000000000000, -4.191831746994739500 ) ) ;
#363 = EDGE_CURVE ( 'NONE', #364, #1520, #459, .T. ) ;
#364 = VERTEX_POINT ( 'NONE', #465 ) ;
#365 = ORIENTED_EDGE ( 'NONE', *, *, #618, .F. ) ;
#366 = ORIENTED_EDGE ( 'NONE', *, *, #1509, .T. ) ;
#367 = VECTOR ( 'NONE', #368, 1000.000000000000000 ) ;
#368 = DIRECTION ( 'NONE',  ( -6.224656071317609600E-032, 2.296492749889170200E-016, 1.000000000000000000 ) ) ;
#369 = FACE_OUTER_BOUND ( 'NONE', #1342, .T. ) ;
#370 = COLOUR_RGB ( '',0.0000000000000000000, 0.0000000000000000000, 0.0000000000000000000 ) ;
#371 = FILL_AREA_STYLE_COLOUR ( '', #370 ) ;
#372 = FILL_AREA_STYLE ('',( #371 ) ) ;
#373 = SURFACE_STYLE_FILL_AREA ( #372 ) ;
#374 = SURFACE_SIDE_STYLE ('',( #373 ) ) ;
#375 = SURFACE_STYLE_USAGE ( .BOTH. , #374 ) ;
#376 = PRESENTATION_STYLE_ASSIGNMENT (( #375 ) ) ;
#377 = STYLED_ITEM ( 'NONE', ( #376 ), #240 ) ;
#378 = PRESENTATION_LAYER_ASSIGNMENT (  '', '', ( #377 ) ) ;
#379 = MECHANICAL_DESIGN_GEOMETRIC_PRESENTATION_REPRESENTATION (  '', ( #377 ), #389 ) ;
#380 =( LENGTH_UNIT ( ) NAMED_UNIT ( * ) SI_UNIT ( .MILLI., .METRE. ) );
#381 =( NAMED_UNIT ( * ) PLANE_ANGLE_UNIT ( ) SI_UNIT ( $, .RADIAN. ) );
#382 =( NAMED_UNIT ( * ) SI_UNIT ( $, .STERADIAN. ) SOLID_ANGLE_UNIT ( ) );
#383 = EDGE_LOOP ( 'NONE', ( #139, #1488, #1497, #71 ) ) ;
#384 = EDGE_CURVE ( 'NONE', #236, #1487, #470, .T. ) ;
#385 = EDGE_CURVE ( 'NONE', #236, #137, #474, .T. ) ;
#386 = ORIENTED_EDGE ( 'NONE', *, *, #107, .F. ) ;
#387 = EDGE_CURVE ( 'NONE', #222, #1420, #492, .T. ) ;
#388 = UNCERTAINTY_MEASURE_WITH_UNIT (LENGTH_MEASURE( 1.000000000000000100E-005 ), #380, 'distance_accuracy_value', 'NONE');
#389 =( GEOMETRIC_REPRESENTATION_CONTEXT ( 3 ) GLOBAL_UNCERTAINTY_ASSIGNED_CONTEXT ( ( #388 ) ) GLOBAL_UNIT_ASSIGNED_CONTEXT ( ( #380, #381, #382 ) ) REPRESENTATION_CONTEXT ( 'NONE', 'WORKASPACE' ) );
#390 = PLANE ( 'NONE',  #391 ) ;
#391 = AXIS2_PLACEMENT_3D ( 'NONE', #392, #393, #394 ) ;
#392 = CARTESIAN_POINT ( 'NONE',  ( -1.740000000000000000, 3.149999999999999900, -3.100000000000000100 ) ) ;
#393 = DIRECTION ( 'NONE',  ( 1.000000000000000000, 0.0000000000000000000, 0.0000000000000000000 ) ) ;
#394 = DIRECTION ( 'NONE',  ( 0.0000000000000000000, 0.0000000000000000000, -1.000000000000000000 ) ) ;
#395 = LINE ( 'NONE', #396, #397 ) ;
#396 = CARTESIAN_POINT ( 'NONE',  ( 0.7249999999999999800, 3.149999999999999900, -1.899999999999999900 ) ) ;
#397 = VECTOR ( 'NONE', #398, 1000.000000000000100 ) ;
#398 = DIRECTION ( 'NONE',  ( 0.0000000000000000000, 0.7071067811865474600, -0.7071067811865474600 ) ) ;
#399 = FACE_OUTER_BOUND ( 'NONE', #1099, .T. ) ;
#400 = PLANE ( 'NONE',  #401 ) ;
#401 = AXIS2_PLACEMENT_3D ( 'NONE', #402, #403, #407 ) ;
#402 = CARTESIAN_POINT ( 'NONE',  ( -0.8000000000000000400, 0.5999999999999999800, 4.899999999999999500 ) ) ;
#403 = DIRECTION ( 'NONE',  ( -0.3417430630867041000, -0.9397934234884372000, 0.0000000000000000000 ) ) ;
#404 = VERTEX_POINT ( 'NONE', #498 ) ;
#405 = ORIENTED_EDGE ( 'NONE', *, *, #1492, .F. ) ;
#406 = EDGE_CURVE ( 'NONE', #442, #1471, #499, .T. ) ;
#407 = DIRECTION ( 'NONE',  ( 0.9397934234884372000, -0.3417430630867041000, 0.0000000000000000000 ) ) ;
#408 = FACE_OUTER_BOUND ( 'NONE', #195, .T. ) ;
#409 = PLANE ( 'NONE',  #410 ) ;
#410 = AXIS2_PLACEMENT_3D ( 'NONE', #411, #412, #413 ) ;
#411 = CARTESIAN_POINT ( 'NONE',  ( 0.8000000000000000400, 1.330000000000000100, -3.100000000000000100 ) ) ;
#412 = DIRECTION ( 'NONE',  ( 0.0000000000000000000, 1.000000000000000000, 2.702241237200564900E-016 ) ) ;
#413 = DIRECTION ( 'NONE',  ( 0.0000000000000000000, -2.702241237200564900E-016, 1.000000000000000000 ) ) ;
#414 = LINE ( 'NONE', #415, #416 ) ;
#415 = CARTESIAN_POINT ( 'NONE',  ( 0.2500000000000000000, 1.330000000000000100, 3.902446619169135400 ) ) ;
#416 = VECTOR ( 'NONE', #417, 999.9999999999998900 ) ;
#417 = DIRECTION ( 'NONE',  ( 2.618147198306160800E-016, -0.9659258262890692000, 0.2588190451025176300 ) ) ;
#418 = CARTESIAN_POINT ( 'NONE',  ( -0.7249999999999999800, 2.700000000000000200, -1.450000000000000000 ) ) ;
#419 = LINE ( 'NONE', #420, #421 ) ;
#420 = CARTESIAN_POINT ( 'NONE',  ( 0.2500000000000000000, 0.4000000000000000200, -4.899999999999999500 ) ) ;
#421 = VECTOR ( 'NONE', #422, 1000.000000000000000 ) ;
#422 = DIRECTION ( 'NONE',  ( 2.710505431213760100E-016, -1.000000000000000000, 0.0000000000000000000 ) ) ;
#423 = EDGE_CURVE ( 'NONE', #1491, #1470, #503, .T. ) ;
#424 = ORIENTED_EDGE ( 'NONE', *, *, #1496, .F. ) ;
#425 = LINE ( 'NONE', #426, #427 ) ;
#426 = CARTESIAN_POINT ( 'NONE',  ( 0.3521920371860854900, 0.1810210773868785000, -4.210314593603694500 ) ) ;
#427 = VECTOR ( 'NONE', #428, 1000.000000000000000 ) ;
#428 = DIRECTION ( 'NONE',  ( 0.9358779346557388700, -0.3403192489657229600, -0.09118826792913038700 ) ) ;
#429 = CARTESIAN_POINT ( 'NONE',  ( 0.5500000000000000400, 3.050000000000000300, 0.04999999999999939900 ) ) ;
#430 = LINE ( 'NONE', #431, #432 ) ;
#431 = CARTESIAN_POINT ( 'NONE',  ( -1.740000000000000000, 0.1499999999999999900, 3.100000000000000100 ) ) ;
#432 = VECTOR ( 'NONE', #433, 1000.000000000000000 ) ;
#433 = DIRECTION ( 'NONE',  ( 1.000000000000000000, 0.0000000000000000000, 0.0000000000000000000 ) ) ;
#434 = LINE ( 'NONE', #435, #436 ) ;
#435 = CARTESIAN_POINT ( 'NONE',  ( -0.8000000000000000400, 1.080000000000000100, -3.710614872174395500 ) ) ;
#436 = VECTOR ( 'NONE', #437, 999.9999999999998900 ) ;
#437 = DIRECTION ( 'NONE',  ( 0.0000000000000000000, 0.9659258262890692000, 0.2588190451025176300 ) ) ;
#438 = FACE_OUTER_BOUND ( 'NONE', #118, .T. ) ;
#439 = PLANE ( 'NONE',  #440 ) ;
#440 = AXIS2_PLACEMENT_3D ( 'NONE', #444, #445, #446 ) ;
#441 = EDGE_LOOP ( 'NONE', ( #189, #1515, #1427, #479 ) ) ;
#442 = VERTEX_POINT ( 'NONE', #516 ) ;
#443 = ORIENTED_EDGE ( 'NONE', *, *, #384, .T. ) ;
#444 = CARTESIAN_POINT ( 'NONE',  ( 0.8000000000000000400, 1.330000000000000100, 3.100000000000000100 ) ) ;
#445 = DIRECTION ( 'NONE',  ( 0.0000000000000000000, -1.000000000000000000, 2.702241237200564900E-016 ) ) ;
#446 = DIRECTION ( 'NONE',  ( 0.0000000000000000000, -2.702241237200564900E-016, -1.000000000000000000 ) ) ;
#447 = LINE ( 'NONE', #448, #449 ) ;
#448 = CARTESIAN_POINT ( 'NONE',  ( -0.8000000000000000400, 1.330000000000000100, 3.100000000000000100 ) ) ;
#449 = VECTOR ( 'NONE', #450, 1000.000000000000000 ) ;
#450 = DIRECTION ( 'NONE',  ( 0.0000000000000000000, 2.702241237200564900E-016, 1.000000000000000000 ) ) ;
#451 = LINE ( 'NONE', #452, #453 ) ;
#452 = CARTESIAN_POINT ( 'NONE',  ( 0.8000000000000000400, 1.330000000000000100, -3.902446619169135400 ) ) ;
#453 = VECTOR ( 'NONE', #454, 999.9999999999998900 ) ;
#454 = DIRECTION ( 'NONE',  ( 0.0000000000000000000, -0.9659258262890692000, -0.2588190451025176300 ) ) ;
#455 = LINE ( 'NONE', #456, #457 ) ;
#456 = CARTESIAN_POINT ( 'NONE',  ( 0.8000000000000000400, 1.330000000000000100, 3.902446619169135400 ) ) ;
#457 = VECTOR ( 'NONE', #458, 999.9999999999998900 ) ;
#458 = DIRECTION ( 'NONE',  ( 0.0000000000000000000, -0.9659258262890692000, 0.2588190451025176300 ) ) ;
#459 = LINE ( 'NONE', #462, #463 ) ;
#460 = ORIENTED_EDGE ( 'NONE', *, *, #385, .F. ) ;
#461 = ORIENTED_EDGE ( 'NONE', *, *, #1484, .F. ) ;
#462 = CARTESIAN_POINT ( 'NONE',  ( -0.8000000000000000400, 1.080000000000000100, 3.710614872174395500 ) ) ;
#463 = VECTOR ( 'NONE', #464, 999.9999999999998900 ) ;
#464 = DIRECTION ( 'NONE',  ( 0.0000000000000000000, 0.9659258262890692000, -0.2588190451025176300 ) ) ;
#465 = CARTESIAN_POINT ( 'NONE',  ( -0.8000000000000000400, 0.5999999999999999800, 3.839230484541330300 ) ) ;
#466 = LINE ( 'NONE', #467, #468 ) ;
#467 = CARTESIAN_POINT ( 'NONE',  ( 0.2500000000000000000, 0.4000000000000000200, -4.899999999999999500 ) ) ;
#468 = VECTOR ( 'NONE', #469, 1000.000000000000000 ) ;
#469 = DIRECTION ( 'NONE',  ( 0.0000000000000000000, 0.0000000000000000000, 1.000000000000000000 ) ) ;
#470 = LINE ( 'NONE', #471, #472 ) ;
#471 = CARTESIAN_POINT ( 'NONE',  ( -1.740000000000000000, 3.149999999999999900, -3.100000000000000100 ) ) ;
#472 = VECTOR ( 'NONE', #473, 1000.000000000000000 ) ;
#473 = DIRECTION ( 'NONE',  ( -1.000000000000000000, 0.0000000000000000000, 0.0000000000000000000 ) ) ;
#474 = LINE ( 'NONE', #475, #476 ) ;
#475 = CARTESIAN_POINT ( 'NONE',  ( 1.740000000000000000, 3.149999999999999900, -3.100000000000000100 ) ) ;
#476 = VECTOR ( 'NONE', #477, 1000.000000000000000 ) ;
#477 = DIRECTION ( 'NONE',  ( 0.0000000000000000000, -1.000000000000000000, 0.0000000000000000000 ) ) ;
#478 = ADVANCED_FACE ( 'NONE', ( #521 ), #537, .F. ) ;
#479 = ORIENTED_EDGE ( 'NONE', *, *, #16, .T. ) ;
#480 = LINE ( 'NONE', #481, #482 ) ;
#481 = CARTESIAN_POINT ( 'NONE',  ( -0.2500000000000000000, 0.4000000000000000200, -4.899999999999999500 ) ) ;
#482 = VECTOR ( 'NONE', #483, 1000.000000000000000 ) ;
#483 = DIRECTION ( 'NONE',  ( 0.0000000000000000000, 0.0000000000000000000, 1.000000000000000000 ) ) ;
#484 = LINE ( 'NONE', #485, #486 ) ;
#485 = CARTESIAN_POINT ( 'NONE',  ( -0.2500000000000000000, 0.4000000000000000200, -4.899999999999999500 ) ) ;
#486 = VECTOR ( 'NONE', #487, 1000.000000000000000 ) ;
#487 = DIRECTION ( 'NONE',  ( 0.0000000000000000000, 1.000000000000000000, 0.0000000000000000000 ) ) ;
#488 = LINE ( 'NONE', #489, #490 ) ;
#489 = CARTESIAN_POINT ( 'NONE',  ( 0.9638548886803520700, 0.6595835958837640300, -3.823265108142135400 ) ) ;
#490 = VECTOR ( 'NONE', #491, 1000.000000000000000 ) ;
#491 = DIRECTION ( 'NONE',  ( -0.9358779346557388700, -0.3403192489657229600, -0.09118826792913048400 ) ) ;
#492 = LINE ( 'NONE', #493, #494 ) ;
#493 = CARTESIAN_POINT ( 'NONE',  ( -0.2500000000000000000, 1.330000000000000100, 3.902446619169135400 ) ) ;
#494 = VECTOR ( 'NONE', #495, 999.9999999999998900 ) ;
#495 = DIRECTION ( 'NONE',  ( 0.0000000000000000000, 0.9659258262890692000, -0.2588190451025176300 ) ) ;
#496 = EDGE_CURVE ( 'NONE', #1012, #1458, #577, .T. ) ;
#497 = CARTESIAN_POINT ( 'NONE',  ( 0.2500000000000000000, 0.4000000000000000200, 3.892820323027555300 ) ) ;
#498 = CARTESIAN_POINT ( 'NONE',  ( 0.8000000000000000400, 0.5999999999999999800, -3.839230484541330300 ) ) ;
#499 = LINE ( 'NONE', #500, #501 ) ;
#500 = CARTESIAN_POINT ( 'NONE',  ( 0.8000000000000000400, 1.080000000000000100, 3.100000000000000100 ) ) ;
#501 = VECTOR ( 'NONE', #502, 1000.000000000000000 ) ;
#502 = DIRECTION ( 'NONE',  ( 0.0000000000000000000, 0.0000000000000000000, -1.000000000000000000 ) ) ;
#503 = LINE ( 'NONE', #504, #505 ) ;
#504 = CARTESIAN_POINT ( 'NONE',  ( 1.049195976534700100, 0.6906167187398909400, -4.073768853036740200 ) ) ;
#505 = VECTOR ( 'NONE', #506, 1000.000000000000000 ) ;
#506 = DIRECTION ( 'NONE',  ( 0.9358779346557388700, 0.3403192489657229600, 0.09118826792913048400 ) ) ;
#507 = CARTESIAN_POINT ( 'NONE',  ( -0.8000000000000000400, 1.080000000000000100, -3.710614872174395500 ) ) ;
#508 = CARTESIAN_POINT ( 'NONE',  ( -0.8000000000000000400, 0.5999999999999999800, 4.098049529643850200 ) ) ;
#509 = CARTESIAN_POINT ( 'NONE',  ( -0.5500000000000000400, 3.050000000000000300, -0.9499999999999999600 ) ) ;
#510 = LINE ( 'NONE', #511, #512 ) ;
#511 = CARTESIAN_POINT ( 'NONE',  ( -0.8000000000000000400, 1.330000000000000100, -3.100000000000000100 ) ) ;
#512 = VECTOR ( 'NONE', #515, 1000.000000000000000 ) ;
#513 = VERTEX_POINT ( 'NONE', #594 ) ;
#514 = ORIENTED_EDGE ( 'NONE', *, *, #56, .F. ) ;
#515 = DIRECTION ( 'NONE',  ( 0.0000000000000000000, 2.702241237200564900E-016, -1.000000000000000000 ) ) ;
#516 = CARTESIAN_POINT ( 'NONE',  ( 0.8000000000000000400, 1.080000000000000100, 3.710614872174395500 ) ) ;
#517 = LINE ( 'NONE', #518, #519 ) ;
#518 = CARTESIAN_POINT ( 'NONE',  ( -0.8000000000000000400, 1.330000000000000100, -3.100000000000000100 ) ) ;
#519 = VECTOR ( 'NONE', #520, 1000.000000000000000 ) ;
#520 = DIRECTION ( 'NONE',  ( 0.0000000000000000000, 1.000000000000000000, 0.0000000000000000000 ) ) ;
#521 = FACE_OUTER_BOUND ( 'NONE', #238, .T. ) ;
#522 = COLOUR_RGB ( '',0.0000000000000000000, 0.0000000000000000000, 0.0000000000000000000 ) ;
#523 = FILL_AREA_STYLE_COLOUR ( '', #522 ) ;
#524 = FILL_AREA_STYLE ('',( #523 ) ) ;
#525 = SURFACE_STYLE_FILL_AREA ( #524 ) ;
#526 = SURFACE_SIDE_STYLE ('',( #525 ) ) ;
#527 = SURFACE_STYLE_USAGE ( .BOTH. , #526 ) ;
#528 = PRESENTATION_STYLE_ASSIGNMENT (( #527 ) ) ;
#529 = STYLED_ITEM ( 'NONE', ( #528 ), #478 ) ;
#530 = PRESENTATION_LAYER_ASSIGNMENT (  '', '', ( #529 ) ) ;
#531 = MECHANICAL_DESIGN_GEOMETRIC_PRESENTATION_REPRESENTATION (  '', ( #529 ), #536 ) ;
#532 =( LENGTH_UNIT ( ) NAMED_UNIT ( * ) SI_UNIT ( .MILLI., .METRE. ) );
#533 =( NAMED_UNIT ( * ) PLANE_ANGLE_UNIT ( ) SI_UNIT ( $, .RADIAN. ) );
#534 =( NAMED_UNIT ( * ) SI_UNIT ( $, .STERADIAN. ) SOLID_ANGLE_UNIT ( ) );
#535 = UNCERTAINTY_MEASURE_WITH_UNIT (LENGTH_MEASURE( 1.000000000000000100E-005 ), #532, 'distance_accuracy_value', 'NONE');
#536 =( GEOMETRIC_REPRESENTATION_CONTEXT ( 3 ) GLOBAL_UNCERTAINTY_ASSIGNED_CONTEXT ( ( #535 ) ) GLOBAL_UNIT_ASSIGNED_CONTEXT ( ( #532, #533, #534 ) ) REPRESENTATION_CONTEXT ( 'NONE', 'WORKASPACE' ) );
#537 = PLANE ( 'NONE',  #538 ) ;
#538 = AXIS2_PLACEMENT_3D ( 'NONE', #539, #540, #541 ) ;
#539 = CARTESIAN_POINT ( 'NONE',  ( -0.7249999999999999800, 3.149999999999999900, 1.899999999999999900 ) ) ;
#540 = DIRECTION ( 'NONE',  ( 0.0000000000000000000, -0.7071067811865475700, 0.7071067811865475700 ) ) ;
#541 = DIRECTION ( 'NONE',  ( 0.0000000000000000000, -0.7071067811865475700, -0.7071067811865475700 ) ) ;
#542 = FACE_OUTER_BOUND ( 'NONE', #122, .T. ) ;
#543 = FACE_BOUND ( 'NONE', #215, .T. ) ;
#544 = COLOUR_RGB ( '',0.0000000000000000000, 0.0000000000000000000, 0.0000000000000000000 ) ;
#545 = FILL_AREA_STYLE_COLOUR ( '', #544 ) ;
#546 = FILL_AREA_STYLE ('',( #545 ) ) ;
#547 = EDGE_CURVE ( 'NONE', #119, #83, #603, .T. ) ;
#548 = SURFACE_STYLE_FILL_AREA ( #546 ) ;
#549 = SURFACE_SIDE_STYLE ('',( #548 ) ) ;
#550 = SURFACE_STYLE_USAGE ( .BOTH. , #549 ) ;
#551 = PRESENTATION_STYLE_ASSIGNMENT (( #550 ) ) ;
#552 = STYLED_ITEM ( 'NONE', ( #551 ), #68 ) ;
#553 = PRESENTATION_LAYER_ASSIGNMENT (  '', '', ( #552 ) ) ;
#554 = MECHANICAL_DESIGN_GEOMETRIC_PRESENTATION_REPRESENTATION (  '', ( #552 ), #559 ) ;
#555 =( LENGTH_UNIT ( ) NAMED_UNIT ( * ) SI_UNIT ( .MILLI., .METRE. ) );
#556 =( NAMED_UNIT ( * ) PLANE_ANGLE_UNIT ( ) SI_UNIT ( $, .RADIAN. ) );
#557 =( NAMED_UNIT ( * ) SI_UNIT ( $, .STERADIAN. ) SOLID_ANGLE_UNIT ( ) );
#558 = UNCERTAINTY_MEASURE_WITH_UNIT (LENGTH_MEASURE( 1.000000000000000100E-005 ), #555, 'distance_accuracy_value', 'NONE');
#559 =( GEOMETRIC_REPRESENTATION_CONTEXT ( 3 ) GLOBAL_UNCERTAINTY_ASSIGNED_CONTEXT ( ( #558 ) ) GLOBAL_UNIT_ASSIGNED_CONTEXT ( ( #555, #556, #557 ) ) REPRESENTATION_CONTEXT ( 'NONE', 'WORKASPACE' ) );
#560 = PLANE ( 'NONE',  #561 ) ;
#561 = AXIS2_PLACEMENT_3D ( 'NONE', #562, #563, #564 ) ;
#562 = CARTESIAN_POINT ( 'NONE',  ( -1.740000000000000000, 3.149999999999999900, 3.100000000000000100 ) ) ;
#563 = DIRECTION ( 'NONE',  ( 0.0000000000000000000, 1.000000000000000000, 0.0000000000000000000 ) ) ;
#564 = DIRECTION ( 'NONE',  ( 0.0000000000000000000, 0.0000000000000000000, 1.000000000000000000 ) ) ;
#565 = LINE ( 'NONE', #566, #567 ) ;
#566 = CARTESIAN_POINT ( 'NONE',  ( 0.7249999999999999800, 2.700000000000000200, -1.450000000000000000 ) ) ;
#567 = VECTOR ( 'NONE', #568, 1000.000000000000000 ) ;
#568 = DIRECTION ( 'NONE',  ( 0.0000000000000000000, 0.0000000000000000000, -1.000000000000000000 ) ) ;
#569 = LINE ( 'NONE', #570, #571 ) ;
#570 = CARTESIAN_POINT ( 'NONE',  ( -0.7249999999999999800, 3.149999999999999900, 1.899999999999999900 ) ) ;
#571 = VECTOR ( 'NONE', #572, 1000.000000000000000 ) ;
#572 = DIRECTION ( 'NONE',  ( 0.0000000000000000000, 0.0000000000000000000, 1.000000000000000000 ) ) ;
#573 = LINE ( 'NONE', #574, #575 ) ;
#574 = CARTESIAN_POINT ( 'NONE',  ( 0.5500000000000000400, 3.050000000000000300, -0.9499999999999999600 ) ) ;
#575 = VECTOR ( 'NONE', #576, 1000.000000000000000 ) ;
#576 = DIRECTION ( 'NONE',  ( 0.0000000000000000000, 0.0000000000000000000, -1.000000000000000000 ) ) ;
#577 = LINE ( 'NONE', #578, #579 ) ;
#578 = CARTESIAN_POINT ( 'NONE',  ( 1.049195976534700100, 0.6906167187398909400, 4.073768853036740200 ) ) ;
#579 = VECTOR ( 'NONE', #581, 1000.000000000000000 ) ;
#580 = ORIENTED_EDGE ( 'NONE', *, *, #133, .T. ) ;
#581 = DIRECTION ( 'NONE',  ( -0.9358779346557388700, -0.3403192489657229600, 0.09118826792913048400 ) ) ;
#582 = LINE ( 'NONE', #583, #584 ) ;
#583 = CARTESIAN_POINT ( 'NONE',  ( 0.8000000000000000400, 0.5999999999999999800, -3.100000000000000100 ) ) ;
#584 = VECTOR ( 'NONE', #585, 1000.000000000000000 ) ;
#585 = DIRECTION ( 'NONE',  ( 0.0000000000000000000, 0.0000000000000000000, -1.000000000000000000 ) ) ;
#586 = LINE ( 'NONE', #587, #588 ) ;
#587 = CARTESIAN_POINT ( 'NONE',  ( 0.8000000000000000400, 1.080000000000000100, -3.710614872174395500 ) ) ;
#588 = VECTOR ( 'NONE', #589, 999.9999999999998900 ) ;
#589 = DIRECTION ( 'NONE',  ( 0.0000000000000000000, 0.9659258262890692000, 0.2588190451025176300 ) ) ;
#590 = LINE ( 'NONE', #591, #592 ) ;
#591 = CARTESIAN_POINT ( 'NONE',  ( -0.8000000000000000400, 1.080000000000000100, -3.100000000000000100 ) ) ;
#592 = VECTOR ( 'NONE', #593, 1000.000000000000000 ) ;
#593 = DIRECTION ( 'NONE',  ( 0.0000000000000000000, 0.0000000000000000000, 1.000000000000000000 ) ) ;
#594 = CARTESIAN_POINT ( 'NONE',  ( 0.2500000000000000000, -1.084202172485503900E-016, 4.899999999999999500 ) ) ;
#595 = LINE ( 'NONE', #596, #600 ) ;
#596 = CARTESIAN_POINT ( 'NONE',  ( -0.2500000000000000000, 1.330000000000000100, -3.902446619169135400 ) ) ;
#597 = ORIENTED_EDGE ( 'NONE', *, *, #131, .T. ) ;
#598 = EDGE_CURVE ( 'NONE', #208, #13, #620, .T. ) ;
#599 = ORIENTED_EDGE ( 'NONE', *, *, #52, .T. ) ;
#600 = VECTOR ( 'NONE', #601, 999.9999999999998900 ) ;
#601 = DIRECTION ( 'NONE',  ( 0.0000000000000000000, -0.9659258262890692000, -0.2588190451025176300 ) ) ;
#602 = CARTESIAN_POINT ( 'NONE',  ( -1.740000000000000000, 0.1499999999999999900, -3.100000000000000100 ) ) ;
#603 = LINE ( 'NONE', #604, #605 ) ;
#604 = CARTESIAN_POINT ( 'NONE',  ( -0.2500000000000000000, -1.696505349396695000E-016, 4.899999999999999500 ) ) ;
#605 = VECTOR ( 'NONE', #606, 1000.000000000000000 ) ;
#606 = DIRECTION ( 'NONE',  ( 0.0000000000000000000, 0.0000000000000000000, -1.000000000000000000 ) ) ;
#607 = LINE ( 'NONE', #608, #609 ) ;
#608 = CARTESIAN_POINT ( 'NONE',  ( -0.2500000000000000000, -1.696505349396695000E-016, -4.899999999999999500 ) ) ;
#609 = VECTOR ( 'NONE', #610, 1000.000000000000000 ) ;
#610 = DIRECTION ( 'NONE',  ( 0.0000000000000000000, 0.0000000000000000000, 1.000000000000000000 ) ) ;
#611 = CARTESIAN_POINT ( 'NONE',  ( -0.2500000000000000000, -8.482526746983470200E-017, 4.000000000000000000 ) ) ;
#612 = LINE ( 'NONE', #613, #614 ) ;
#613 = CARTESIAN_POINT ( 'NONE',  ( -1.740000000000000000, 3.149999999999999900, -3.100000000000000100 ) ) ;
#614 = VECTOR ( 'NONE', #615, 1000.000000000000000 ) ;
#615 = DIRECTION ( 'NONE',  ( 0.0000000000000000000, 0.0000000000000000000, 1.000000000000000000 ) ) ;
#616 = VERTEX_POINT ( 'NONE', #647 ) ;
#617 = ORIENTED_EDGE ( 'NONE', *, *, #103, .F. ) ;
#618 = EDGE_CURVE ( 'NONE', #162, #1440, #652, .T. ) ;
#619 = ADVANCED_FACE ( 'NONE', ( #658 ), #659, .F. ) ;
#620 = LINE ( 'NONE', #621, #622 ) ;
#621 = CARTESIAN_POINT ( 'NONE',  ( -0.8000000000000000400, 0.5999999999999999800, -3.100000000000000100 ) ) ;
#622 = VECTOR ( 'NONE', #623, 1000.000000000000000 ) ;
#623 = DIRECTION ( 'NONE',  ( 0.0000000000000000000, 0.0000000000000000000, -1.000000000000000000 ) ) ;
#624 = FACE_OUTER_BOUND ( 'NONE', #174, .T. ) ;
#625 = COLOUR_RGB ( '',1.000000000000000000, 1.000000000000000000, 1.000000000000000000 ) ;
#626 = FILL_AREA_STYLE_COLOUR ( '', #625 ) ;
#627 = FILL_AREA_STYLE ('',( #626 ) ) ;
#628 = SURFACE_STYLE_FILL_AREA ( #627 ) ;
#629 = SURFACE_SIDE_STYLE ('',( #628 ) ) ;
#630 = SURFACE_STYLE_USAGE ( .BOTH. , #629 ) ;
#631 = PRESENTATION_STYLE_ASSIGNMENT (( #630 ) ) ;
#632 = STYLED_ITEM ( 'NONE', ( #631 ), #1512 ) ;
#633 = PRESENTATION_LAYER_ASSIGNMENT (  '', '', ( #632 ) ) ;
#634 = MECHANICAL_DESIGN_GEOMETRIC_PRESENTATION_REPRESENTATION (  '', ( #632 ), #641 ) ;
#635 =( LENGTH_UNIT ( ) NAMED_UNIT ( * ) SI_UNIT ( .MILLI., .METRE. ) );
#636 = ADVANCED_FACE ( 'NONE', ( #664 ), #665, .T. ) ;
#637 = ORIENTED_EDGE ( 'NONE', *, *, #1119, .T. ) ;
#638 =( NAMED_UNIT ( * ) PLANE_ANGLE_UNIT ( ) SI_UNIT ( $, .RADIAN. ) );
#639 =( NAMED_UNIT ( * ) SI_UNIT ( $, .STERADIAN. ) SOLID_ANGLE_UNIT ( ) );
#640 = UNCERTAINTY_MEASURE_WITH_UNIT (LENGTH_MEASURE( 1.000000000000000100E-005 ), #635, 'distance_accuracy_value', 'NONE');
#641 =( GEOMETRIC_REPRESENTATION_CONTEXT ( 3 ) GLOBAL_UNCERTAINTY_ASSIGNED_CONTEXT ( ( #640 ) ) GLOBAL_UNIT_ASSIGNED_CONTEXT ( ( #635, #638, #639 ) ) REPRESENTATION_CONTEXT ( 'NONE', 'WORKASPACE' ) );
#642 = PLANE ( 'NONE',  #643 ) ;
#643 = AXIS2_PLACEMENT_3D ( 'NONE', #644, #645, #646 ) ;
#644 = CARTESIAN_POINT ( 'NONE',  ( -0.5500000000000000400, 4.636606874731850100, -0.9499999999999999600 ) ) ;
#645 = DIRECTION ( 'NONE',  ( 0.0000000000000000000, 0.0000000000000000000, 1.000000000000000000 ) ) ;
#646 = DIRECTION ( 'NONE',  ( 1.000000000000000000, 0.0000000000000000000, 0.0000000000000000000 ) ) ;
#647 = CARTESIAN_POINT ( 'NONE',  ( 0.8000000000000000400, 0.5999999999999999800, 3.839230484541330300 ) ) ;
#648 = LINE ( 'NONE', #649, #650 ) ;
#649 = CARTESIAN_POINT ( 'NONE',  ( -0.7249999999999999800, 2.700000000000000200, 1.450000000000000000 ) ) ;
#650 = VECTOR ( 'NONE', #651, 1000.000000000000000 ) ;
#651 = DIRECTION ( 'NONE',  ( 1.000000000000000000, 0.0000000000000000000, 0.0000000000000000000 ) ) ;
#652 = LINE ( 'NONE', #653, #656 ) ;
#653 = CARTESIAN_POINT ( 'NONE',  ( -0.5500000000000000400, 4.636606874731850100, 0.04999999999999939900 ) ) ;
#654 = ADVANCED_FACE ( 'NONE', ( #703 ), #704, .T. ) ;
#655 = EDGE_LOOP ( 'NONE', ( #124, #37, #1501, #1460 ) ) ;
#656 = VECTOR ( 'NONE', #657, 1000.000000000000000 ) ;
#657 = DIRECTION ( 'NONE',  ( 0.0000000000000000000, -1.000000000000000000, 0.0000000000000000000 ) ) ;
#658 = FACE_OUTER_BOUND ( 'NONE', #143, .T. ) ;
#659 = PLANE ( 'NONE',  #660 ) ;
#660 = AXIS2_PLACEMENT_3D ( 'NONE', #661, #662, #663 ) ;
#661 = CARTESIAN_POINT ( 'NONE',  ( 0.8000000000000000400, 1.080000000000000100, 3.100000000000000100 ) ) ;
#662 = DIRECTION ( 'NONE',  ( -1.000000000000000000, 0.0000000000000000000, 0.0000000000000000000 ) ) ;
#663 = DIRECTION ( 'NONE',  ( 0.0000000000000000000, 0.0000000000000000000, 1.000000000000000000 ) ) ;
#664 = FACE_OUTER_BOUND ( 'NONE', #779, .T. ) ;
#665 = PLANE ( 'NONE',  #666 ) ;
#666 = AXIS2_PLACEMENT_3D ( 'NONE', #667, #668, #669 ) ;
#667 = CARTESIAN_POINT ( 'NONE',  ( 0.2500000000000000000, 0.4000000000000000200, 4.899999999999999500 ) ) ;
#668 = DIRECTION ( 'NONE',  ( 1.000000000000000000, 2.710505431213760100E-016, 0.0000000000000000000 ) ) ;
#669 = DIRECTION ( 'NONE',  ( -2.710505431213760100E-016, 1.000000000000000000, 0.0000000000000000000 ) ) ;
#670 = FACE_OUTER_BOUND ( 'NONE', #1442, .T. ) ;
#671 = PLANE ( 'NONE',  #672 ) ;
#672 = AXIS2_PLACEMENT_3D ( 'NONE', #673, #674, #675 ) ;
#673 = CARTESIAN_POINT ( 'NONE',  ( 0.8000000000000000400, 1.330000000000000100, 3.902446619169135400 ) ) ;
#674 = DIRECTION ( 'NONE',  ( 0.0000000000000000000, -0.2588190451025175800, -0.9659258262890692000 ) ) ;
#675 = DIRECTION ( 'NONE',  ( 0.0000000000000000000, 0.9659258262890692000, -0.2588190451025175800 ) ) ;
#676 = FACE_OUTER_BOUND ( 'NONE', #81, .T. ) ;
#677 = COLOUR_RGB ( '',1.000000000000000000, 1.000000000000000000, 1.000000000000000000 ) ;
#678 = FILL_AREA_STYLE_COLOUR ( '', #677 ) ;
#679 = FILL_AREA_STYLE ('',( #678 ) ) ;
#680 = SURFACE_STYLE_FILL_AREA ( #679 ) ;
#681 = SURFACE_SIDE_STYLE ('',( #680 ) ) ;
#682 = SURFACE_STYLE_USAGE ( .BOTH. , #681 ) ;
#683 = PRESENTATION_STYLE_ASSIGNMENT (( #682 ) ) ;
#684 = STYLED_ITEM ( 'NONE', ( #683 ), #86 ) ;
#685 = PRESENTATION_LAYER_ASSIGNMENT (  '', '', ( #684 ) ) ;
#686 = MECHANICAL_DESIGN_GEOMETRIC_PRESENTATION_REPRESENTATION (  '', ( #684 ), #693 ) ;
#687 =( LENGTH_UNIT ( ) NAMED_UNIT ( * ) SI_UNIT ( .MILLI., .METRE. ) );
#688 = ORIENTED_EDGE ( 'NONE', *, *, #1499, .F. ) ;
#689 = ORIENTED_EDGE ( 'NONE', *, *, #907, .F. ) ;
#690 =( NAMED_UNIT ( * ) PLANE_ANGLE_UNIT ( ) SI_UNIT ( $, .RADIAN. ) );
#691 =( NAMED_UNIT ( * ) SI_UNIT ( $, .STERADIAN. ) SOLID_ANGLE_UNIT ( ) );
#692 = UNCERTAINTY_MEASURE_WITH_UNIT (LENGTH_MEASURE( 1.000000000000000100E-005 ), #687, 'distance_accuracy_value', 'NONE');
#693 =( GEOMETRIC_REPRESENTATION_CONTEXT ( 3 ) GLOBAL_UNCERTAINTY_ASSIGNED_CONTEXT ( ( #692 ) ) GLOBAL_UNIT_ASSIGNED_CONTEXT ( ( #687, #690, #691 ) ) REPRESENTATION_CONTEXT ( 'NONE', 'WORKASPACE' ) );
#694 = PLANE ( 'NONE',  #695 ) ;
#695 = AXIS2_PLACEMENT_3D ( 'NONE', #696, #697, #698 ) ;
#696 = CARTESIAN_POINT ( 'NONE',  ( 0.5500000000000000400, 4.636606874731850100, -0.9499999999999999600 ) ) ;
#697 = DIRECTION ( 'NONE',  ( -1.000000000000000000, 0.0000000000000000000, 0.0000000000000000000 ) ) ;
#698 = DIRECTION ( 'NONE',  ( 0.0000000000000000000, 0.0000000000000000000, 1.000000000000000000 ) ) ;
#699 = LINE ( 'NONE', #700, #701 ) ;
#700 = CARTESIAN_POINT ( 'NONE',  ( 0.5500000000000000400, 4.636606874731850100, -0.9499999999999999600 ) ) ;
#701 = VECTOR ( 'NONE', #702, 1000.000000000000000 ) ;
#702 = DIRECTION ( 'NONE',  ( 0.0000000000000000000, -1.000000000000000000, 0.0000000000000000000 ) ) ;
#703 = FACE_OUTER_BOUND ( 'NONE', #1508, .T. ) ;
#704 = PLANE ( 'NONE',  #705 ) ;
#705 = AXIS2_PLACEMENT_3D ( 'NONE', #707, #708, #709 ) ;
#706 = ORIENTED_EDGE ( 'NONE', *, *, #1174, .T. ) ;
#707 = CARTESIAN_POINT ( 'NONE',  ( 0.8000000000000000400, 2.449212707644754900E-017, -4.000000000000000000 ) ) ;
#708 = DIRECTION ( 'NONE',  ( 0.0000000000000000000, -1.000000000000000000, 1.476803825833311900E-016 ) ) ;
#709 = DIRECTION ( 'NONE',  ( 0.0000000000000000000, -1.476803825833311900E-016, -1.000000000000000000 ) ) ;
#710 = LINE ( 'NONE', #711, #712 ) ;
#711 = CARTESIAN_POINT ( 'NONE',  ( -0.5500000000000000400, 3.050000000000000300, -0.9499999999999999600 ) ) ;
#712 = VECTOR ( 'NONE', #713, 1000.000000000000000 ) ;
#713 = DIRECTION ( 'NONE',  ( 0.0000000000000000000, 0.0000000000000000000, 1.000000000000000000 ) ) ;
#714 = LINE ( 'NONE', #715, #716 ) ;
#715 = CARTESIAN_POINT ( 'NONE',  ( 0.8000000000000000400, 1.080000000000000100, 3.100000000000000100 ) ) ;
#716 = VECTOR ( 'NONE', #717, 1000.000000000000000 ) ;
#717 = DIRECTION ( 'NONE',  ( -1.000000000000000000, 0.0000000000000000000, 0.0000000000000000000 ) ) ;
#718 = FACE_OUTER_BOUND ( 'NONE', #1398, .T. ) ;
#719 = COLOUR_RGB ( '',1.000000000000000000, 1.000000000000000000, 1.000000000000000000 ) ;
#720 = FILL_AREA_STYLE_COLOUR ( '', #719 ) ;
#721 = FILL_AREA_STYLE ('',( #720 ) ) ;
#722 = SURFACE_STYLE_FILL_AREA ( #721 ) ;
#723 = ORIENTED_EDGE ( 'NONE', *, *, #1468, .T. ) ;
#724 = VERTEX_POINT ( 'NONE', #791 ) ;
#725 = SURFACE_SIDE_STYLE ('',( #722 ) ) ;
#726 = SURFACE_STYLE_USAGE ( .BOTH. , #725 ) ;
#727 = PRESENTATION_STYLE_ASSIGNMENT (( #726 ) ) ;
#728 = STYLED_ITEM ( 'NONE', ( #727 ), #1425 ) ;
#729 = PRESENTATION_LAYER_ASSIGNMENT (  '', '', ( #728 ) ) ;
#730 = MECHANICAL_DESIGN_GEOMETRIC_PRESENTATION_REPRESENTATION (  '', ( #728 ), #735 ) ;
#731 =( LENGTH_UNIT ( ) NAMED_UNIT ( * ) SI_UNIT ( .MILLI., .METRE. ) );
#732 =( NAMED_UNIT ( * ) PLANE_ANGLE_UNIT ( ) SI_UNIT ( $, .RADIAN. ) );
#733 =( NAMED_UNIT ( * ) SI_UNIT ( $, .STERADIAN. ) SOLID_ANGLE_UNIT ( ) );
#734 = UNCERTAINTY_MEASURE_WITH_UNIT (LENGTH_MEASURE( 1.000000000000000100E-005 ), #731, 'distance_accuracy_value', 'NONE');
#735 =( GEOMETRIC_REPRESENTATION_CONTEXT ( 3 ) GLOBAL_UNCERTAINTY_ASSIGNED_CONTEXT ( ( #734 ) ) GLOBAL_UNIT_ASSIGNED_CONTEXT ( ( #731, #732, #733 ) ) REPRESENTATION_CONTEXT ( 'NONE', 'WORKASPACE' ) );
#736 = PLANE ( 'NONE',  #737 ) ;
#737 = AXIS2_PLACEMENT_3D ( 'NONE', #738, #739, #740 ) ;
#738 = CARTESIAN_POINT ( 'NONE',  ( -0.5500000000000000400, 4.636606874731850100, 0.04999999999999939900 ) ) ;
#739 = DIRECTION ( 'NONE',  ( 0.0000000000000000000, 0.0000000000000000000, -1.000000000000000000 ) ) ;
#740 = DIRECTION ( 'NONE',  ( -1.000000000000000000, 0.0000000000000000000, 0.0000000000000000000 ) ) ;
#741 = EDGE_CURVE ( 'NONE', #140, #222, #799, .T. ) ;
#742 = ORIENTED_EDGE ( 'NONE', *, *, #1494, .F. ) ;
#743 = ORIENTED_EDGE ( 'NONE', *, *, #66, .T. ) ;
#744 = FACE_OUTER_BOUND ( 'NONE', #1407, .T. ) ;
#745 = PLANE ( 'NONE',  #746 ) ;
#746 = AXIS2_PLACEMENT_3D ( 'NONE', #747, #748, #749 ) ;
#747 = CARTESIAN_POINT ( 'NONE',  ( 0.8000000000000000400, 1.080000000000000100, 3.100000000000000100 ) ) ;
#748 = DIRECTION ( 'NONE',  ( 0.0000000000000000000, 1.000000000000000000, 0.0000000000000000000 ) ) ;
#749 = DIRECTION ( 'NONE',  ( 0.0000000000000000000, 0.0000000000000000000, 1.000000000000000000 ) ) ;
#750 = FACE_OUTER_BOUND ( 'NONE', #1359, .T. ) ;
#751 = FACE_BOUND ( 'NONE', #1079, .T. ) ;
#752 = COLOUR_RGB ( '',0.0000000000000000000, 0.0000000000000000000, 0.0000000000000000000 ) ;
#753 = FILL_AREA_STYLE_COLOUR ( '', #752 ) ;
#754 = FILL_AREA_STYLE ('',( #753 ) ) ;
#755 = SURFACE_STYLE_FILL_AREA ( #754 ) ;
#756 = SURFACE_SIDE_STYLE ('',( #755 ) ) ;
#757 = SURFACE_STYLE_USAGE ( .BOTH. , #756 ) ;
#758 = PRESENTATION_STYLE_ASSIGNMENT (( #757 ) ) ;
#759 = STYLED_ITEM ( 'NONE', ( #758 ), #1426 ) ;
#760 = ORIENTED_EDGE ( 'NONE', *, *, #194, .T. ) ;
#761 = ORIENTED_EDGE ( 'NONE', *, *, #1448, .T. ) ;
#762 = PRESENTATION_LAYER_ASSIGNMENT (  '', '', ( #759 ) ) ;
#763 = MECHANICAL_DESIGN_GEOMETRIC_PRESENTATION_REPRESENTATION (  '', ( #759 ), #768 ) ;
#764 =( LENGTH_UNIT ( ) NAMED_UNIT ( * ) SI_UNIT ( .MILLI., .METRE. ) );
#765 =( NAMED_UNIT ( * ) PLANE_ANGLE_UNIT ( ) SI_UNIT ( $, .RADIAN. ) );
#766 =( NAMED_UNIT ( * ) SI_UNIT ( $, .STERADIAN. ) SOLID_ANGLE_UNIT ( ) );
#767 = UNCERTAINTY_MEASURE_WITH_UNIT (LENGTH_MEASURE( 1.000000000000000100E-005 ), #764, 'distance_accuracy_value', 'NONE');
#768 =( GEOMETRIC_REPRESENTATION_CONTEXT ( 3 ) GLOBAL_UNCERTAINTY_ASSIGNED_CONTEXT ( ( #767 ) ) GLOBAL_UNIT_ASSIGNED_CONTEXT ( ( #764, #765, #766 ) ) REPRESENTATION_CONTEXT ( 'NONE', 'WORKASPACE' ) );
#769 = PLANE ( 'NONE',  #770 ) ;
#770 = AXIS2_PLACEMENT_3D ( 'NONE', #771, #772, #773 ) ;
#771 = CARTESIAN_POINT ( 'NONE',  ( -1.740000000000000000, 3.149999999999999900, -3.100000000000000100 ) ) ;
#772 = DIRECTION ( 'NONE',  ( 0.0000000000000000000, 0.0000000000000000000, 1.000000000000000000 ) ) ;
#773 = DIRECTION ( 'NONE',  ( 1.000000000000000000, 0.0000000000000000000, 0.0000000000000000000 ) ) ;
#774 = CARTESIAN_POINT ( 'NONE',  ( 0.2500000000000000000, 0.2500000000000000000, -4.191831746994739500 ) ) ;
#775 = LINE ( 'NONE', #776, #777 ) ;
#776 = CARTESIAN_POINT ( 'NONE',  ( -0.5500000000000000400, 3.050000000000000300, -0.9499999999999999600 ) ) ;
#777 = VECTOR ( 'NONE', #781, 1000.000000000000000 ) ;
#778 = EDGE_CURVE ( 'NONE', #201, #1433, #820, .T. ) ;
#779 = EDGE_LOOP ( 'NONE', ( #157, #1475, #1, #97, #1473, #46 ) ) ;
#780 = VERTEX_POINT ( 'NONE', #825 ) ;
#781 = DIRECTION ( 'NONE',  ( -1.000000000000000000, 0.0000000000000000000, 0.0000000000000000000 ) ) ;
#782 = LINE ( 'NONE', #783, #784 ) ;
#783 = CARTESIAN_POINT ( 'NONE',  ( 0.8000000000000000400, 0.2500000000000000000, -4.899999999999999500 ) ) ;
#784 = VECTOR ( 'NONE', #785, 1000.000000000000000 ) ;
#785 = DIRECTION ( 'NONE',  ( -1.000000000000000000, 0.0000000000000000000, 0.0000000000000000000 ) ) ;
#786 = LINE ( 'NONE', #787, #788 ) ;
#787 = CARTESIAN_POINT ( 'NONE',  ( 0.8000000000000000400, 1.330000000000000100, 3.100000000000000100 ) ) ;
#788 = VECTOR ( 'NONE', #789, 1000.000000000000000 ) ;
#789 = DIRECTION ( 'NONE',  ( 0.0000000000000000000, 2.702241237200564900E-016, 1.000000000000000000 ) ) ;
#790 = CARTESIAN_POINT ( 'NONE',  ( -0.2500000000000000000, 0.4000000000000000200, 3.892820323027555300 ) ) ;
#791 = CARTESIAN_POINT ( 'NONE',  ( 0.8000000000000000400, 1.330000000000000100, 3.902446619169135400 ) ) ;
#792 = FACE_OUTER_BOUND ( 'NONE', #1465, .T. ) ;
#793 = PLANE ( 'NONE',  #794 ) ;
#794 = AXIS2_PLACEMENT_3D ( 'NONE', #795, #796, #798 ) ;
#795 = CARTESIAN_POINT ( 'NONE',  ( 0.8000000000000000400, 0.2500000000000000000, -4.899999999999999500 ) ) ;
#796 = DIRECTION ( 'NONE',  ( 0.0000000000000000000, 0.0000000000000000000, -1.000000000000000000 ) ) ;
#797 = ORIENTED_EDGE ( 'NONE', *, *, #1395, .F. ) ;
#798 = DIRECTION ( 'NONE',  ( -1.000000000000000000, 0.0000000000000000000, 0.0000000000000000000 ) ) ;
#799 = LINE ( 'NONE', #800, #801 ) ;
#800 = CARTESIAN_POINT ( 'NONE',  ( -0.2500000000000000000, 0.2500000000000000000, 4.191831746994739500 ) ) ;
#801 = VECTOR ( 'NONE', #802, 1000.000000000000000 ) ;
#802 = DIRECTION ( 'NONE',  ( 0.0000000000000000000, 2.296492749889170200E-016, -1.000000000000000000 ) ) ;
#803 = LINE ( 'NONE', #804, #805 ) ;
#804 = CARTESIAN_POINT ( 'NONE',  ( 0.2500000000000000000, 1.080000000000000100, 3.710614872174395500 ) ) ;
#805 = VECTOR ( 'NONE', #806, 999.9999999999998900 ) ;
#806 = DIRECTION ( 'NONE',  ( -2.618147198306160800E-016, 0.9659258262890692000, -0.2588190451025176300 ) ) ;
#807 = FACE_OUTER_BOUND ( 'NONE', #1078, .T. ) ;
#808 = PLANE ( 'NONE',  #809 ) ;
#809 = AXIS2_PLACEMENT_3D ( 'NONE', #810, #811, #812 ) ;
#810 = CARTESIAN_POINT ( 'NONE',  ( 0.8000000000000000400, 1.080000000000000100, -3.710614872174395500 ) ) ;
#811 = DIRECTION ( 'NONE',  ( 0.0000000000000000000, -0.2588190451025175800, 0.9659258262890692000 ) ) ;
#812 = DIRECTION ( 'NONE',  ( 0.0000000000000000000, -0.9659258262890692000, -0.2588190451025175800 ) ) ;
#813 = CARTESIAN_POINT ( 'NONE',  ( 0.8000000000000000400, 1.330000000000000100, -3.100000000000000100 ) ) ;
#814 = ORIENTED_EDGE ( 'NONE', *, *, #1466, .T. ) ;
#815 = EDGE_CURVE ( 'NONE', #11, #201, #842, .T. ) ;
#816 = ORIENTED_EDGE ( 'NONE', *, *, #1502, .T. ) ;
#817 = ORIENTED_EDGE ( 'NONE', *, *, #167, .T. ) ;
#818 = ORIENTED_EDGE ( 'NONE', *, *, #66, .F. ) ;
#819 = CARTESIAN_POINT ( 'NONE',  ( -0.8000000000000000400, 1.080000000000000100, 3.710614872174395500 ) ) ;
#820 = LINE ( 'NONE', #821, #822 ) ;
#821 = CARTESIAN_POINT ( 'NONE',  ( 0.7249999999999999800, 3.149999999999999900, 1.899999999999999900 ) ) ;
#822 = VECTOR ( 'NONE', #823, 1000.000000000000000 ) ;
#823 = DIRECTION ( 'NONE',  ( 0.0000000000000000000, 0.0000000000000000000, 1.000000000000000000 ) ) ;
#824 = CARTESIAN_POINT ( 'NONE',  ( 0.7249999999999999800, 3.149999999999999900, 1.899999999999999900 ) ) ;
#825 = CARTESIAN_POINT ( 'NONE',  ( -1.740000000000000000, 3.149999999999999900, 3.100000000000000100 ) ) ;
#826 = LINE ( 'NONE', #827, #828 ) ;
#827 = CARTESIAN_POINT ( 'NONE',  ( 0.2500000000000000000, 0.2500000000000000000, 4.191831746994739500 ) ) ;
#828 = VECTOR ( 'NONE', #829, 1000.000000000000000 ) ;
#829 = DIRECTION ( 'NONE',  ( 6.224656071317609600E-032, -2.296492749889170200E-016, 1.000000000000000000 ) ) ;
#830 = FACE_OUTER_BOUND ( 'NONE', #170, .T. ) ;
#831 = PLANE ( 'NONE',  #832 ) ;
#832 = AXIS2_PLACEMENT_3D ( 'NONE', #833, #834, #836 ) ;
#833 = CARTESIAN_POINT ( 'NONE',  ( -0.2500000000000000000, 0.4000000000000000200, -4.899999999999999500 ) ) ;
#834 = DIRECTION ( 'NONE',  ( 1.000000000000000000, 0.0000000000000000000, 0.0000000000000000000 ) ) ;
#835 = ORIENTED_EDGE ( 'NONE', *, *, #107, .T. ) ;
#836 = DIRECTION ( 'NONE',  ( 0.0000000000000000000, 0.0000000000000000000, -1.000000000000000000 ) ) ;
#837 = CARTESIAN_POINT ( 'NONE',  ( -0.5500000000000000400, 2.700000000000000200, -0.9499999999999999600 ) ) ;
#838 = LINE ( 'NONE', #839, #840 ) ;
#839 = CARTESIAN_POINT ( 'NONE',  ( 0.8000000000000000400, 1.330000000000000100, 3.100000000000000100 ) ) ;
#840 = VECTOR ( 'NONE', #841, 1000.000000000000000 ) ;
#841 = DIRECTION ( 'NONE',  ( 0.0000000000000000000, 1.000000000000000000, 0.0000000000000000000 ) ) ;
#842 = LINE ( 'NONE', #843, #844 ) ;
#843 = CARTESIAN_POINT ( 'NONE',  ( -0.7249999999999999800, 3.149999999999999900, -1.899999999999999900 ) ) ;
#844 = VECTOR ( 'NONE', #845, 1000.000000000000000 ) ;
#845 = DIRECTION ( 'NONE',  ( 1.000000000000000000, 0.0000000000000000000, 0.0000000000000000000 ) ) ;
#846 = LINE ( 'NONE', #847, #848 ) ;
#847 = CARTESIAN_POINT ( 'NONE',  ( 0.3521920371860854900, 0.1810210773868785000, 4.210314593603694500 ) ) ;
#848 = VECTOR ( 'NONE', #849, 1000.000000000000000 ) ;
#849 = DIRECTION ( 'NONE',  ( -0.9358779346557388700, 0.3403192489657229600, -0.09118826792913038700 ) ) ;
#850 = CARTESIAN_POINT ( 'NONE',  ( -0.5500000000000000400, 2.700000000000000200, 0.04999999999999929500 ) ) ;
#851 = LINE ( 'NONE', #853, #854 ) ;
#852 = ORIENTED_EDGE ( 'NONE', *, *, #1499, .T. ) ;
#853 = CARTESIAN_POINT ( 'NONE',  ( 0.7249999999999999800, 3.149999999999999900, 1.899999999999999900 ) ) ;
#854 = VECTOR ( 'NONE', #855, 1000.000000000000100 ) ;
#855 = DIRECTION ( 'NONE',  ( 0.0000000000000000000, -0.7071067811865474600, -0.7071067811865474600 ) ) ;
#856 = CARTESIAN_POINT ( 'NONE',  ( 0.8000000000000000400, 1.330000000000000100, 3.100000000000000100 ) ) ;
#857 = COLOUR_RGB ( '',1.000000000000000000, 1.000000000000000000, 0.5019607843137254800 ) ;
#858 = FILL_AREA_STYLE_COLOUR ( '', #857 ) ;
#859 = FILL_AREA_STYLE ('',( #858 ) ) ;
#860 = SURFACE_STYLE_FILL_AREA ( #859 ) ;
#861 = SURFACE_SIDE_STYLE ('',( #860 ) ) ;
#862 = SURFACE_STYLE_USAGE ( .BOTH. , #861 ) ;
#863 = PRESENTATION_STYLE_ASSIGNMENT (( #862 ) ) ;
#864 = STYLED_ITEM ( 'NONE', ( #863 ), #887 ) ;
#865 = PRESENTATION_LAYER_ASSIGNMENT (  '', '', ( #864 ) ) ;
#866 = MECHANICAL_DESIGN_GEOMETRIC_PRESENTATION_REPRESENTATION (  '', ( #864 ), #873 ) ;
#867 =( LENGTH_UNIT ( ) NAMED_UNIT ( * ) SI_UNIT ( .MILLI., .METRE. ) );
#868 =( NAMED_UNIT ( * ) PLANE_ANGLE_UNIT ( ) SI_UNIT ( $, .RADIAN. ) );
#869 = ORIENTED_EDGE ( 'NONE', *, *, #1493, .T. ) ;
#870 = ORIENTED_EDGE ( 'NONE', *, *, #159, .F. ) ;
#871 =( NAMED_UNIT ( * ) SI_UNIT ( $, .STERADIAN. ) SOLID_ANGLE_UNIT ( ) );
#872 = UNCERTAINTY_MEASURE_WITH_UNIT (LENGTH_MEASURE( 1.000000000000000100E-005 ), #867, 'distance_accuracy_value', 'NONE');
#873 =( GEOMETRIC_REPRESENTATION_CONTEXT ( 3 ) GLOBAL_UNCERTAINTY_ASSIGNED_CONTEXT ( ( #872 ) ) GLOBAL_UNIT_ASSIGNED_CONTEXT ( ( #867, #868, #871 ) ) REPRESENTATION_CONTEXT ( 'NONE', 'WORKASPACE' ) );
#874 = CARTESIAN_POINT ( 'NONE',  ( 0.5500000000000000400, 2.700000000000000200, 0.05000000000000000300 ) ) ;
#875 = CARTESIAN_POINT ( 'NONE',  ( 1.740000000000000000, 3.149999999999999900, 3.100000000000000100 ) ) ;
#876 = LINE ( 'NONE', #877, #878 ) ;
#877 = CARTESIAN_POINT ( 'NONE',  ( -0.8000000000000000400, 1.330000000000000100, 3.100000000000000100 ) ) ;
#878 = VECTOR ( 'NONE', #879, 1000.000000000000000 ) ;
#879 = DIRECTION ( 'NONE',  ( 0.0000000000000000000, 1.000000000000000000, 0.0000000000000000000 ) ) ;
#880 = CARTESIAN_POINT ( 'NONE',  ( -0.8000000000000000400, 1.330000000000000100, 3.902446619169135400 ) ) ;
#881 = LINE ( 'NONE', #882, #883 ) ;
#882 = CARTESIAN_POINT ( 'NONE',  ( 0.8000000000000000400, -1.084202172485503900E-016, 4.899999999999999500 ) ) ;
#883 = VECTOR ( 'NONE', #884, 1000.000000000000000 ) ;
#884 = DIRECTION ( 'NONE',  ( -1.000000000000000000, 0.0000000000000000000, 0.0000000000000000000 ) ) ;
#885 = CARTESIAN_POINT ( 'NONE',  ( 0.2500000000000000000, 0.2500000000000000000, 4.191831746994739500 ) ) ;
#886 = LINE ( 'NONE', #890, #891 ) ;
#887 = MANIFOLD_SOLID_BREP ( 'NONE', #1410 ) ;
#888 = VERTEX_POINT ( 'NONE', #874 ) ;
#889 = VERTEX_POINT ( 'NONE', #875 ) ;
#890 = CARTESIAN_POINT ( 'NONE',  ( 0.8000000000000000400, 0.2500000000000000000, 4.191831746994739500 ) ) ;
#891 = VECTOR ( 'NONE', #892, 1000.000000000000000 ) ;
#892 = DIRECTION ( 'NONE',  ( -1.000000000000000000, 0.0000000000000000000, 0.0000000000000000000 ) ) ;
#893 = LINE ( 'NONE', #894, #895 ) ;
#894 = CARTESIAN_POINT ( 'NONE',  ( -1.740000000000000000, 3.149999999999999900, 3.100000000000000100 ) ) ;
#895 = VECTOR ( 'NONE', #896, 1000.000000000000000 ) ;
#896 = DIRECTION ( 'NONE',  ( 1.000000000000000000, 0.0000000000000000000, 0.0000000000000000000 ) ) ;
#897 = LINE ( 'NONE', #898, #899 ) ;
#898 = CARTESIAN_POINT ( 'NONE',  ( 0.8000000000000000400, 2.449212707644754900E-017, -4.000000000000000000 ) ) ;
#899 = VECTOR ( 'NONE', #900, 1000.000000000000000 ) ;
#900 = DIRECTION ( 'NONE',  ( -1.000000000000000000, 0.0000000000000000000, 0.0000000000000000000 ) ) ;
#901 = LINE ( 'NONE', #902, #903 ) ;
#902 = CARTESIAN_POINT ( 'NONE',  ( -0.7249999999999999800, 2.700000000000000200, -1.450000000000000000 ) ) ;
#903 = VECTOR ( 'NONE', #904, 1000.000000000000000 ) ;
#904 = DIRECTION ( 'NONE',  ( 0.0000000000000000000, 0.0000000000000000000, -1.000000000000000000 ) ) ;
#905 = CARTESIAN_POINT ( 'NONE',  ( 0.7249999999999999800, 3.149999999999999900, -1.899999999999999900 ) ) ;
#906 = VERTEX_POINT ( 'NONE', #885 ) ;
#907 = EDGE_CURVE ( 'NONE', #780, #889, #893, .T. ) ;
#908 = CARTESIAN_POINT ( 'NONE',  ( 0.8000000000000000400, 1.080000000000000100, -3.100000000000000100 ) ) ;
#909 = FACE_OUTER_BOUND ( 'NONE', #1450, .T. ) ;
#910 = PLANE ( 'NONE',  #911 ) ;
#911 = AXIS2_PLACEMENT_3D ( 'NONE', #912, #913, #914 ) ;
#912 = CARTESIAN_POINT ( 'NONE',  ( 0.8000000000000000400, 2.449212707644754900E-017, 4.000000000000000000 ) ) ;
#913 = DIRECTION ( 'NONE',  ( 0.0000000000000000000, 1.000000000000000000, 1.476803825833311900E-016 ) ) ;
#914 = DIRECTION ( 'NONE',  ( 0.0000000000000000000, -1.476803825833311900E-016, 1.000000000000000000 ) ) ;
#915 = LINE ( 'NONE', #916, #917 ) ;
#916 = CARTESIAN_POINT ( 'NONE',  ( -0.5500000000000000400, 2.700000000000000200, 0.04999999999999939900 ) ) ;
#917 = VECTOR ( 'NONE', #918, 1000.000000000000000 ) ;
#918 = DIRECTION ( 'NONE',  ( 1.000000000000000000, 0.0000000000000000000, 0.0000000000000000000 ) ) ;
#919 = LINE ( 'NONE', #920, #921 ) ;
#920 = CARTESIAN_POINT ( 'NONE',  ( -0.8000000000000000400, 1.080000000000000100, 3.100000000000000100 ) ) ;
#921 = VECTOR ( 'NONE', #922, 1000.000000000000000 ) ;
#922 = DIRECTION ( 'NONE',  ( 0.0000000000000000000, 0.0000000000000000000, -1.000000000000000000 ) ) ;
#923 = LINE ( 'NONE', #926, #927 ) ;
#924 = ORIENTED_EDGE ( 'NONE', *, *, #1360, .F. ) ;
#925 = ORIENTED_EDGE ( 'NONE', *, *, #1496, .T. ) ;
#926 = CARTESIAN_POINT ( 'NONE',  ( -0.5500000000000000400, 2.700000000000000200, -0.9499999999999999600 ) ) ;
#927 = VECTOR ( 'NONE', #928, 1000.000000000000000 ) ;
#928 = DIRECTION ( 'NONE',  ( -1.000000000000000000, 0.0000000000000000000, 0.0000000000000000000 ) ) ;
#929 = FACE_OUTER_BOUND ( 'NONE', #198, .T. ) ;
#930 = FACE_BOUND ( 'NONE', #82, .T. ) ;
#931 = COLOUR_RGB ( '',0.0000000000000000000, 0.0000000000000000000, 0.0000000000000000000 ) ;
#932 = FILL_AREA_STYLE_COLOUR ( '', #931 ) ;
#933 = FILL_AREA_STYLE ('',( #932 ) ) ;
#934 = SURFACE_STYLE_FILL_AREA ( #933 ) ;
#935 = SURFACE_SIDE_STYLE ('',( #934 ) ) ;
#936 = SURFACE_STYLE_USAGE ( .BOTH. , #935 ) ;
#937 = PRESENTATION_STYLE_ASSIGNMENT (( #936 ) ) ;
#938 = STYLED_ITEM ( 'NONE', ( #937 ), #104 ) ;
#939 = PRESENTATION_LAYER_ASSIGNMENT (  '', '', ( #938 ) ) ;
#940 = MECHANICAL_DESIGN_GEOMETRIC_PRESENTATION_REPRESENTATION (  '', ( #938 ), #949 ) ;
#941 =( LENGTH_UNIT ( ) NAMED_UNIT ( * ) SI_UNIT ( .MILLI., .METRE. ) );
#942 = ADVANCED_FACE ( 'NONE', ( #909 ), #910, .F. ) ;
#943 = EDGE_LOOP ( 'NONE', ( #1416, #130, #161, #173 ) ) ;
#944 = ORIENTED_EDGE ( 'NONE', *, *, #1503, .F. ) ;
#945 = ORIENTED_EDGE ( 'NONE', *, *, #1403, .T. ) ;
#946 =( NAMED_UNIT ( * ) PLANE_ANGLE_UNIT ( ) SI_UNIT ( $, .RADIAN. ) );
#947 =( NAMED_UNIT ( * ) SI_UNIT ( $, .STERADIAN. ) SOLID_ANGLE_UNIT ( ) );
#948 = UNCERTAINTY_MEASURE_WITH_UNIT (LENGTH_MEASURE( 1.000000000000000100E-005 ), #941, 'distance_accuracy_value', 'NONE');
#949 =( GEOMETRIC_REPRESENTATION_CONTEXT ( 3 ) GLOBAL_UNCERTAINTY_ASSIGNED_CONTEXT ( ( #948 ) ) GLOBAL_UNIT_ASSIGNED_CONTEXT ( ( #941, #946, #947 ) ) REPRESENTATION_CONTEXT ( 'NONE', 'WORKASPACE' ) );
#950 = PLANE ( 'NONE',  #951 ) ;
#951 = AXIS2_PLACEMENT_3D ( 'NONE', #952, #953, #954 ) ;
#952 = CARTESIAN_POINT ( 'NONE',  ( -1.740000000000000000, 3.149999999999999900, 3.100000000000000100 ) ) ;
#953 = DIRECTION ( 'NONE',  ( 0.0000000000000000000, 0.0000000000000000000, -1.000000000000000000 ) ) ;
#954 = DIRECTION ( 'NONE',  ( -1.000000000000000000, 0.0000000000000000000, 0.0000000000000000000 ) ) ;
#955 = FACE_OUTER_BOUND ( 'NONE', #180, .T. ) ;
#956 = PLANE ( 'NONE',  #957 ) ;
#957 = AXIS2_PLACEMENT_3D ( 'NONE', #958, #959, #960 ) ;
#958 = CARTESIAN_POINT ( 'NONE',  ( 0.8000000000000000400, 1.080000000000000100, -3.100000000000000100 ) ) ;
#959 = DIRECTION ( 'NONE',  ( -1.000000000000000000, 0.0000000000000000000, 0.0000000000000000000 ) ) ;
#960 = DIRECTION ( 'NONE',  ( 0.0000000000000000000, 0.0000000000000000000, -1.000000000000000000 ) ) ;
#961 = FACE_OUTER_BOUND ( 'NONE', #200, .T. ) ;
#962 = EDGE_LOOP ( 'NONE', ( #241, #105, #115, #1136 ) ) ;
#963 = ORIENTED_EDGE ( 'NONE', *, *, #1509, .F. ) ;
#964 = COLOUR_RGB ( '',0.0000000000000000000, 0.0000000000000000000, 0.0000000000000000000 ) ;
#965 = FILL_AREA_STYLE_COLOUR ( '', #964 ) ;
#966 = FILL_AREA_STYLE ('',( #965 ) ) ;
#967 = SURFACE_STYLE_FILL_AREA ( #966 ) ;
#968 = SURFACE_SIDE_STYLE ('',( #967 ) ) ;
#969 = SURFACE_STYLE_USAGE ( .BOTH. , #968 ) ;
#970 = PRESENTATION_STYLE_ASSIGNMENT (( #969 ) ) ;
#971 = STYLED_ITEM ( 'NONE', ( #970 ), #1454 ) ;
#972 = PRESENTATION_LAYER_ASSIGNMENT (  '', '', ( #971 ) ) ;
#973 = MECHANICAL_DESIGN_GEOMETRIC_PRESENTATION_REPRESENTATION (  '', ( #971 ), #978 ) ;
#974 =( LENGTH_UNIT ( ) NAMED_UNIT ( * ) SI_UNIT ( .MILLI., .METRE. ) );
#975 =( NAMED_UNIT ( * ) PLANE_ANGLE_UNIT ( ) SI_UNIT ( $, .RADIAN. ) );
#976 =( NAMED_UNIT ( * ) SI_UNIT ( $, .STERADIAN. ) SOLID_ANGLE_UNIT ( ) );
#977 = UNCERTAINTY_MEASURE_WITH_UNIT (LENGTH_MEASURE( 1.000000000000000100E-005 ), #974, 'distance_accuracy_value', 'NONE');
#978 =( GEOMETRIC_REPRESENTATION_CONTEXT ( 3 ) GLOBAL_UNCERTAINTY_ASSIGNED_CONTEXT ( ( #977 ) ) GLOBAL_UNIT_ASSIGNED_CONTEXT ( ( #974, #975, #976 ) ) REPRESENTATION_CONTEXT ( 'NONE', 'WORKASPACE' ) );
#979 = PLANE ( 'NONE',  #980 ) ;
#980 = AXIS2_PLACEMENT_3D ( 'NONE', #981, #982, #983 ) ;
#981 = CARTESIAN_POINT ( 'NONE',  ( -1.740000000000000000, 0.1499999999999999900, 3.100000000000000100 ) ) ;
#982 = DIRECTION ( 'NONE',  ( 0.0000000000000000000, 1.000000000000000000, 0.0000000000000000000 ) ) ;
#983 = DIRECTION ( 'NONE',  ( 0.0000000000000000000, 0.0000000000000000000, 1.000000000000000000 ) ) ;
#984 = LINE ( 'NONE', #985, #986 ) ;
#985 = CARTESIAN_POINT ( 'NONE',  ( 0.2500000000000000000, -1.084202172485503900E-016, -4.899999999999999500 ) ) ;
#986 = VECTOR ( 'NONE', #987, 1000.000000000000000 ) ;
#987 = DIRECTION ( 'NONE',  ( 0.0000000000000000000, 0.0000000000000000000, 1.000000000000000000 ) ) ;
#988 = CARTESIAN_POINT ( 'NONE',  ( -0.8000000000000000400, 0.5999999999999999800, -3.839230484541330300 ) ) ;
#989 = LINE ( 'NONE', #990, #991 ) ;
#990 = CARTESIAN_POINT ( 'NONE',  ( 0.2500000000000000000, -1.084202172485503900E-016, 4.899999999999999500 ) ) ;
#991 = VECTOR ( 'NONE', #992, 1000.000000000000000 ) ;
#992 = DIRECTION ( 'NONE',  ( 0.0000000000000000000, 0.0000000000000000000, -1.000000000000000000 ) ) ;
#993 = CARTESIAN_POINT ( 'NONE',  ( 0.7249999999999999800, 2.700000000000000200, -1.450000000000000000 ) ) ;
#994 = CARTESIAN_POINT ( 'NONE',  ( 0.2500000000000000000, 0.4000000000000000200, 4.151639368130074300 ) ) ;
#995 = LINE ( 'NONE', #996, #997 ) ;
#996 = CARTESIAN_POINT ( 'NONE',  ( 0.8000000000000000400, 1.080000000000000100, 3.710614872174395500 ) ) ;
#997 = VECTOR ( 'NONE', #998, 999.9999999999998900 ) ;
#998 = DIRECTION ( 'NONE',  ( 0.0000000000000000000, 0.9659258262890692000, -0.2588190451025176300 ) ) ;
#999 = CARTESIAN_POINT ( 'NONE',  ( -0.8000000000000000400, 1.330000000000000100, -3.100000000000000100 ) ) ;
#1000 = FACE_OUTER_BOUND ( 'NONE', #655, .T. ) ;
#1001 = FACE_BOUND ( 'NONE', #24, .T. ) ;
#1002 = COLOUR_RGB ( '',0.0000000000000000000, 0.0000000000000000000, 0.0000000000000000000 ) ;
#1003 = FILL_AREA_STYLE_COLOUR ( '', #1002 ) ;
#1004 = FILL_AREA_STYLE ('',( #1003 ) ) ;
#1005 = SURFACE_STYLE_FILL_AREA ( #1004 ) ;
#1006 = SURFACE_SIDE_STYLE ('',( #1005 ) ) ;
#1007 = SURFACE_STYLE_USAGE ( .BOTH. , #1006 ) ;
#1008 = PRESENTATION_STYLE_ASSIGNMENT (( #1007 ) ) ;
#1009 = STYLED_ITEM ( 'NONE', ( #1008 ), #108 ) ;
#1010 = PRESENTATION_LAYER_ASSIGNMENT (  '', '', ( #1009 ) ) ;
#1011 = MECHANICAL_DESIGN_GEOMETRIC_PRESENTATION_REPRESENTATION (  '', ( #1009 ), #1017 ) ;
#1012 = VERTEX_POINT ( 'NONE', #1023 ) ;
#1013 =( LENGTH_UNIT ( ) NAMED_UNIT ( * ) SI_UNIT ( .MILLI., .METRE. ) );
#1014 =( NAMED_UNIT ( * ) PLANE_ANGLE_UNIT ( ) SI_UNIT ( $, .RADIAN. ) );
#1015 =( NAMED_UNIT ( * ) SI_UNIT ( $, .STERADIAN. ) SOLID_ANGLE_UNIT ( ) );
#1016 = UNCERTAINTY_MEASURE_WITH_UNIT (LENGTH_MEASURE( 1.000000000000000100E-005 ), #1013, 'distance_accuracy_value', 'NONE');
#1017 =( GEOMETRIC_REPRESENTATION_CONTEXT ( 3 ) GLOBAL_UNCERTAINTY_ASSIGNED_CONTEXT ( ( #1016 ) ) GLOBAL_UNIT_ASSIGNED_CONTEXT ( ( #1013, #1014, #1015 ) ) REPRESENTATION_CONTEXT ( 'NONE', 'WORKASPACE' ) );
#1018 = PLANE ( 'NONE',  #1019 ) ;
#1019 = AXIS2_PLACEMENT_3D ( 'NONE', #1020, #1021, #1022 ) ;
#1020 = CARTESIAN_POINT ( 'NONE',  ( -0.7249999999999999800, 2.700000000000000200, -1.450000000000000000 ) ) ;
#1021 = DIRECTION ( 'NONE',  ( 0.0000000000000000000, -1.000000000000000000, 0.0000000000000000000 ) ) ;
#1022 = DIRECTION ( 'NONE',  ( 0.0000000000000000000, 0.0000000000000000000, -1.000000000000000000 ) ) ;
#1023 = CARTESIAN_POINT ( 'NONE',  ( 0.8000000000000000400, 0.5999999999999999800, 4.098049529643850200 ) ) ;
#1024 = LINE ( 'NONE', #1025, #1026 ) ;
#1025 = CARTESIAN_POINT ( 'NONE',  ( 0.4375331250404349600, 0.1499879545307512000, 3.959810848709090200 ) ) ;
#1026 = VECTOR ( 'NONE', #1027, 1000.000000000000000 ) ;
#1027 = DIRECTION ( 'NONE',  ( 0.9358779346557388700, -0.3403192489657229600, 0.09118826792913038700 ) ) ;
#1028 = CARTESIAN_POINT ( 'NONE',  ( -0.2500000000000000000, 0.2500000000000000000, -4.191831746994739500 ) ) ;
#1029 = ADVANCED_FACE ( 'NONE', ( #1030 ), #1031, .T. ) ;
#1030 = FACE_OUTER_BOUND ( 'NONE', #1153, .T. ) ;
#1031 = PLANE ( 'NONE',  #1032 ) ;
#1032 = AXIS2_PLACEMENT_3D ( 'NONE', #1033, #1034, #1035 ) ;
#1033 = CARTESIAN_POINT ( 'NONE',  ( -0.8000000000000000400, 1.080000000000000100, -3.100000000000000100 ) ) ;
#1034 = DIRECTION ( 'NONE',  ( -1.000000000000000000, 0.0000000000000000000, 0.0000000000000000000 ) ) ;
#1035 = DIRECTION ( 'NONE',  ( 0.0000000000000000000, 0.0000000000000000000, -1.000000000000000000 ) ) ;
#1036 = LINE ( 'NONE', #1037, #1038 ) ;
#1037 = CARTESIAN_POINT ( 'NONE',  ( -1.740000000000000000, 0.1499999999999999900, -3.100000000000000100 ) ) ;
#1038 = VECTOR ( 'NONE', #1039, 1000.000000000000000 ) ;
#1039 = DIRECTION ( 'NONE',  ( 0.0000000000000000000, 0.0000000000000000000, 1.000000000000000000 ) ) ;
#1040 = FACE_OUTER_BOUND ( 'NONE', #187, .T. ) ;
#1041 = PLANE ( 'NONE',  #1042 ) ;
#1042 = AXIS2_PLACEMENT_3D ( 'NONE', #1043, #1044, #1045 ) ;
#1043 = CARTESIAN_POINT ( 'NONE',  ( 0.8000000000000000400, 1.080000000000000100, 3.710614872174395500 ) ) ;
#1044 = DIRECTION ( 'NONE',  ( 0.0000000000000000000, 0.2588190451025175800, 0.9659258262890692000 ) ) ;
#1045 = DIRECTION ( 'NONE',  ( 0.0000000000000000000, -0.9659258262890692000, 0.2588190451025175800 ) ) ;
#1046 = LINE ( 'NONE', #1047, #1048 ) ;
#1047 = CARTESIAN_POINT ( 'NONE',  ( 0.8000000000000000400, 1.330000000000000100, -3.100000000000000100 ) ) ;
#1048 = VECTOR ( 'NONE', #1049, 1000.000000000000000 ) ;
#1049 = DIRECTION ( 'NONE',  ( 0.0000000000000000000, 1.000000000000000000, 0.0000000000000000000 ) ) ;
#1050 = CARTESIAN_POINT ( 'NONE',  ( -0.2500000000000000000, -1.696505349396695000E-016, -4.000000000000000000 ) ) ;
#1051 = LINE ( 'NONE', #1052, #1053 ) ;
#1052 = CARTESIAN_POINT ( 'NONE',  ( -0.2500000000000000000, 1.080000000000000100, -3.710614872174395500 ) ) ;
#1053 = VECTOR ( 'NONE', #1054, 999.9999999999998900 ) ;
#1054 = DIRECTION ( 'NONE',  ( 0.0000000000000000000, 0.9659258262890692000, 0.2588190451025176300 ) ) ;
#1055 = LINE ( 'NONE', #1056, #1057 ) ;
#1056 = CARTESIAN_POINT ( 'NONE',  ( -0.8000000000000000400, 1.330000000000000100, -3.902446619169135400 ) ) ;
#1057 = VECTOR ( 'NONE', #1058, 999.9999999999998900 ) ;
#1058 = DIRECTION ( 'NONE',  ( 0.0000000000000000000, -0.9659258262890692000, -0.2588190451025176300 ) ) ;
#1059 = CARTESIAN_POINT ( 'NONE',  ( 0.8000000000000000400, 0.5999999999999999800, -4.098049529643850200 ) ) ;
#1060 = CARTESIAN_POINT ( 'NONE',  ( 0.8000000000000000400, 1.080000000000000100, 3.100000000000000100 ) ) ;
#1061 = FACE_OUTER_BOUND ( 'NONE', #1325, .T. ) ;
#1062 = COLOUR_RGB ( '',0.0000000000000000000, 0.0000000000000000000, 0.0000000000000000000 ) ;
#1063 = FILL_AREA_STYLE_COLOUR ( '', #1062 ) ;
#1064 = FILL_AREA_STYLE ('',( #1063 ) ) ;
#1065 = SURFACE_STYLE_FILL_AREA ( #1064 ) ;
#1066 = SURFACE_SIDE_STYLE ('',( #1065 ) ) ;
#1067 = SURFACE_STYLE_USAGE ( .BOTH. , #1066 ) ;
#1068 = PRESENTATION_STYLE_ASSIGNMENT (( #1067 ) ) ;
#1069 = STYLED_ITEM ( 'NONE', ( #1068 ), #1081 ) ;
#1070 = PRESENTATION_LAYER_ASSIGNMENT (  '', '', ( #1069 ) ) ;
#1071 = MECHANICAL_DESIGN_GEOMETRIC_PRESENTATION_REPRESENTATION (  '', ( #1069 ), #1076 ) ;
#1072 =( LENGTH_UNIT ( ) NAMED_UNIT ( * ) SI_UNIT ( .MILLI., .METRE. ) );
#1073 =( NAMED_UNIT ( * ) PLANE_ANGLE_UNIT ( ) SI_UNIT ( $, .RADIAN. ) );
#1074 =( NAMED_UNIT ( * ) SI_UNIT ( $, .STERADIAN. ) SOLID_ANGLE_UNIT ( ) );
#1075 = UNCERTAINTY_MEASURE_WITH_UNIT (LENGTH_MEASURE( 1.000000000000000100E-005 ), #1072, 'distance_accuracy_value', 'NONE');
#1076 =( GEOMETRIC_REPRESENTATION_CONTEXT ( 3 ) GLOBAL_UNCERTAINTY_ASSIGNED_CONTEXT ( ( #1075 ) ) GLOBAL_UNIT_ASSIGNED_CONTEXT ( ( #1072, #1073, #1074 ) ) REPRESENTATION_CONTEXT ( 'NONE', 'WORKASPACE' ) );
#1077 = PLANE ( 'NONE',  #1082 ) ;
#1078 = EDGE_LOOP ( 'NONE', ( #1173, #231, #1409, #19, #1505, #89, #234, #1438 ) ) ;
#1079 = EDGE_LOOP ( 'NONE', ( #814, #1517, #818, #1155 ) ) ;
#1080 = ORIENTED_EDGE ( 'NONE', *, *, #87, .T. ) ;
#1081 = ADVANCED_FACE ( 'NONE', ( #1061 ), #1077, .T. ) ;
#1082 = AXIS2_PLACEMENT_3D ( 'NONE', #1083, #1084, #1085 ) ;
#1083 = CARTESIAN_POINT ( 'NONE',  ( -0.7249999999999999800, 1.250000000000000000, -2.813208176068344500E-016 ) ) ;
#1084 = DIRECTION ( 'NONE',  ( 1.000000000000000000, 0.0000000000000000000, 0.0000000000000000000 ) ) ;
#1085 = DIRECTION ( 'NONE',  ( 0.0000000000000000000, 0.0000000000000000000, -1.000000000000000000 ) ) ;
#1086 = LINE ( 'NONE', #1087, #1088 ) ;
#1087 = CARTESIAN_POINT ( 'NONE',  ( 0.8000000000000000400, 0.2500000000000000000, 4.899999999999999500 ) ) ;
#1088 = VECTOR ( 'NONE', #1089, 1000.000000000000000 ) ;
#1089 = DIRECTION ( 'NONE',  ( -1.000000000000000000, 0.0000000000000000000, 0.0000000000000000000 ) ) ;
#1090 = FACE_OUTER_BOUND ( 'NONE', #962, .T. ) ;
#1091 = PLANE ( 'NONE',  #1092 ) ;
#1092 = AXIS2_PLACEMENT_3D ( 'NONE', #1093, #1094, #1095 ) ;
#1093 = CARTESIAN_POINT ( 'NONE',  ( 0.8000000000000000400, 0.2500000000000000000, 4.191831746994739500 ) ) ;
#1094 = DIRECTION ( 'NONE',  ( 0.0000000000000000000, -1.000000000000000000, -2.296492749889170200E-016 ) ) ;
#1095 = DIRECTION ( 'NONE',  ( 0.0000000000000000000, 2.296492749889170200E-016, -1.000000000000000000 ) ) ;
#1096 = FACE_OUTER_BOUND ( 'NONE', #196, .T. ) ;
#1097 = COLOUR_RGB ( '',0.0000000000000000000, 0.0000000000000000000, 0.0000000000000000000 ) ;
#1098 = ORIENTED_EDGE ( 'NONE', *, *, #385, .T. ) ;
#1099 = EDGE_LOOP ( 'NONE', ( #760, #220, #76, #116 ) ) ;
#1100 = FILL_AREA_STYLE_COLOUR ( '', #1097 ) ;
#1101 = FILL_AREA_STYLE ('',( #1100 ) ) ;
#1102 = SURFACE_STYLE_FILL_AREA ( #1101 ) ;
#1103 = SURFACE_SIDE_STYLE ('',( #1102 ) ) ;
#1104 = SURFACE_STYLE_USAGE ( .BOTH. , #1103 ) ;
#1105 = PRESENTATION_STYLE_ASSIGNMENT (( #1104 ) ) ;
#1106 = STYLED_ITEM ( 'NONE', ( #1105 ), #216 ) ;
#1107 = PRESENTATION_LAYER_ASSIGNMENT (  '', '', ( #1106 ) ) ;
#1108 = MECHANICAL_DESIGN_GEOMETRIC_PRESENTATION_REPRESENTATION (  '', ( #1106 ), #1113 ) ;
#1109 =( LENGTH_UNIT ( ) NAMED_UNIT ( * ) SI_UNIT ( .MILLI., .METRE. ) );
#1110 =( NAMED_UNIT ( * ) PLANE_ANGLE_UNIT ( ) SI_UNIT ( $, .RADIAN. ) );
#1111 =( NAMED_UNIT ( * ) SI_UNIT ( $, .STERADIAN. ) SOLID_ANGLE_UNIT ( ) );
#1112 = UNCERTAINTY_MEASURE_WITH_UNIT (LENGTH_MEASURE( 1.000000000000000100E-005 ), #1109, 'distance_accuracy_value', 'NONE');
#1113 =( GEOMETRIC_REPRESENTATION_CONTEXT ( 3 ) GLOBAL_UNCERTAINTY_ASSIGNED_CONTEXT ( ( #1112 ) ) GLOBAL_UNIT_ASSIGNED_CONTEXT ( ( #1109, #1110, #1111 ) ) REPRESENTATION_CONTEXT ( 'NONE', 'WORKASPACE' ) );
#1114 = PLANE ( 'NONE',  #1115 ) ;
#1115 = AXIS2_PLACEMENT_3D ( 'NONE', #1120, #1121, #1122 ) ;
#1116 = ADVANCED_FACE ( 'NONE', ( #1090 ), #1091, .F. ) ;
#1117 = ADVANCED_FACE ( 'NONE', ( #1123 ), #1124, .T. ) ;
#1118 = EDGE_CURVE ( 'NONE', #63, #98, #1129, .T. ) ;
#1119 = EDGE_CURVE ( 'NONE', #442, #1520, #1133, .T. ) ;
#1120 = CARTESIAN_POINT ( 'NONE',  ( 1.740000000000000000, 3.149999999999999900, -3.100000000000000100 ) ) ;
#1121 = DIRECTION ( 'NONE',  ( -1.000000000000000000, 0.0000000000000000000, 0.0000000000000000000 ) ) ;
#1122 = DIRECTION ( 'NONE',  ( 0.0000000000000000000, 0.0000000000000000000, 1.000000000000000000 ) ) ;
#1123 = FACE_OUTER_BOUND ( 'NONE', #70, .T. ) ;
#1124 = PLANE ( 'NONE',  #1125 ) ;
#1125 = AXIS2_PLACEMENT_3D ( 'NONE', #1126, #1127, #1128 ) ;
#1126 = CARTESIAN_POINT ( 'NONE',  ( -0.8000000000000000400, 1.080000000000000100, 3.100000000000000100 ) ) ;
#1127 = DIRECTION ( 'NONE',  ( -1.000000000000000000, 0.0000000000000000000, 0.0000000000000000000 ) ) ;
#1128 = DIRECTION ( 'NONE',  ( 0.0000000000000000000, 0.0000000000000000000, 1.000000000000000000 ) ) ;
#1129 = LINE ( 'NONE', #1130, #1131 ) ;
#1130 = CARTESIAN_POINT ( 'NONE',  ( -0.5500000000000000400, 4.636606874731850100, -0.9499999999999999600 ) ) ;
#1131 = VECTOR ( 'NONE', #1132, 1000.000000000000000 ) ;
#1132 = DIRECTION ( 'NONE',  ( 0.0000000000000000000, -1.000000000000000000, 0.0000000000000000000 ) ) ;
#1133 = LINE ( 'NONE', #1134, #1135 ) ;
#1134 = CARTESIAN_POINT ( 'NONE',  ( 0.8000000000000000400, 1.080000000000000100, 3.710614872174395500 ) ) ;
#1135 = VECTOR ( 'NONE', #1137, 1000.000000000000000 ) ;
#1136 = ORIENTED_EDGE ( 'NONE', *, *, #100, .T. ) ;
#1137 = DIRECTION ( 'NONE',  ( -1.000000000000000000, 0.0000000000000000000, 0.0000000000000000000 ) ) ;
#1138 = CARTESIAN_POINT ( 'NONE',  ( 0.7249999999999999800, 2.700000000000000200, 1.450000000000000000 ) ) ;
#1139 = CARTESIAN_POINT ( 'NONE',  ( 0.2500000000000000000, 0.2500000000000000000, 4.899999999999999500 ) ) ;
#1140 = CARTESIAN_POINT ( 'NONE',  ( -0.2500000000000000000, -1.696505349396695000E-016, 4.899999999999999500 ) ) ;
#1141 = LINE ( 'NONE', #1142, #1143 ) ;
#1142 = CARTESIAN_POINT ( 'NONE',  ( 1.740000000000000000, 0.1499999999999999900, -3.100000000000000100 ) ) ;
#1143 = VECTOR ( 'NONE', #1144, 1000.000000000000000 ) ;
#1144 = DIRECTION ( 'NONE',  ( 0.0000000000000000000, 0.0000000000000000000, -1.000000000000000000 ) ) ;
#1145 = CARTESIAN_POINT ( 'NONE',  ( -1.740000000000000000, 0.1499999999999999900, 3.100000000000000100 ) ) ;
#1146 = CARTESIAN_POINT ( 'NONE',  ( 0.2500000000000000000, -1.084202172485503900E-016, -4.899999999999999500 ) ) ;
#1147 = LINE ( 'NONE', #1148, #1149 ) ;
#1148 = CARTESIAN_POINT ( 'NONE',  ( 0.2500000000000000000, 1.080000000000000100, -3.710614872174395500 ) ) ;
#1149 = VECTOR ( 'NONE', #1150, 999.9999999999998900 ) ;
#1150 = DIRECTION ( 'NONE',  ( 2.618147198306160800E-016, -0.9659258262890692000, -0.2588190451025176300 ) ) ;
#1151 = FACE_OUTER_BOUND ( 'NONE', #106, .T. ) ;
#1152 = COLOUR_RGB ( '',0.0000000000000000000, 0.0000000000000000000, 0.0000000000000000000 ) ;
#1153 = EDGE_LOOP ( 'NONE', ( #43, #48, #94, #743, #816, #723 ) ) ;
#1154 = ORIENTED_EDGE ( 'NONE', *, *, #167, .F. ) ;
#1155 = ORIENTED_EDGE ( 'NONE', *, *, #16, .F. ) ;
#1156 = ORIENTED_EDGE ( 'NONE', *, *, #29, .T. ) ;
#1157 = FILL_AREA_STYLE_COLOUR ( '', #1152 ) ;
#1158 = FILL_AREA_STYLE ('',( #1157 ) ) ;
#1159 = SURFACE_STYLE_FILL_AREA ( #1158 ) ;
#1160 = SURFACE_SIDE_STYLE ('',( #1159 ) ) ;
#1161 = SURFACE_STYLE_USAGE ( .BOTH. , #1160 ) ;
#1162 = PRESENTATION_STYLE_ASSIGNMENT (( #1161 ) ) ;
#1163 = STYLED_ITEM ( 'NONE', ( #1162 ), #1209 ) ;
#1164 = PRESENTATION_LAYER_ASSIGNMENT (  '', '', ( #1163 ) ) ;
#1165 = MECHANICAL_DESIGN_GEOMETRIC_PRESENTATION_REPRESENTATION (  '', ( #1163 ), #1170 ) ;
#1166 =( LENGTH_UNIT ( ) NAMED_UNIT ( * ) SI_UNIT ( .MILLI., .METRE. ) );
#1167 =( NAMED_UNIT ( * ) PLANE_ANGLE_UNIT ( ) SI_UNIT ( $, .RADIAN. ) );
#1168 =( NAMED_UNIT ( * ) SI_UNIT ( $, .STERADIAN. ) SOLID_ANGLE_UNIT ( ) );
#1169 = UNCERTAINTY_MEASURE_WITH_UNIT (LENGTH_MEASURE( 1.000000000000000100E-005 ), #1166, 'distance_accuracy_value', 'NONE');
#1170 =( GEOMETRIC_REPRESENTATION_CONTEXT ( 3 ) GLOBAL_UNCERTAINTY_ASSIGNED_CONTEXT ( ( #1169 ) ) GLOBAL_UNIT_ASSIGNED_CONTEXT ( ( #1166, #1167, #1168 ) ) REPRESENTATION_CONTEXT ( 'NONE', 'WORKASPACE' ) );
#1171 = PLANE ( 'NONE',  #1172 ) ;
#1172 = AXIS2_PLACEMENT_3D ( 'NONE', #1176, #1177, #1178 ) ;
#1173 = ORIENTED_EDGE ( 'NONE', *, *, #31, .F. ) ;
#1174 = EDGE_CURVE ( 'NONE', #224, #137, #1141, .T. ) ;
#1175 = VERTEX_POINT ( 'NONE', #1145 ) ;
#1176 = CARTESIAN_POINT ( 'NONE',  ( -0.7249999999999999800, 3.149999999999999900, -1.899999999999999900 ) ) ;
#1177 = DIRECTION ( 'NONE',  ( 0.0000000000000000000, -0.7071067811865475700, -0.7071067811865475700 ) ) ;
#1178 = DIRECTION ( 'NONE',  ( 0.0000000000000000000, 0.7071067811865475700, -0.7071067811865475700 ) ) ;
#1179 = LINE ( 'NONE', #1180, #1181 ) ;
#1180 = CARTESIAN_POINT ( 'NONE',  ( 0.2500000000000000000, 0.4000000000000000200, 4.899999999999999500 ) ) ;
#1181 = VECTOR ( 'NONE', #1182, 1000.000000000000000 ) ;
#1182 = DIRECTION ( 'NONE',  ( 2.710505431213760100E-016, -1.000000000000000000, 0.0000000000000000000 ) ) ;
#1183 = CARTESIAN_POINT ( 'NONE',  ( -0.7249999999999999800, 2.700000000000000200, 1.450000000000000000 ) ) ;
#1184 = LINE ( 'NONE', #1185, #1186 ) ;
#1185 = CARTESIAN_POINT ( 'NONE',  ( 0.8000000000000000400, 0.5999999999999999800, 3.100000000000000100 ) ) ;
#1186 = VECTOR ( 'NONE', #1187, 1000.000000000000000 ) ;
#1187 = DIRECTION ( 'NONE',  ( 0.0000000000000000000, 0.0000000000000000000, 1.000000000000000000 ) ) ;
#1188 = LINE ( 'NONE', #1189, #1190 ) ;
#1189 = CARTESIAN_POINT ( 'NONE',  ( 0.8000000000000000400, 1.330000000000000100, -3.100000000000000100 ) ) ;
#1190 = VECTOR ( 'NONE', #1191, 1000.000000000000000 ) ;
#1191 = DIRECTION ( 'NONE',  ( -1.000000000000000000, 0.0000000000000000000, 0.0000000000000000000 ) ) ;
#1192 = LINE ( 'NONE', #1193, #1194 ) ;
#1193 = CARTESIAN_POINT ( 'NONE',  ( -1.740000000000000000, 3.149999999999999900, 3.100000000000000100 ) ) ;
#1194 = VECTOR ( 'NONE', #1195, 1000.000000000000000 ) ;
#1195 = DIRECTION ( 'NONE',  ( 0.0000000000000000000, -1.000000000000000000, 0.0000000000000000000 ) ) ;
#1196 = LINE ( 'NONE', #1197, #1198 ) ;
#1197 = CARTESIAN_POINT ( 'NONE',  ( 0.8000000000000000400, 1.330000000000000100, -3.902446619169135400 ) ) ;
#1198 = VECTOR ( 'NONE', #1199, 1000.000000000000000 ) ;
#1199 = DIRECTION ( 'NONE',  ( -1.000000000000000000, 0.0000000000000000000, 0.0000000000000000000 ) ) ;
#1200 = LINE ( 'NONE', #1201, #1202 ) ;
#1201 = CARTESIAN_POINT ( 'NONE',  ( -0.8000000000000000400, 1.330000000000000100, 3.902446619169135400 ) ) ;
#1202 = VECTOR ( 'NONE', #1203, 999.9999999999998900 ) ;
#1203 = DIRECTION ( 'NONE',  ( 0.0000000000000000000, -0.9659258262890692000, 0.2588190451025176300 ) ) ;
#1204 = CARTESIAN_POINT ( 'NONE',  ( -0.2500000000000000000, 0.4000000000000000200, -3.892820323027555300 ) ) ;
#1205 = LINE ( 'NONE', #1206, #1207 ) ;
#1206 = CARTESIAN_POINT ( 'NONE',  ( -0.7249999999999999800, 3.149999999999999900, 1.899999999999999900 ) ) ;
#1207 = VECTOR ( 'NONE', #1210, 1000.000000000000100 ) ;
#1208 = ORIENTED_EDGE ( 'NONE', *, *, #1441, .F. ) ;
#1209 = ADVANCED_FACE ( 'NONE', ( #1151 ), #1171, .F. ) ;
#1210 = DIRECTION ( 'NONE',  ( 0.0000000000000000000, -0.7071067811865474600, -0.7071067811865474600 ) ) ;
#1211 = LINE ( 'NONE', #1212, #1213 ) ;
#1212 = CARTESIAN_POINT ( 'NONE',  ( -1.740000000000000000, 0.1499999999999999900, -3.100000000000000100 ) ) ;
#1213 = VECTOR ( 'NONE', #1214, 1000.000000000000000 ) ;
#1214 = DIRECTION ( 'NONE',  ( -1.000000000000000000, 0.0000000000000000000, 0.0000000000000000000 ) ) ;
#1215 = CARTESIAN_POINT ( 'NONE',  ( -0.8000000000000000400, 1.080000000000000100, -3.100000000000000100 ) ) ;
#1216 = CARTESIAN_POINT ( 'NONE',  ( 1.740000000000000000, 0.1499999999999999900, -3.100000000000000100 ) ) ;
#1217 = LINE ( 'NONE', #1218, #1219 ) ;
#1218 = CARTESIAN_POINT ( 'NONE',  ( -0.5500000000000000400, 3.050000000000000300, 0.04999999999999939900 ) ) ;
#1219 = VECTOR ( 'NONE', #1220, 1000.000000000000000 ) ;
#1220 = DIRECTION ( 'NONE',  ( 1.000000000000000000, 0.0000000000000000000, 0.0000000000000000000 ) ) ;
#1221 = CARTESIAN_POINT ( 'NONE',  ( -0.2500000000000000000, 0.2500000000000000000, 4.899999999999999500 ) ) ;
#1222 = FACE_OUTER_BOUND ( 'NONE', #1519, .T. ) ;
#1223 = PLANE ( 'NONE',  #1224 ) ;
#1224 = AXIS2_PLACEMENT_3D ( 'NONE', #1225, #1227, #1228 ) ;
#1225 = CARTESIAN_POINT ( 'NONE',  ( -0.2500000000000000000, 0.4000000000000000200, 4.899999999999999500 ) ) ;
#1226 = EDGE_CURVE ( 'NONE', #1480, #513, #1179, .T. ) ;
#1227 = DIRECTION ( 'NONE',  ( -1.000000000000000000, 0.0000000000000000000, 0.0000000000000000000 ) ) ;
#1228 = DIRECTION ( 'NONE',  ( 0.0000000000000000000, 0.0000000000000000000, 1.000000000000000000 ) ) ;
#1229 = LINE ( 'NONE', #1230, #1231 ) ;
#1230 = CARTESIAN_POINT ( 'NONE',  ( 0.2500000000000000000, 1.330000000000000100, -3.902446619169135400 ) ) ;
#1231 = VECTOR ( 'NONE', #1232, 999.9999999999998900 ) ;
#1232 = DIRECTION ( 'NONE',  ( -2.618147198306160800E-016, 0.9659258262890692000, 0.2588190451025176300 ) ) ;
#1233 = LINE ( 'NONE', #1234, #1235 ) ;
#1234 = CARTESIAN_POINT ( 'NONE',  ( -1.740000000000000000, 3.149999999999999900, -3.100000000000000100 ) ) ;
#1235 = VECTOR ( 'NONE', #1236, 1000.000000000000000 ) ;
#1236 = DIRECTION ( 'NONE',  ( 0.0000000000000000000, -1.000000000000000000, 0.0000000000000000000 ) ) ;
#1237 = LINE ( 'NONE', #1238, #1239 ) ;
#1238 = CARTESIAN_POINT ( 'NONE',  ( 0.9638548886803520700, 0.6595835958837640300, 3.823265108142135400 ) ) ;
#1239 = VECTOR ( 'NONE', #1240, 1000.000000000000000 ) ;
#1240 = DIRECTION ( 'NONE',  ( 0.9358779346557388700, 0.3403192489657229600, -0.09118826792913048400 ) ) ;
#1241 = CARTESIAN_POINT ( 'NONE',  ( 0.5500000000000000400, 3.050000000000000300, -0.9499999999999999600 ) ) ;
#1242 = FACE_OUTER_BOUND ( 'NONE', #441, .T. ) ;
#1243 = ORIENTED_EDGE ( 'NONE', *, *, #29, .F. ) ;
#1244 = PLANE ( 'NONE',  #1245 ) ;
#1245 = AXIS2_PLACEMENT_3D ( 'NONE', #1246, #1247, #1248 ) ;
#1246 = CARTESIAN_POINT ( 'NONE',  ( 0.8000000000000000400, 1.080000000000000100, -3.100000000000000100 ) ) ;
#1247 = DIRECTION ( 'NONE',  ( 0.0000000000000000000, -1.000000000000000000, 0.0000000000000000000 ) ) ;
#1248 = DIRECTION ( 'NONE',  ( 0.0000000000000000000, 0.0000000000000000000, -1.000000000000000000 ) ) ;
#1249 = FACE_OUTER_BOUND ( 'NONE', #329, .T. ) ;
#1250 = COLOUR_RGB ( '',0.0000000000000000000, 0.0000000000000000000, 0.0000000000000000000 ) ;
#1251 = FILL_AREA_STYLE_COLOUR ( '', #1250 ) ;
#1252 = FILL_AREA_STYLE ('',( #1251 ) ) ;
#1253 = SURFACE_STYLE_FILL_AREA ( #1252 ) ;
#1254 = SURFACE_SIDE_STYLE ('',( #1253 ) ) ;
#1255 = SURFACE_STYLE_USAGE ( .BOTH. , #1254 ) ;
#1256 = PRESENTATION_STYLE_ASSIGNMENT (( #1255 ) ) ;
#1257 = STYLED_ITEM ( 'NONE', ( #1256 ), #149 ) ;
#1258 = PRESENTATION_LAYER_ASSIGNMENT (  '', '', ( #1257 ) ) ;
#1259 = MECHANICAL_DESIGN_GEOMETRIC_PRESENTATION_REPRESENTATION (  '', ( #1257 ), #1265 ) ;
#1260 = ORIENTED_EDGE ( 'NONE', *, *, #72, .T. ) ;
#1261 =( LENGTH_UNIT ( ) NAMED_UNIT ( * ) SI_UNIT ( .MILLI., .METRE. ) );
#1262 =( NAMED_UNIT ( * ) PLANE_ANGLE_UNIT ( ) SI_UNIT ( $, .RADIAN. ) );
#1263 =( NAMED_UNIT ( * ) SI_UNIT ( $, .STERADIAN. ) SOLID_ANGLE_UNIT ( ) );
#1264 = UNCERTAINTY_MEASURE_WITH_UNIT (LENGTH_MEASURE( 1.000000000000000100E-005 ), #1261, 'distance_accuracy_value', 'NONE');
#1265 =( GEOMETRIC_REPRESENTATION_CONTEXT ( 3 ) GLOBAL_UNCERTAINTY_ASSIGNED_CONTEXT ( ( #1264 ) ) GLOBAL_UNIT_ASSIGNED_CONTEXT ( ( #1261, #1262, #1263 ) ) REPRESENTATION_CONTEXT ( 'NONE', 'WORKASPACE' ) );
#1266 = PLANE ( 'NONE',  #1267 ) ;
#1267 = AXIS2_PLACEMENT_3D ( 'NONE', #1268, #1269, #1270 ) ;
#1268 = CARTESIAN_POINT ( 'NONE',  ( 0.7249999999999999800, 1.250000000000000000, -2.813208176068344500E-016 ) ) ;
#1269 = DIRECTION ( 'NONE',  ( 1.000000000000000000, 0.0000000000000000000, 0.0000000000000000000 ) ) ;
#1270 = DIRECTION ( 'NONE',  ( 0.0000000000000000000, 0.0000000000000000000, -1.000000000000000000 ) ) ;
#1271 = LINE ( 'NONE', #1272, #1273 ) ;
#1272 = CARTESIAN_POINT ( 'NONE',  ( -0.7249999999999999800, 3.149999999999999900, 1.899999999999999900 ) ) ;
#1273 = VECTOR ( 'NONE', #1274, 1000.000000000000000 ) ;
#1274 = DIRECTION ( 'NONE',  ( 1.000000000000000000, 0.0000000000000000000, 0.0000000000000000000 ) ) ;
#1275 = LINE ( 'NONE', #1276, #1277 ) ;
#1276 = CARTESIAN_POINT ( 'NONE',  ( 0.5500000000000000400, 2.700000000000000200, -0.9499999999999999600 ) ) ;
#1277 = VECTOR ( 'NONE', #1278, 1000.000000000000000 ) ;
#1278 = DIRECTION ( 'NONE',  ( 0.0000000000000000000, 0.0000000000000000000, -1.000000000000000000 ) ) ;
#1279 = FACE_OUTER_BOUND ( 'NONE', #1423, .T. ) ;
#1280 = PLANE ( 'NONE',  #1281 ) ;
#1281 = AXIS2_PLACEMENT_3D ( 'NONE', #1282, #1283, #1284 ) ;
#1282 = CARTESIAN_POINT ( 'NONE',  ( 0.8000000000000000400, 0.2500000000000000000, -4.191831746994739500 ) ) ;
#1283 = DIRECTION ( 'NONE',  ( 0.0000000000000000000, 1.000000000000000000, -2.296492749889170200E-016 ) ) ;
#1284 = DIRECTION ( 'NONE',  ( 0.0000000000000000000, 2.296492749889170200E-016, 1.000000000000000000 ) ) ;
#1285 = LINE ( 'NONE', #1286, #1287 ) ;
#1286 = CARTESIAN_POINT ( 'NONE',  ( 0.8000000000000000400, -1.084202172485503900E-016, -4.899999999999999500 ) ) ;
#1287 = VECTOR ( 'NONE', #1288, 1000.000000000000000 ) ;
#1288 = DIRECTION ( 'NONE',  ( -1.000000000000000000, 0.0000000000000000000, 0.0000000000000000000 ) ) ;
#1289 = LINE ( 'NONE', #1290, #1291 ) ;
#1290 = CARTESIAN_POINT ( 'NONE',  ( 0.8000000000000000400, 1.330000000000000100, 3.902446619169135400 ) ) ;
#1291 = VECTOR ( 'NONE', #1292, 1000.000000000000000 ) ;
#1292 = DIRECTION ( 'NONE',  ( -1.000000000000000000, 0.0000000000000000000, 0.0000000000000000000 ) ) ;
#1293 = FACE_OUTER_BOUND ( 'NONE', #204, .T. ) ;
#1294 = PLANE ( 'NONE',  #1295 ) ;
#1295 = AXIS2_PLACEMENT_3D ( 'NONE', #1296, #1297, #1298 ) ;
#1296 = CARTESIAN_POINT ( 'NONE',  ( 0.8000000000000000400, 0.5999999999999999800, 4.899999999999999500 ) ) ;
#1297 = DIRECTION ( 'NONE',  ( 0.3417430630867041000, -0.9397934234884372000, 0.0000000000000000000 ) ) ;
#1298 = DIRECTION ( 'NONE',  ( 0.9397934234884372000, 0.3417430630867041000, 0.0000000000000000000 ) ) ;
#1299 = FACE_OUTER_BOUND ( 'NONE', #154, .T. ) ;
#1300 = COLOUR_RGB ( '',1.000000000000000000, 1.000000000000000000, 1.000000000000000000 ) ;
#1301 = FILL_AREA_STYLE_COLOUR ( '', #1300 ) ;
#1302 = FILL_AREA_STYLE ('',( #1301 ) ) ;
#1303 = SURFACE_STYLE_FILL_AREA ( #1302 ) ;
#1304 = SURFACE_SIDE_STYLE ('',( #1303 ) ) ;
#1305 = SURFACE_STYLE_USAGE ( .BOTH. , #1304 ) ;
#1306 = PRESENTATION_STYLE_ASSIGNMENT (( #1305 ) ) ;
#1307 = STYLED_ITEM ( 'NONE', ( #1306 ), #155 ) ;
#1308 = PRESENTATION_LAYER_ASSIGNMENT (  '', '', ( #1307 ) ) ;
#1309 = MECHANICAL_DESIGN_GEOMETRIC_PRESENTATION_REPRESENTATION (  '', ( #1307 ), #1314 ) ;
#1310 =( LENGTH_UNIT ( ) NAMED_UNIT ( * ) SI_UNIT ( .MILLI., .METRE. ) );
#1311 =( NAMED_UNIT ( * ) PLANE_ANGLE_UNIT ( ) SI_UNIT ( $, .RADIAN. ) );
#1312 =( NAMED_UNIT ( * ) SI_UNIT ( $, .STERADIAN. ) SOLID_ANGLE_UNIT ( ) );
#1313 = UNCERTAINTY_MEASURE_WITH_UNIT (LENGTH_MEASURE( 1.000000000000000100E-005 ), #1310, 'distance_accuracy_value', 'NONE');
#1314 =( GEOMETRIC_REPRESENTATION_CONTEXT ( 3 ) GLOBAL_UNCERTAINTY_ASSIGNED_CONTEXT ( ( #1313 ) ) GLOBAL_UNIT_ASSIGNED_CONTEXT ( ( #1310, #1311, #1312 ) ) REPRESENTATION_CONTEXT ( 'NONE', 'WORKASPACE' ) );
#1315 = PLANE ( 'NONE',  #1316 ) ;
#1316 = AXIS2_PLACEMENT_3D ( 'NONE', #1317, #1318, #1319 ) ;
#1317 = CARTESIAN_POINT ( 'NONE',  ( -0.5500000000000000400, 4.636606874731850100, -0.9499999999999999600 ) ) ;
#1318 = DIRECTION ( 'NONE',  ( 1.000000000000000000, 0.0000000000000000000, 0.0000000000000000000 ) ) ;
#1319 = DIRECTION ( 'NONE',  ( 0.0000000000000000000, 0.0000000000000000000, -1.000000000000000000 ) ) ;
#1320 = CARTESIAN_POINT ( 'NONE',  ( 0.2500000000000000000, 0.4000000000000000200, -3.892820323027555300 ) ) ;
#1321 = LINE ( 'NONE', #1322, #1323 ) ;
#1322 = CARTESIAN_POINT ( 'NONE',  ( -0.2500000000000000000, 0.2500000000000000000, -4.191831746994739500 ) ) ;
#1323 = VECTOR ( 'NONE', #1324, 1000.000000000000000 ) ;
#1324 = DIRECTION ( 'NONE',  ( 0.0000000000000000000, -2.296492749889170200E-016, -1.000000000000000000 ) ) ;
#1325 = EDGE_LOOP ( 'NONE', ( #1156, #181, #184, #20 ) ) ;
#1326 = LINE ( 'NONE', #1327, #1328 ) ;
#1327 = CARTESIAN_POINT ( 'NONE',  ( 1.740000000000000000, 3.149999999999999900, 3.100000000000000100 ) ) ;
#1328 = VECTOR ( 'NONE', #1329, 1000.000000000000000 ) ;
#1329 = DIRECTION ( 'NONE',  ( 0.0000000000000000000, -1.000000000000000000, 0.0000000000000000000 ) ) ;
#1330 = LINE ( 'NONE', #1331, #1332 ) ;
#1331 = CARTESIAN_POINT ( 'NONE',  ( -0.5500000000000000400, 2.700000000000000200, -0.9499999999999999600 ) ) ;
#1332 = VECTOR ( 'NONE', #1333, 1000.000000000000000 ) ;
#1333 = DIRECTION ( 'NONE',  ( 0.0000000000000000000, 0.0000000000000000000, 1.000000000000000000 ) ) ;
#1334 = CARTESIAN_POINT ( 'NONE',  ( -0.5500000000000000400, 3.050000000000000300, 0.04999999999999939900 ) ) ;
#1335 = FACE_OUTER_BOUND ( 'NONE', #1523, .T. ) ;
#1336 = PLANE ( 'NONE',  #1337 ) ;
#1337 = AXIS2_PLACEMENT_3D ( 'NONE', #1338, #1339, #1340 ) ;
#1338 = CARTESIAN_POINT ( 'NONE',  ( 0.8000000000000000400, 1.330000000000000100, -3.902446619169135400 ) ) ;
#1339 = DIRECTION ( 'NONE',  ( 0.0000000000000000000, 0.2588190451025175800, -0.9659258262890692000 ) ) ;
#1340 = DIRECTION ( 'NONE',  ( 0.0000000000000000000, 0.9659258262890692000, 0.2588190451025175800 ) ) ;
#1341 = LINE ( 'NONE', #1343, #1344 ) ;
#1342 = EDGE_LOOP ( 'NONE', ( #1490, #1495, #963, #221 ) ) ;
#1343 = CARTESIAN_POINT ( 'NONE',  ( 0.8000000000000000400, 1.080000000000000100, -3.100000000000000100 ) ) ;
#1344 = VECTOR ( 'NONE', #1345, 1000.000000000000000 ) ;
#1345 = DIRECTION ( 'NONE',  ( 0.0000000000000000000, 0.0000000000000000000, 1.000000000000000000 ) ) ;
#1346 = LINE ( 'NONE', #1347, #1348 ) ;
#1347 = CARTESIAN_POINT ( 'NONE',  ( 0.8000000000000000400, 0.2500000000000000000, -4.191831746994739500 ) ) ;
#1348 = VECTOR ( 'NONE', #1349, 1000.000000000000000 ) ;
#1349 = DIRECTION ( 'NONE',  ( -1.000000000000000000, 0.0000000000000000000, 0.0000000000000000000 ) ) ;
#1350 = LINE ( 'NONE', #1351, #1352 ) ;
#1351 = CARTESIAN_POINT ( 'NONE',  ( 0.8000000000000000400, 1.330000000000000100, 3.100000000000000100 ) ) ;
#1352 = VECTOR ( 'NONE', #1353, 1000.000000000000000 ) ;
#1353 = DIRECTION ( 'NONE',  ( -1.000000000000000000, 0.0000000000000000000, 0.0000000000000000000 ) ) ;
#1354 = LINE ( 'NONE', #1355, #1356 ) ;
#1355 = CARTESIAN_POINT ( 'NONE',  ( -0.7249999999999999800, 2.700000000000000200, -1.450000000000000000 ) ) ;
#1356 = VECTOR ( 'NONE', #1357, 1000.000000000000000 ) ;
#1357 = DIRECTION ( 'NONE',  ( 1.000000000000000000, 0.0000000000000000000, 0.0000000000000000000 ) ) ;
#1358 = CARTESIAN_POINT ( 'NONE',  ( -0.8000000000000000400, 1.080000000000000100, 3.100000000000000100 ) ) ;
#1359 = EDGE_LOOP ( 'NONE', ( #1424, #205, #178, #1098 ) ) ;
#1360 = EDGE_CURVE ( 'NONE', #33, #123, #1205, .T. ) ;
#1361 = EDGE_CURVE ( 'NONE', #137, #78, #1211, .T. ) ;
#1362 = VERTEX_POINT ( 'NONE', #1215 ) ;
#1363 = CARTESIAN_POINT ( 'NONE',  ( -0.2500000000000000000, 0.4000000000000000200, 4.151639368130074300 ) ) ;
#1364 = FACE_OUTER_BOUND ( 'NONE', #1399, .T. ) ;
#1365 = PLANE ( 'NONE',  #1366 ) ;
#1366 = AXIS2_PLACEMENT_3D ( 'NONE', #1367, #1368, #1369 ) ;
#1367 = CARTESIAN_POINT ( 'NONE',  ( -0.8000000000000000400, 0.5999999999999999800, -4.899999999999999500 ) ) ;
#1368 = DIRECTION ( 'NONE',  ( 0.3417430630867041000, 0.9397934234884372000, 0.0000000000000000000 ) ) ;
#1369 = DIRECTION ( 'NONE',  ( -0.9397934234884372000, 0.3417430630867041000, 0.0000000000000000000 ) ) ;
#1370 = CARTESIAN_POINT ( 'NONE',  ( 0.2500000000000000000, -1.084202172485503900E-016, -4.000000000000000000 ) ) ;
#1371 =( LENGTH_UNIT ( ) NAMED_UNIT ( * ) SI_UNIT ( .MILLI., .METRE. ) );
#1372 =( NAMED_UNIT ( * ) PLANE_ANGLE_UNIT ( ) SI_UNIT ( $, .RADIAN. ) );
#1373 =( NAMED_UNIT ( * ) SI_UNIT ( $, .STERADIAN. ) SOLID_ANGLE_UNIT ( ) );
#1374 = UNCERTAINTY_MEASURE_WITH_UNIT (LENGTH_MEASURE( 1.000000000000000100E-005 ), #1371, 'distance_accuracy_value', 'NONE');
#1375 =( GEOMETRIC_REPRESENTATION_CONTEXT ( 3 ) GLOBAL_UNCERTAINTY_ASSIGNED_CONTEXT ( ( #1374 ) ) GLOBAL_UNIT_ASSIGNED_CONTEXT ( ( #1371, #1372, #1373 ) ) REPRESENTATION_CONTEXT ( 'NONE', 'WORKASPACE' ) );
#1376 = ADVANCED_BREP_SHAPE_REPRESENTATION ( 'A6S_1102_H', ( #887, #1378 ), #1375 ) ;
#1377 = EDGE_CURVE ( 'NONE', #162, #41, #1217, .T. ) ;
#1378 = AXIS2_PLACEMENT_3D ( 'NONE', #1379, #1380, #1381 ) ;
#1379 = CARTESIAN_POINT ( 'NONE',  ( 0.0000000000000000000, 0.0000000000000000000, 0.0000000000000000000 ) ) ;
#1380 = DIRECTION ( 'NONE',  ( 0.0000000000000000000, 0.0000000000000000000, 1.000000000000000000 ) ) ;
#1381 = DIRECTION ( 'NONE',  ( 1.000000000000000000, 0.0000000000000000000, 0.0000000000000000000 ) ) ;
#1382 = APPLICATION_CONTEXT ( 'automotive_design' ) ;
#1383 = APPLICATION_PROTOCOL_DEFINITION ( 'draft international standard', 'automotive_design', 1998, #1382 ) ;
#1384 = PRODUCT_CONTEXT ( 'NONE', #1382, 'mechanical' ) ;
#1385 = PRODUCT ( 'A6S_1102_H', 'A6S_1102_H', '', ( #1384 ) ) ;
#1386 = APPLICATION_CONTEXT ( 'automotive_design' ) ;
#1387 = APPLICATION_PROTOCOL_DEFINITION ( 'draft international standard', 'automotive_design', 1998, #1386 ) ;
#1388 = PRODUCT_DEFINITION_CONTEXT ( 'detailed design', #1386, 'design' ) ;
#1389 = PRODUCT_DEFINITION ( 'UNKNOWN', '', #1390, #1388 ) ;
#1390 = PRODUCT_DEFINITION_FORMATION_WITH_SPECIFIED_SOURCE ( 'ANY', '', #1385, .NOT_KNOWN. ) ;
#1391 = PRODUCT_RELATED_PRODUCT_CATEGORY ( 'part', '', ( #1385 ) ) ;
#1392 = ORIENTED_EDGE ( 'NONE', *, *, #2, .T. ) ;
#1393 = PRODUCT_DEFINITION_SHAPE ( 'NONE', 'NONE',  #1389 ) ;
#1394 = SHAPE_DEFINITION_REPRESENTATION ( #1393, #1376 ) ;
#1395 = EDGE_CURVE ( 'NONE', #182, #1491, #1229, .T. ) ;
#1396 = EDGE_CURVE ( 'NONE', #1487, #78, #1233, .T. ) ;
#1397 = VERTEX_POINT ( 'NONE', #1241 ) ;
#1398 = EDGE_LOOP ( 'NONE', ( #1404, #128, #142, #5 ) ) ;
#1399 = EDGE_LOOP ( 'NONE', ( #1413, #1430, #1422, #1462 ) ) ;
#1400 = ORIENTED_EDGE ( 'NONE', *, *, #207, .F. ) ;
#1401 = EDGE_CURVE ( 'NONE', #33, #1433, #1271, .T. ) ;
#1402 = ORIENTED_EDGE ( 'NONE', *, *, #177, .T. ) ;
#1403 = EDGE_CURVE ( 'NONE', #888, #237, #1275, .T. ) ;
#1404 = ORIENTED_EDGE ( 'NONE', *, *, #1377, .F. ) ;
#1405 = EDGE_CURVE ( 'NONE', #724, #199, #1289, .T. ) ;
#1406 = ORIENTED_EDGE ( 'NONE', *, *, #1411, .F. ) ;
#1407 = EDGE_LOOP ( 'NONE', ( #191, #190, #60, #637 ) ) ;
#1408 = VERTEX_POINT ( 'NONE', #1320 ) ;
#1409 = ORIENTED_EDGE ( 'NONE', *, *, #1448, .F. ) ;
#1410 = CLOSED_SHELL ( 'NONE', ( #478, #108, #68, #149, #1081, #1425, #1209, #86, #1512, #155, #1426, #104, #240, #216, #30, #1029, #147, #1453, #1454, #36, #294, #1117, #619, #179, #163, #172, #1429, #4, #176, #112, #242, #153, #151, #96, #239, #654, #141, #1116, #636, #942, #188, #1481 ) ) ;
#1411 = EDGE_CURVE ( 'NONE', #889, #224, #1326, .T. ) ;
#1412 = EDGE_CURVE ( 'NONE', #98, #1440, #1330, .T. ) ;
#1413 = ORIENTED_EDGE ( 'NONE', *, *, #31, .T. ) ;
#1414 = ORIENTED_EDGE ( 'NONE', *, *, #1441, .T. ) ;
#1415 = EDGE_CURVE ( 'NONE', #1522, #228, #1350, .T. ) ;
#1416 = ORIENTED_EDGE ( 'NONE', *, *, #57, .T. ) ;
#1417 = ORIENTED_EDGE ( 'NONE', *, *, #51, .F. ) ;
#1418 = ORIENTED_EDGE ( 'NONE', *, *, #1452, .F. ) ;
#1419 = VERTEX_POINT ( 'NONE', #1358 ) ;
#1420 = VERTEX_POINT ( 'NONE', #1363 ) ;
#1421 = VERTEX_POINT ( 'NONE', #1370 ) ;
#1422 = ORIENTED_EDGE ( 'NONE', *, *, #40, .T. ) ;
#1423 = EDGE_LOOP ( 'NONE', ( #870, #1154, #405, #243 ) ) ;
#1424 = ORIENTED_EDGE ( 'NONE', *, *, #1361, .T. ) ;
#1425 = ADVANCED_FACE ( 'NONE', ( #718 ), #736, .F. ) ;
#1426 = ADVANCED_FACE ( 'NONE', ( #750, #751 ), #769, .F. ) ;
#1427 = ORIENTED_EDGE ( 'NONE', *, *, #165, .T. ) ;
#1428 = EDGE_CURVE ( 'NONE', #6, #59, #803, .T. ) ;
#1429 = ADVANCED_FACE ( 'NONE', ( #807 ), #808, .T. ) ;
#1430 = ORIENTED_EDGE ( 'NONE', *, *, #598, .T. ) ;
#1431 = ORIENTED_EDGE ( 'NONE', *, *, #103, .T. ) ;
#1432 = ORIENTED_EDGE ( 'NONE', *, *, #40, .F. ) ;
#1433 = VERTEX_POINT ( 'NONE', #824 ) ;
#1434 = EDGE_LOOP ( 'NONE', ( #49, #1400, #742, #169, #1485, #599 ) ) ;
#1435 = ORIENTED_EDGE ( 'NONE', *, *, #38, .F. ) ;
#1436 = EDGE_CURVE ( 'NONE', #1471, #1522, #838, .T. ) ;
#1437 = ORIENTED_EDGE ( 'NONE', *, *, #1443, .T. ) ;
#1438 = ORIENTED_EDGE ( 'NONE', *, *, #277, .F. ) ;
#1439 = ORIENTED_EDGE ( 'NONE', *, *, #165, .F. ) ;
#1440 = VERTEX_POINT ( 'NONE', #850 ) ;
#1441 = EDGE_CURVE ( 'NONE', #1433, #218, #851, .T. ) ;
#1442 = EDGE_LOOP ( 'NONE', ( #28, #259, #1435, #175, #688, #193, #580, #1511 ) ) ;
#1443 = EDGE_CURVE ( 'NONE', #1419, #228, #876, .T. ) ;
#1444 = ORIENTED_EDGE ( 'NONE', *, *, #1516, .T. ) ;
#1445 = ORIENTED_EDGE ( 'NONE', *, *, #1119, .F. ) ;
#1446 = ORIENTED_EDGE ( 'NONE', *, *, #73, .F. ) ;
#1447 = EDGE_CURVE ( 'NONE', #513, #119, #881, .T. ) ;
#1448 = EDGE_CURVE ( 'NONE', #1421, #1467, #897, .T. ) ;
#1449 = ORIENTED_EDGE ( 'NONE', *, *, #1447, .T. ) ;
#1450 = EDGE_LOOP ( 'NONE', ( #92, #146, #84, #1449 ) ) ;
#1451 = ORIENTED_EDGE ( 'NONE', *, *, #1484, .T. ) ;
#1452 = EDGE_CURVE ( 'NONE', #1520, #1419, #919, .T. ) ;
#1453 = ADVANCED_FACE ( 'NONE', ( #955 ), #956, .F. ) ;
#1454 = ADVANCED_FACE ( 'NONE', ( #961 ), #979, .F. ) ;
#1455 = EDGE_CURVE ( 'NONE', #513, #6, #989, .T. ) ;
#1456 = ORIENTED_EDGE ( 'NONE', *, *, #1415, .F. ) ;
#1457 = VERTEX_POINT ( 'NONE', #993 ) ;
#1458 = VERTEX_POINT ( 'NONE', #994 ) ;
#1459 = VERTEX_POINT ( 'NONE', #999 ) ;
#1460 = ORIENTED_EDGE ( 'NONE', *, *, #1513, .T. ) ;
#1461 = ORIENTED_EDGE ( 'NONE', *, *, #51, .T. ) ;
#1462 = ORIENTED_EDGE ( 'NONE', *, *, #55, .T. ) ;
#1463 = EDGE_CURVE ( 'NONE', #78, #1175, #1036, .T. ) ;
#1464 = ORIENTED_EDGE ( 'NONE', *, *, #547, .F. ) ;
#1465 = EDGE_LOOP ( 'NONE', ( #1478, #1477, #1476, #136 ) ) ;
#1466 = EDGE_CURVE ( 'NONE', #102, #93, #1046, .T. ) ;
#1467 = VERTEX_POINT ( 'NONE', #1050 ) ;
#1468 = EDGE_CURVE ( 'NONE', #35, #13, #1055, .T. ) ;
#1469 = ORIENTED_EDGE ( 'NONE', *, *, #1118, .F. ) ;
#1470 = VERTEX_POINT ( 'NONE', #1059 ) ;
#1471 = VERTEX_POINT ( 'NONE', #1060 ) ;
#1472 = ORIENTED_EDGE ( 'NONE', *, *, #206, .F. ) ;
#1473 = ORIENTED_EDGE ( 'NONE', *, *, #1428, .T. ) ;
#1474 = EDGE_CURVE ( 'NONE', #1480, #140, #1086, .T. ) ;
#1475 = ORIENTED_EDGE ( 'NONE', *, *, #95, .T. ) ;
#1476 = ORIENTED_EDGE ( 'NONE', *, *, #1494, .T. ) ;
#1477 = ORIENTED_EDGE ( 'NONE', *, *, #183, .F. ) ;
#1478 = ORIENTED_EDGE ( 'NONE', *, *, #56, .T. ) ;
#1479 = ORIENTED_EDGE ( 'NONE', *, *, #177, .F. ) ;
#1480 = VERTEX_POINT ( 'NONE', #1139 ) ;
#1481 = ADVANCED_FACE ( 'NONE', ( #268 ), #269, .F. ) ;
#1482 = ORIENTED_EDGE ( 'NONE', *, *, #226, .T. ) ;
#1483 = ORIENTED_EDGE ( 'NONE', *, *, #144, .F. ) ;
#1484 = EDGE_CURVE ( 'NONE', #889, #236, #278, .T. ) ;
#1485 = ORIENTED_EDGE ( 'NONE', *, *, #1395, .T. ) ;
#1486 = EDGE_CURVE ( 'NONE', #6, #83, #286, .T. ) ;
#1487 = VERTEX_POINT ( 'NONE', #290 ) ;
#1488 = ORIENTED_EDGE ( 'NONE', *, *, #1447, .F. ) ;
#1489 = ORIENTED_EDGE ( 'NONE', *, *, #132, .F. ) ;
#1490 = ORIENTED_EDGE ( 'NONE', *, *, #1463, .T. ) ;
#1491 = VERTEX_POINT ( 'NONE', #314 ) ;
#1492 = EDGE_CURVE ( 'NONE', #9, #182, #361, .T. ) ;
#1493 = EDGE_CURVE ( 'NONE', #1457, #201, #395, .T. ) ;
#1494 = EDGE_CURVE ( 'NONE', #9, #120, #419, .T. ) ;
#1495 = ORIENTED_EDGE ( 'NONE', *, *, #131, .F. ) ;
#1496 = EDGE_CURVE ( 'NONE', #1175, #224, #430, .T. ) ;
#1497 = ORIENTED_EDGE ( 'NONE', *, *, #1226, .F. ) ;
#1498 = ORIENTED_EDGE ( 'NONE', *, *, #212, .T. ) ;
#1499 = EDGE_CURVE ( 'NONE', #724, #1012, #455, .T. ) ;
#1500 = VERTEX_POINT ( 'NONE', #508 ) ;
#1501 = ORIENTED_EDGE ( 'NONE', *, *, #101, .F. ) ;
#1502 = EDGE_CURVE ( 'NONE', #1459, #35, #510, .T. ) ;
#1503 = EDGE_CURVE ( 'NONE', #11, #33, #569, .T. ) ;
#1504 = EDGE_CURVE ( 'NONE', #41, #1397, #573, .T. ) ;
#1505 = ORIENTED_EDGE ( 'NONE', *, *, #57, .F. ) ;
#1506 = ORIENTED_EDGE ( 'NONE', *, *, #363, .T. ) ;
#1507 = ORIENTED_EDGE ( 'NONE', *, *, #80, .T. ) ;
#1508 = EDGE_LOOP ( 'NONE', ( #217, #111, #42, #761 ) ) ;
#1509 = EDGE_CURVE ( 'NONE', #1487, #780, #612, .T. ) ;
#1510 = ORIENTED_EDGE ( 'NONE', *, *, #778, .F. ) ;
#1511 = ORIENTED_EDGE ( 'NONE', *, *, #194, .F. ) ;
#1512 = ADVANCED_FACE ( 'NONE', ( #624 ), #642, .F. ) ;
#1513 = EDGE_CURVE ( 'NONE', #123, #218, #648, .T. ) ;
#1514 = ORIENTED_EDGE ( 'NONE', *, *, #77, .T. ) ;
#1515 = ORIENTED_EDGE ( 'NONE', *, *, #10, .F. ) ;
#1516 = EDGE_CURVE ( 'NONE', #1522, #724, #786, .T. ) ;
#1517 = ORIENTED_EDGE ( 'NONE', *, *, #129, .T. ) ;
#1518 = ORIENTED_EDGE ( 'NONE', *, *, #1466, .F. ) ;
#1519 = EDGE_LOOP ( 'NONE', ( #17, #26, #7, #1464, #15, #39 ) ) ;
#1520 = VERTEX_POINT ( 'NONE', #819 ) ;
#1521 = ORIENTED_EDGE ( 'NONE', *, *, #1377, .T. ) ;
#1522 = VERTEX_POINT ( 'NONE', #856 ) ;
#1523 = EDGE_LOOP ( 'NONE', ( #1432, #150, #1489, #1461, #64, #797, #817, #90 ) ) ;
ENDSEC;
END-ISO-10303-21;
