ISO-10303-21;
HEADER;
FILE_DESCRIPTION (( 'STEP AP214' ),
    '1' );
FILE_NAME ('S80KS5122GABHI020.STEP',
    '2023-11-22T06:32:51',
    ( '' ),
    ( '' ),
    'SwSTEP 2.0',
    'SolidWorks 2022',
    '' );
FILE_SCHEMA (( 'AUTOMOTIVE_DESIGN' ));
ENDSEC;

DATA;
#1 = SPHERICAL_SURFACE ( 'NONE', #449, 0.1000000000000000056 ) ;
#2 = CLOSED_SHELL ( 'NONE', ( #906, #2530 ) ) ;
#3 = DIRECTION ( 'NONE',  ( 0.000000000000000000, -0.000000000000000000, 1.000000000000000000 ) ) ;
#4 = SURFACE_STYLE_USAGE ( .BOTH. , #1135 ) ;
#5 = ORIENTED_EDGE ( 'NONE', *, *, #2365, .F. ) ;
#6 = PRESENTATION_STYLE_ASSIGNMENT (( #2451 ) ) ;
#7 = FILL_AREA_STYLE_COLOUR ( '', #1189 ) ;
#8 = EDGE_CURVE ( 'NONE', #2509, #2302, #371, .T. ) ;
#9 = CIRCLE ( 'NONE', #242, 0.2000000000000000111 ) ;
#10 = CARTESIAN_POINT ( 'NONE',  ( 0.9999999999999995559, -1.999999999999999556, 0.2000000000000000111 ) ) ;
#11 = FILL_AREA_STYLE_COLOUR ( '', #813 ) ;
#12 = PRESENTATION_LAYER_ASSIGNMENT (  '', '', ( #1602 ) ) ;
#13 =( NAMED_UNIT ( * ) PLANE_ANGLE_UNIT ( ) SI_UNIT ( $, .RADIAN. ) );
#14 = DIRECTION ( 'NONE',  ( -1.000000000000000000, 0.000000000000000000, 0.000000000000000000 ) ) ;
#15 =( GEOMETRIC_REPRESENTATION_CONTEXT ( 3 ) GLOBAL_UNCERTAINTY_ASSIGNED_CONTEXT ( ( #2809 ) ) GLOBAL_UNIT_ASSIGNED_CONTEXT ( ( #1252, #1942, #2583 ) ) REPRESENTATION_CONTEXT ( 'NONE', 'WORKASPACE' ) );
#16 = DIRECTION ( 'NONE',  ( 0.000000000000000000, 1.000000000000000000, 0.000000000000000000 ) ) ;
#17 = DIRECTION ( 'NONE',  ( 1.000000000000000000, 1.224646799147353207E-16, -0.000000000000000000 ) ) ;
#18 =( GEOMETRIC_REPRESENTATION_CONTEXT ( 3 ) GLOBAL_UNCERTAINTY_ASSIGNED_CONTEXT ( ( #2468 ) ) GLOBAL_UNIT_ASSIGNED_CONTEXT ( ( #1819, #2892, #870 ) ) REPRESENTATION_CONTEXT ( 'NONE', 'WORKASPACE' ) );
#19 = CARTESIAN_POINT ( 'NONE',  ( -2.650000000000000355, 3.400000000000000355, 0.7900000000000000355 ) ) ;
#20 = VERTEX_POINT ( 'NONE', #2251 ) ;
#21 = FILL_AREA_STYLE ('',( #1068 ) ) ;
#22 =( NAMED_UNIT ( * ) PLANE_ANGLE_UNIT ( ) SI_UNIT ( $, .RADIAN. ) );
#23 = EDGE_CURVE ( 'NONE', #794, #2657, #2504, .T. ) ;
#24 = ADVANCED_FACE ( 'NONE', ( #1581 ), #1363, .F. ) ;
#25 = DIRECTION ( 'NONE',  ( 1.000000000000000000, 0.000000000000000000, 0.000000000000000000 ) ) ;
#26 = DIRECTION ( 'NONE',  ( 0.000000000000000000, 1.000000000000000000, 0.000000000000000000 ) ) ;
#27 = SURFACE_STYLE_USAGE ( .BOTH. , #2704 ) ;
#28 = AXIS2_PLACEMENT_3D ( 'NONE', #778, #1686, #2419 ) ;
#29 = ORIENTED_EDGE ( 'NONE', *, *, #1540, .F. ) ;
#30 = DIRECTION ( 'NONE',  ( 1.000000000000000000, 0.000000000000000000, 0.000000000000000000 ) ) ;
#31 =( GEOMETRIC_REPRESENTATION_CONTEXT ( 3 ) GLOBAL_UNCERTAINTY_ASSIGNED_CONTEXT ( ( #193 ) ) GLOBAL_UNIT_ASSIGNED_CONTEXT ( ( #579, #1462, #2608 ) ) REPRESENTATION_CONTEXT ( 'NONE', 'WORKASPACE' ) );
#32 = COLOUR_RGB ( '',0.8039215686274510109, 0.8039215686274510109, 0.8039215686274510109 ) ;
#33 = MANIFOLD_SOLID_BREP ( 'LPattern1[22]', #782 ) ;
#34 = MANIFOLD_SOLID_BREP ( 'Wrap1', #874 ) ;
#35 =( LENGTH_UNIT ( ) NAMED_UNIT ( * ) SI_UNIT ( .MILLI., .METRE. ) );
#36 = CARTESIAN_POINT ( 'NONE',  ( -3.000000000000000444, -3.899999999999999467, 0.1000000000000000472 ) ) ;
#37 = ORIENTED_EDGE ( 'NONE', *, *, #2673, .T. ) ;
#38 = DIRECTION ( 'NONE',  ( -1.000000000000000000, 0.000000000000000000, 0.000000000000000000 ) ) ;
#39 = CYLINDRICAL_SURFACE ( 'NONE', #2094, 0.09999999999999982514 ) ;
#40 = SURFACE_STYLE_FILL_AREA ( #2053 ) ;
#41 = MANIFOLD_SOLID_BREP ( 'LPattern1[4]', #2792 ) ;
#42 = ORIENTED_EDGE ( 'NONE', *, *, #731, .T. ) ;
#43 = DIRECTION ( 'NONE',  ( 1.000000000000000000, 1.224646799147353207E-16, -0.000000000000000000 ) ) ;
#44 = EDGE_CURVE ( 'NONE', #424, #780, #2206, .T. ) ;
#45 = CARTESIAN_POINT ( 'NONE',  ( -2.900000000000000799, 4.000000000000000000, 0.6999999999999999556 ) ) ;
#46 = VERTEX_POINT ( 'NONE', #2794 ) ;
#47 = CARTESIAN_POINT ( 'NONE',  ( -1.000000000000000444, 4.459273369856753279E-16, -0.2000000000000000111 ) ) ;
#48 = UNCERTAINTY_MEASURE_WITH_UNIT (LENGTH_MEASURE( 1.000000000000000082E-05 ), #1446, 'distance_accuracy_value', 'NONE');
#49 = CARTESIAN_POINT ( 'NONE',  ( 2.999999999999999556, -3.899999999999999467, 0.6999999999999999556 ) ) ;
#50 = DIRECTION ( 'NONE',  ( -0.000000000000000000, -0.000000000000000000, 1.000000000000000000 ) ) ;
#51 = EDGE_LOOP ( 'NONE', ( #1353, #565 ) ) ;
#52 = FACE_OUTER_BOUND ( 'NONE', #1812, .T. ) ;
#53 = ORIENTED_EDGE ( 'NONE', *, *, #2637, .F. ) ;
#54 = PRESENTATION_LAYER_ASSIGNMENT (  '', '', ( #1592 ) ) ;
#55 = FACE_OUTER_BOUND ( 'NONE', #1109, .T. ) ;
#56 = MECHANICAL_DESIGN_GEOMETRIC_PRESENTATION_REPRESENTATION (  '', ( #1309 ), #1170 ) ;
#57 = DIRECTION ( 'NONE',  ( -1.000000000000000000, -0.000000000000000000, 0.000000000000000000 ) ) ;
#58 = CIRCLE ( 'NONE', #2629, 0.09999999999999982514 ) ;
#59 = MANIFOLD_SOLID_BREP ( 'LPattern1[12]', #1112 ) ;
#60 = COLOUR_RGB ( '',0.8039215686274510109, 0.8039215686274510109, 0.8039215686274510109 ) ;
#61 = ORIENTED_EDGE ( 'NONE', *, *, #2400, .T. ) ;
#62 = DIRECTION ( 'NONE',  ( 0.000000000000000000, -1.000000000000000000, -0.000000000000000000 ) ) ;
#63 = ORIENTED_EDGE ( 'NONE', *, *, #552, .F. ) ;
#64 =( LENGTH_UNIT ( ) NAMED_UNIT ( * ) SI_UNIT ( .MILLI., .METRE. ) );
#65 = COLOUR_RGB ( '',0.8039215686274510109, 0.8039215686274510109, 0.8039215686274510109 ) ;
#66 = CARTESIAN_POINT ( 'NONE',  ( -4.336808689942017736E-16, 1.000000000000000444, 0.000000000000000000 ) ) ;
#67 = AXIS2_PLACEMENT_3D ( 'NONE', #1071, #1986, #2812 ) ;
#68 = CARTESIAN_POINT ( 'NONE',  ( 2.900000000000000355, 3.900000000000000355, 0.6999999999999999556 ) ) ;
#69 = DIRECTION ( 'NONE',  ( 1.000000000000000000, 0.000000000000000000, 0.000000000000000000 ) ) ;
#70 = CARTESIAN_POINT ( 'NONE',  ( -4.336808689942017736E-16, 4.459273369856753279E-16, 0.2000000000000000111 ) ) ;
#71 = SURFACE_STYLE_FILL_AREA ( #2457 ) ;
#72 = COLOUR_RGB ( '',0.8039215686274510109, 0.8039215686274510109, 0.8039215686274510109 ) ;
#73 = ORIENTED_EDGE ( 'NONE', *, *, #2280, .F. ) ;
#74 = FACE_OUTER_BOUND ( 'NONE', #405, .T. ) ;
#75 = PRESENTATION_LAYER_ASSIGNMENT (  '', '', ( #123 ) ) ;
#76 = FACE_OUTER_BOUND ( 'NONE', #711, .T. ) ;
#77 = ORIENTED_EDGE ( 'NONE', *, *, #291, .F. ) ;
#78 = CARTESIAN_POINT ( 'NONE',  ( 1.999999999999999556, -0.9999999999999995559, 0.000000000000000000 ) ) ;
#79 = MECHANICAL_DESIGN_GEOMETRIC_PRESENTATION_REPRESENTATION (  '', ( #2829 ), #1713 ) ;
#80 = AXIS2_PLACEMENT_3D ( 'NONE', #2668, #653, #2444 ) ;
#81 = SURFACE_STYLE_USAGE ( .BOTH. , #1201 ) ;
#82 = SURFACE_STYLE_USAGE ( .BOTH. , #2136 ) ;
#83 = MANIFOLD_SOLID_BREP ( 'LPattern1[7]', #1407 ) ;
#84 = ORIENTED_EDGE ( 'NONE', *, *, #742, .F. ) ;
#85 = SURFACE_STYLE_FILL_AREA ( #2556 ) ;
#86 = DIRECTION ( 'NONE',  ( 0.000000000000000000, 0.000000000000000000, 1.000000000000000000 ) ) ;
#87 = PRESENTATION_STYLE_ASSIGNMENT (( #1679 ) ) ;
#88 = UNCERTAINTY_MEASURE_WITH_UNIT (LENGTH_MEASURE( 1.000000000000000082E-05 ), #94, 'distance_accuracy_value', 'NONE');
#89 =( NAMED_UNIT ( * ) SI_UNIT ( $, .STERADIAN. ) SOLID_ANGLE_UNIT ( ) );
#90 = MANIFOLD_SOLID_BREP ( 'LPattern1[10]', #2847 ) ;
#91 = SURFACE_STYLE_FILL_AREA ( #2133 ) ;
#92 = ORIENTED_EDGE ( 'NONE', *, *, #234, .F. ) ;
#93 = DIRECTION ( 'NONE',  ( 0.000000000000000000, 4.336808689942015369E-15, 1.000000000000000000 ) ) ;
#94 =( LENGTH_UNIT ( ) NAMED_UNIT ( * ) SI_UNIT ( .MILLI., .METRE. ) );
#95 = DIRECTION ( 'NONE',  ( 1.000000000000000000, 0.000000000000000000, 0.000000000000000000 ) ) ;
#96 = ORIENTED_EDGE ( 'NONE', *, *, #2637, .T. ) ;
#97 = EDGE_CURVE ( 'NONE', #1791, #501, #144, .T. ) ;
#98 = CARTESIAN_POINT ( 'NONE',  ( 1.999999999999999556, 2.000000000000000444, 0.000000000000000000 ) ) ;
#99 = CARTESIAN_POINT ( 'NONE',  ( -2.000000000000000444, -1.999999999999999556, 0.000000000000000000 ) ) ;
#100 =( GEOMETRIC_REPRESENTATION_CONTEXT ( 3 ) GLOBAL_UNCERTAINTY_ASSIGNED_CONTEXT ( ( #836 ) ) GLOBAL_UNIT_ASSIGNED_CONTEXT ( ( #2586, #2327, #2569 ) ) REPRESENTATION_CONTEXT ( 'NONE', 'WORKASPACE' ) );
#101 =( LENGTH_UNIT ( ) NAMED_UNIT ( * ) SI_UNIT ( .MILLI., .METRE. ) );
#102 = CIRCLE ( 'NONE', #2435, 0.2000000000000000944 ) ;
#103 = FACE_OUTER_BOUND ( 'NONE', #2026, .T. ) ;
#104 = ORIENTED_EDGE ( 'NONE', *, *, #1652, .T. ) ;
#105 = SPHERICAL_SURFACE ( 'NONE', #1789, 0.2000000000000000111 ) ;
#106 = DIRECTION ( 'NONE',  ( 1.000000000000000000, -0.000000000000000000, -0.000000000000000000 ) ) ;
#107 = PRESENTATION_STYLE_ASSIGNMENT (( #82 ) ) ;
#108 = UNCERTAINTY_MEASURE_WITH_UNIT (LENGTH_MEASURE( 1.000000000000000082E-05 ), #274, 'distance_accuracy_value', 'NONE');
#109 = ORIENTED_EDGE ( 'NONE', *, *, #1382, .F. ) ;
#110 = ADVANCED_FACE ( 'NONE', ( #435 ), #1326, .F. ) ;
#111 =( GEOMETRIC_REPRESENTATION_CONTEXT ( 3 ) GLOBAL_UNCERTAINTY_ASSIGNED_CONTEXT ( ( #358 ) ) GLOBAL_UNIT_ASSIGNED_CONTEXT ( ( #750, #2318, #2116 ) ) REPRESENTATION_CONTEXT ( 'NONE', 'WORKASPACE' ) );
#112 = SURFACE_STYLE_FILL_AREA ( #756 ) ;
#113 = DIRECTION ( 'NONE',  ( 1.000000000000000000, 0.000000000000000000, 0.000000000000000000 ) ) ;
#114 = CIRCLE ( 'NONE', #2450, 0.2000000000000000111 ) ;
#115 = STYLED_ITEM ( 'NONE', ( #6 ), #1885 ) ;
#116 =( NAMED_UNIT ( * ) SI_UNIT ( $, .STERADIAN. ) SOLID_ANGLE_UNIT ( ) );
#117 = FILL_AREA_STYLE ('',( #1667 ) ) ;
#118 = DIRECTION ( 'NONE',  ( 0.000000000000000000, 1.000000000000000000, 0.000000000000000000 ) ) ;
#119 = DIRECTION ( 'NONE',  ( 1.000000000000000000, 0.000000000000000000, 0.000000000000000000 ) ) ;
#120 = VERTEX_POINT ( 'NONE', #594 ) ;
#121 = CARTESIAN_POINT ( 'NONE',  ( -2.900000000000000799, -3.899999999999999467, 0.6999999999999999556 ) ) ;
#122 = COLOUR_RGB ( '',0.8039215686274510109, 0.8039215686274510109, 0.8039215686274510109 ) ;
#123 = STYLED_ITEM ( 'NONE', ( #2788 ), #2000 ) ;
#124 =( NAMED_UNIT ( * ) PLANE_ANGLE_UNIT ( ) SI_UNIT ( $, .RADIAN. ) );
#125 = AXIS2_PLACEMENT_3D ( 'NONE', #1538, #423, #2217 ) ;
#126 = EDGE_LOOP ( 'NONE', ( #2670, #462 ) ) ;
#127 = AXIS2_PLACEMENT_3D ( 'NONE', #1404, #43, #661 ) ;
#128 = DIRECTION ( 'NONE',  ( 0.000000000000000000, 1.000000000000000000, 0.000000000000000000 ) ) ;
#129 = UNCERTAINTY_MEASURE_WITH_UNIT (LENGTH_MEASURE( 1.000000000000000082E-05 ), #466, 'distance_accuracy_value', 'NONE');
#130 = SPHERICAL_SURFACE ( 'NONE', #2309, 0.2000000000000000111 ) ;
#131 = ADVANCED_FACE ( 'NONE', ( #2377 ), #1042, .F. ) ;
#132 = DIRECTION ( 'NONE',  ( -1.000000000000000000, 0.000000000000000000, 0.000000000000000000 ) ) ;
#133 =( NAMED_UNIT ( * ) PLANE_ANGLE_UNIT ( ) SI_UNIT ( $, .RADIAN. ) );
#134 = EDGE_CURVE ( 'NONE', #651, #1924, #1685, .T. ) ;
#135 = SURFACE_STYLE_USAGE ( .BOTH. , #2836 ) ;
#136 = EDGE_LOOP ( 'NONE', ( #2640, #2164 ) ) ;
#137 = FACE_OUTER_BOUND ( 'NONE', #164, .T. ) ;
#138 =( NAMED_UNIT ( * ) PLANE_ANGLE_UNIT ( ) SI_UNIT ( $, .RADIAN. ) );
#139 = ORIENTED_EDGE ( 'NONE', *, *, #742, .T. ) ;
#140 = DIRECTION ( 'NONE',  ( 0.000000000000000000, 1.000000000000000000, 0.000000000000000000 ) ) ;
#141 =( LENGTH_UNIT ( ) NAMED_UNIT ( * ) SI_UNIT ( .MILLI., .METRE. ) );
#142 = DIRECTION ( 'NONE',  ( 1.000000000000000000, 1.224646799147353207E-16, -0.000000000000000000 ) ) ;
#143 = DIRECTION ( 'NONE',  ( 1.000000000000000000, 0.000000000000000000, 0.000000000000000000 ) ) ;
#144 = CIRCLE ( 'NONE', #828, 0.2000000000000000944 ) ;
#145 = AXIS2_PLACEMENT_3D ( 'NONE', #2055, #448, #1821 ) ;
#146 = FILL_AREA_STYLE ('',( #2160 ) ) ;
#147 = ORIENTED_EDGE ( 'NONE', *, *, #2585, .T. ) ;
#148 = SURFACE_STYLE_USAGE ( .BOTH. , #1211 ) ;
#149 = EDGE_CURVE ( 'NONE', #1603, #2138, #2734, .T. ) ;
#150 = EDGE_CURVE ( 'NONE', #2083, #2735, #2069, .T. ) ;
#151 =( GEOMETRIC_REPRESENTATION_CONTEXT ( 3 ) GLOBAL_UNCERTAINTY_ASSIGNED_CONTEXT ( ( #2649 ) ) GLOBAL_UNIT_ASSIGNED_CONTEXT ( ( #2151, #365, #1659 ) ) REPRESENTATION_CONTEXT ( 'NONE', 'WORKASPACE' ) );
#152 = FILL_AREA_STYLE ('',( #2818 ) ) ;
#153 = PRESENTATION_LAYER_ASSIGNMENT (  '', '', ( #475 ) ) ;
#154 = ORIENTED_EDGE ( 'NONE', *, *, #659, .F. ) ;
#155 = FACE_OUTER_BOUND ( 'NONE', #655, .T. ) ;
#156 = DIRECTION ( 'NONE',  ( 0.000000000000000000, 0.000000000000000000, -1.000000000000000000 ) ) ;
#157 =( NAMED_UNIT ( * ) PLANE_ANGLE_UNIT ( ) SI_UNIT ( $, .RADIAN. ) );
#158 = COLOUR_RGB ( '',0.8039215686274510109, 0.8039215686274510109, 0.8039215686274510109 ) ;
#160 = DIRECTION ( 'NONE',  ( 0.000000000000000000, 1.000000000000000000, 0.000000000000000000 ) ) ;
#159 = CIRCLE ( 'NONE', #67, 0.2000000000000000111 ) ;
#161 = CARTESIAN_POINT ( 'NONE',  ( 2.999999999999999556, -3.999999999999999112, 0.8000000000000000444 ) ) ;
#162 = AXIS2_PLACEMENT_3D ( 'NONE', #2856, #156, #1753 ) ;
#163 = SURFACE_SIDE_STYLE ('',( #1563 ) ) ;
#164 = EDGE_LOOP ( 'NONE', ( #2214, #2547, #817 ) ) ;
#165 = CARTESIAN_POINT ( 'NONE',  ( -2.000000000000000444, 4.336808689942017736E-16, 0.000000000000000000 ) ) ;
#166 = SPHERICAL_SURFACE ( 'NONE', #28, 0.2000000000000000111 ) ;
#167 = DIRECTION ( 'NONE',  ( 1.000000000000000000, 0.000000000000000000, 0.000000000000000000 ) ) ;
#168 = EDGE_LOOP ( 'NONE', ( #974, #2383 ) ) ;
#169 = DIRECTION ( 'NONE',  ( 0.000000000000000000, 0.000000000000000000, 1.000000000000000000 ) ) ;
#170 = STYLED_ITEM ( 'NONE', ( #1883 ), #1979 ) ;
#171 = MECHANICAL_DESIGN_GEOMETRIC_PRESENTATION_REPRESENTATION (  '', ( #901 ), #2007 ) ;
#172 = CIRCLE ( 'NONE', #1148, 0.09999999999999982514 ) ;
#173 = DIRECTION ( 'NONE',  ( 0.000000000000000000, 0.000000000000000000, -1.000000000000000000 ) ) ;
#174 = FACE_OUTER_BOUND ( 'NONE', #1849, .T. ) ;
#175 = DIRECTION ( 'NONE',  ( -1.000000000000000000, 0.000000000000000000, 0.000000000000000000 ) ) ;
#176 = SURFACE_STYLE_FILL_AREA ( #146 ) ;
#177 = DIRECTION ( 'NONE',  ( 1.000000000000000000, 0.000000000000000000, 0.000000000000000000 ) ) ;
#178 = ORIENTED_EDGE ( 'NONE', *, *, #1057, .T. ) ;
#179 = FACE_OUTER_BOUND ( 'NONE', #882, .T. ) ;
#180 =( NAMED_UNIT ( * ) SI_UNIT ( $, .STERADIAN. ) SOLID_ANGLE_UNIT ( ) );
#181 = VERTEX_POINT ( 'NONE', #716 ) ;
#182 =( NAMED_UNIT ( * ) SI_UNIT ( $, .STERADIAN. ) SOLID_ANGLE_UNIT ( ) );
#183 = UNCERTAINTY_MEASURE_WITH_UNIT (LENGTH_MEASURE( 1.000000000000000082E-05 ), #2570, 'distance_accuracy_value', 'NONE');
#184 = EDGE_CURVE ( 'NONE', #277, #354, #1024, .T. ) ;
#185 = DIRECTION ( 'NONE',  ( -1.000000000000000000, 0.000000000000000000, -0.000000000000000000 ) ) ;
#186 = SURFACE_STYLE_FILL_AREA ( #1737 ) ;
#187 = DIRECTION ( 'NONE',  ( 0.000000000000000000, 1.000000000000000000, 0.000000000000000000 ) ) ;
#188 =( NAMED_UNIT ( * ) PLANE_ANGLE_UNIT ( ) SI_UNIT ( $, .RADIAN. ) );
#189 = ORIENTED_EDGE ( 'NONE', *, *, #1617, .F. ) ;
#190 = STYLED_ITEM ( 'NONE', ( #999 ), #41 ) ;
#191 = DIRECTION ( 'NONE',  ( 1.000000000000000000, 0.000000000000000000, 0.000000000000000000 ) ) ;
#192 = SURFACE_STYLE_FILL_AREA ( #643 ) ;
#193 = UNCERTAINTY_MEASURE_WITH_UNIT (LENGTH_MEASURE( 1.000000000000000082E-05 ), #579, 'distance_accuracy_value', 'NONE');
#194 = ORIENTED_EDGE ( 'NONE', *, *, #291, .T. ) ;
#195 = PRESENTATION_STYLE_ASSIGNMENT (( #357 ) ) ;
#196 = AXIS2_PLACEMENT_3D ( 'NONE', #1615, #2538, #1169 ) ;
#197 = DIRECTION ( 'NONE',  ( 1.000000000000000000, 0.000000000000000000, 0.000000000000000000 ) ) ;
#198 = AXIS2_PLACEMENT_3D ( 'NONE', #910, #894, #2489 ) ;
#199 = CARTESIAN_POINT ( 'NONE',  ( 1.999999999999999556, 4.459273369856753279E-16, -0.2000000000000000111 ) ) ;
#200 = MECHANICAL_DESIGN_GEOMETRIC_PRESENTATION_REPRESENTATION (  '', ( #2394 ), #2127 ) ;
#201 = EDGE_CURVE ( 'NONE', #2610, #1676, #2672, .T. ) ;
#202 = ADVANCED_FACE ( 'NONE', ( #2283 ), #1344, .T. ) ;
#203 = DIRECTION ( 'NONE',  ( 1.000000000000000000, 1.224646799147353207E-16, -0.000000000000000000 ) ) ;
#204 = AXIS2_PLACEMENT_3D ( 'NONE', #376, #1958, #805 ) ;
#205 = STYLED_ITEM ( 'NONE', ( #87 ), #1233 ) ;
#206 = ORIENTED_EDGE ( 'NONE', *, *, #1540, .T. ) ;
#207 = DIRECTION ( 'NONE',  ( 0.000000000000000000, 0.000000000000000000, -1.000000000000000000 ) ) ;
#208 = AXIS2_PLACEMENT_3D ( 'NONE', #2125, #545, #128 ) ;
#209 = DIRECTION ( 'NONE',  ( 1.000000000000000000, -0.000000000000000000, 0.000000000000000000 ) ) ;
#210 = DIRECTION ( 'NONE',  ( 0.000000000000000000, 1.000000000000000000, 0.000000000000000000 ) ) ;
#211 = ORIENTED_EDGE ( 'NONE', *, *, #2885, .F. ) ;
#212 = CARTESIAN_POINT ( 'NONE',  ( 1.999999999999999556, 2.000000000000000444, 0.000000000000000000 ) ) ;
#213 =( NAMED_UNIT ( * ) SI_UNIT ( $, .STERADIAN. ) SOLID_ANGLE_UNIT ( ) );
#214 = SURFACE_STYLE_FILL_AREA ( #1320 ) ;
#215 = FILL_AREA_STYLE ('',( #2223 ) ) ;
#216 = MECHANICAL_DESIGN_GEOMETRIC_PRESENTATION_REPRESENTATION (  '', ( #2551 ), #2096 ) ;
#217 = PRESENTATION_LAYER_ASSIGNMENT (  '', '', ( #1956 ) ) ;
#218 = MECHANICAL_DESIGN_GEOMETRIC_PRESENTATION_REPRESENTATION (  '', ( #904 ), #1242 ) ;
#219 = COLOUR_RGB ( '',0.8039215686274510109, 0.8039215686274510109, 0.8039215686274510109 ) ;
#220 = EDGE_LOOP ( 'NONE', ( #61, #2563, #296, #2448 ) ) ;
#221 = CARTESIAN_POINT ( 'NONE',  ( -1.000000000000000444, -1.999999999999999556, 0.000000000000000000 ) ) ;
#222 = EDGE_CURVE ( 'NONE', #1593, #1481, #515, .T. ) ;
#223 = DIRECTION ( 'NONE',  ( 0.000000000000000000, 1.000000000000000000, 0.000000000000000000 ) ) ;
#224 =( NAMED_UNIT ( * ) SI_UNIT ( $, .STERADIAN. ) SOLID_ANGLE_UNIT ( ) );
#225 = EDGE_LOOP ( 'NONE', ( #627, #2476 ) ) ;
#226 = FACE_OUTER_BOUND ( 'NONE', #2356, .T. ) ;
#227 = SURFACE_SIDE_STYLE ('',( #40 ) ) ;
#228 =( NAMED_UNIT ( * ) PLANE_ANGLE_UNIT ( ) SI_UNIT ( $, .RADIAN. ) );
#229 = CARTESIAN_POINT ( 'NONE',  ( -1.000000000000000444, 4.336808689942017736E-16, 0.000000000000000000 ) ) ;
#230 = EDGE_CURVE ( 'NONE', #1959, #1835, #2119, .T. ) ;
#231 = VERTEX_POINT ( 'NONE', #1358 ) ;
#232 = FACE_OUTER_BOUND ( 'NONE', #2863, .T. ) ;
#233 = ADVANCED_FACE ( 'NONE', ( #1152 ), #459, .T. ) ;
#234 = EDGE_CURVE ( 'NONE', #1699, #2083, #2238, .T. ) ;
#235 = ORIENTED_EDGE ( 'NONE', *, *, #2768, .T. ) ;
#236 = SURFACE_SIDE_STYLE ('',( #398 ) ) ;
#237 = COLOUR_RGB ( '',0.2862745098039215508, 0.2862745098039215508, 0.2862745098039215508 ) ;
#238 =( LENGTH_UNIT ( ) NAMED_UNIT ( * ) SI_UNIT ( .MILLI., .METRE. ) );
#239 = FACE_OUTER_BOUND ( 'NONE', #496, .T. ) ;
#240 = UNCERTAINTY_MEASURE_WITH_UNIT (LENGTH_MEASURE( 1.000000000000000082E-05 ), #1343, 'distance_accuracy_value', 'NONE');
#241 = CIRCLE ( 'NONE', #2210, 0.2499999999999997780 ) ;
#242 = AXIS2_PLACEMENT_3D ( 'NONE', #1369, #913, #2332 ) ;
#243 =( NAMED_UNIT ( * ) SI_UNIT ( $, .STERADIAN. ) SOLID_ANGLE_UNIT ( ) );
#244 =( NAMED_UNIT ( * ) SI_UNIT ( $, .STERADIAN. ) SOLID_ANGLE_UNIT ( ) );
#245 = AXIS2_PLACEMENT_3D ( 'NONE', #2897, #2418, #207 ) ;
#246 = DIRECTION ( 'NONE',  ( 1.000000000000000000, 0.000000000000000000, -0.000000000000000000 ) ) ;
#247 =( LENGTH_UNIT ( ) NAMED_UNIT ( * ) SI_UNIT ( .MILLI., .METRE. ) );
#248 = AXIS2_PLACEMENT_3D ( 'NONE', #1501, #1104, #187 ) ;
#249 = CARTESIAN_POINT ( 'NONE',  ( -3.000000000000000444, -3.999999999999999112, 0.8000000000000000444 ) ) ;
#250 = CIRCLE ( 'NONE', #204, 0.1000000000000000056 ) ;
#251 = AXIS2_PLACEMENT_3D ( 'NONE', #370, #402, #2632 ) ;
#252 = FILL_AREA_STYLE_COLOUR ( '', #2322 ) ;
#253 = ORIENTED_EDGE ( 'NONE', *, *, #2066, .T. ) ;
#254 = CARTESIAN_POINT ( 'NONE',  ( -2.900000000000000799, 3.899999999999999911, 0.1000000000000000472 ) ) ;
#255 = MECHANICAL_DESIGN_GEOMETRIC_PRESENTATION_REPRESENTATION (  '', ( #115 ), #2052 ) ;
#256 = EDGE_CURVE ( 'NONE', #1478, #919, #2165, .T. ) ;
#257 = SPHERICAL_SURFACE ( 'NONE', #2506, 0.2000000000000000111 ) ;
#258 =( NAMED_UNIT ( * ) SI_UNIT ( $, .STERADIAN. ) SOLID_ANGLE_UNIT ( ) );
#259 = EDGE_LOOP ( 'NONE', ( #1253, #194 ) ) ;
#260 = ADVANCED_FACE ( 'NONE', ( #917 ), #889, .T. ) ;
#261 = DIRECTION ( 'NONE',  ( 0.000000000000000000, 1.000000000000000000, 0.000000000000000000 ) ) ;
#262 = MECHANICAL_DESIGN_GEOMETRIC_PRESENTATION_REPRESENTATION (  '', ( #2409 ), #672 ) ;
#263 = CIRCLE ( 'NONE', #1190, 0.1000000000000000472 ) ;
#264 = CIRCLE ( 'NONE', #1147, 0.2499999999999997780 ) ;
#265 = AXIS2_PLACEMENT_3D ( 'NONE', #2696, #209, #641 ) ;
#266 = ORIENTED_EDGE ( 'NONE', *, *, #1669, .T. ) ;
#267 = MECHANICAL_DESIGN_GEOMETRIC_PRESENTATION_REPRESENTATION (  '', ( #812 ), #31 ) ;
#268 = DIRECTION ( 'NONE',  ( 0.000000000000000000, 0.000000000000000000, -1.000000000000000000 ) ) ;
#269 = CARTESIAN_POINT ( 'NONE',  ( 2.899999999999999911, -3.899999999999999467, 0.1000000000000000472 ) ) ;
#270 = PRODUCT_DEFINITION_FORMATION_WITH_SPECIFIED_SOURCE ( 'ANY', '', #1658, .NOT_KNOWN. ) ;
#271 = ORIENTED_EDGE ( 'NONE', *, *, #1285, .F. ) ;
#272 = SURFACE_STYLE_FILL_AREA ( #1817 ) ;
#273 = DIRECTION ( 'NONE',  ( 1.000000000000000000, 1.224646799147353207E-16, -0.000000000000000000 ) ) ;
#274 =( LENGTH_UNIT ( ) NAMED_UNIT ( * ) SI_UNIT ( .MILLI., .METRE. ) );
#275 = SURFACE_STYLE_FILL_AREA ( #1847 ) ;
#276 = SURFACE_STYLE_USAGE ( .BOTH. , #1805 ) ;
#277 = VERTEX_POINT ( 'NONE', #2043 ) ;
#278 = SPHERICAL_SURFACE ( 'NONE', #1413, 0.2000000000000000111 ) ;
#279 = UNCERTAINTY_MEASURE_WITH_UNIT (LENGTH_MEASURE( 1.000000000000000082E-05 ), #1129, 'distance_accuracy_value', 'NONE');
#280 = PRESENTATION_STYLE_ASSIGNMENT (( #2286 ) ) ;
#281 = FILL_AREA_STYLE ('',( #2234 ) ) ;
#282 = EDGE_LOOP ( 'NONE', ( #42, #2786, #2646, #92 ) ) ;
#283 = CARTESIAN_POINT ( 'NONE',  ( 2.899999999999999911, 3.900000000000000355, 0.8000000000000000444 ) ) ;
#284 =( NAMED_UNIT ( * ) PLANE_ANGLE_UNIT ( ) SI_UNIT ( $, .RADIAN. ) );
#285 = VERTEX_POINT ( 'NONE', #45 ) ;
#286 = MECHANICAL_DESIGN_GEOMETRIC_PRESENTATION_REPRESENTATION (  '', ( #190 ), #100 ) ;
#287 = FILL_AREA_STYLE_COLOUR ( '', #1230 ) ;
#288 = SURFACE_STYLE_USAGE ( .BOTH. , #2291 ) ;
#289 = DIRECTION ( 'NONE',  ( 0.000000000000000000, 0.000000000000000000, 1.000000000000000000 ) ) ;
#290 = CIRCLE ( 'NONE', #331, 0.1000000000000000472 ) ;
#291 = EDGE_CURVE ( 'NONE', #120, #1399, #928, .T. ) ;
#292 = ORIENTED_EDGE ( 'NONE', *, *, #2006, .F. ) ;
#293 = DIRECTION ( 'NONE',  ( 1.000000000000000000, 1.224646799147353207E-16, -0.000000000000000000 ) ) ;
#294 = MECHANICAL_DESIGN_GEOMETRIC_PRESENTATION_REPRESENTATION (  '', ( #1554 ), #791 ) ;
#295 = DIRECTION ( 'NONE',  ( 0.000000000000000000, 0.000000000000000000, 1.000000000000000000 ) ) ;
#296 = ORIENTED_EDGE ( 'NONE', *, *, #1486, .T. ) ;
#297 = AXIS2_PLACEMENT_3D ( 'NONE', #1725, #2616, #602 ) ;
#298 = DIRECTION ( 'NONE',  ( 0.000000000000000000, 1.000000000000000000, 0.000000000000000000 ) ) ;
#299 = ORIENTED_EDGE ( 'NONE', *, *, #536, .T. ) ;
#300 = AXIS2_PLACEMENT_3D ( 'NONE', #1011, #1677, #1187 ) ;
#301 = SPHERICAL_SURFACE ( 'NONE', #2265, 0.2000000000000000111 ) ;
#302 = SURFACE_SIDE_STYLE ('',( #1420 ) ) ;
#303 = MECHANICAL_DESIGN_GEOMETRIC_PRESENTATION_REPRESENTATION (  '', ( #1337 ), #538 ) ;
#304 = SPHERICAL_SURFACE ( 'NONE', #311, 0.2000000000000000111 ) ;
#305 = PRESENTATION_STYLE_ASSIGNMENT (( #988 ) ) ;
#306 = EDGE_LOOP ( 'NONE', ( #439, #2200, #2193 ) ) ;
#307 = CARTESIAN_POINT ( 'NONE',  ( 2.999999999999999556, 3.899999999999999911, 0.1000000000000000472 ) ) ;
#308 = STYLED_ITEM ( 'NONE', ( #2374 ), #2642 ) ;
#309 = EDGE_CURVE ( 'NONE', #1425, #1318, #471, .T. ) ;
#310 = SURFACE_SIDE_STYLE ('',( #767 ) ) ;
#311 = AXIS2_PLACEMENT_3D ( 'NONE', #749, #2545, #986 ) ;
#312 = FILL_AREA_STYLE ('',( #2321 ) ) ;
#313 = STYLED_ITEM ( 'NONE', ( #1415 ), #2395 ) ;
#314 = VERTEX_POINT ( 'NONE', #1036 ) ;
#315 = DIRECTION ( 'NONE',  ( 1.000000000000000000, 0.000000000000000000, 0.000000000000000000 ) ) ;
#316 = FACE_OUTER_BOUND ( 'NONE', #1661, .T. ) ;
#317 = SURFACE_STYLE_USAGE ( .BOTH. , #1207 ) ;
#318 = UNCERTAINTY_MEASURE_WITH_UNIT (LENGTH_MEASURE( 1.000000000000000082E-05 ), #1507, 'distance_accuracy_value', 'NONE');
#319 =( NAMED_UNIT ( * ) SI_UNIT ( $, .STERADIAN. ) SOLID_ANGLE_UNIT ( ) );
#320 = CARTESIAN_POINT ( 'NONE',  ( 2.899999999999999911, 0.000000000000000000, 0.6999999999999999556 ) ) ;
#321 = SURFACE_STYLE_FILL_AREA ( #1047 ) ;
#322 = ADVANCED_FACE ( 'NONE', ( #155 ), #1690, .T. ) ;
#323 = EDGE_LOOP ( 'NONE', ( #669, #915, #5, #1154, #2471 ) ) ;
#324 = SURFACE_STYLE_USAGE ( .BOTH. , #1414 ) ;
#325 = FACE_OUTER_BOUND ( 'NONE', #941, .T. ) ;
#326 = PRESENTATION_STYLE_ASSIGNMENT (( #2368 ) ) ;
#327 = FACE_OUTER_BOUND ( 'NONE', #2731, .T. ) ;
#328 = MECHANICAL_DESIGN_GEOMETRIC_PRESENTATION_REPRESENTATION (  '', ( #1787 ), #1928 ) ;
#329 = FILL_AREA_STYLE ('',( #2769 ) ) ;
#330 = CARTESIAN_POINT ( 'NONE',  ( 1.999999999999999556, -0.9999999999999995559, 0.000000000000000000 ) ) ;
#331 = AXIS2_PLACEMENT_3D ( 'NONE', #694, #2105, #93 ) ;
#332 = SURFACE_STYLE_FILL_AREA ( #2760 ) ;
#333 = ORIENTED_EDGE ( 'NONE', *, *, #1467, .T. ) ;
#334 = FILL_AREA_STYLE ('',( #2333 ) ) ;
#335 = FILL_AREA_STYLE_COLOUR ( '', #1143 ) ;
#336 = UNCERTAINTY_MEASURE_WITH_UNIT (LENGTH_MEASURE( 1.000000000000000082E-05 ), #1963, 'distance_accuracy_value', 'NONE');
#337 = EDGE_LOOP ( 'NONE', ( #2298, #631 ) ) ;
#338 = LINE ( 'NONE', #795, #697 ) ;
#339 = AXIS2_PLACEMENT_3D ( 'NONE', #320, #969, #1225 ) ;
#340 = ADVANCED_FACE ( 'NONE', ( #2595 ), #732, .T. ) ;
#341 = SURFACE_STYLE_FILL_AREA ( #2336 ) ;
#342 = STYLED_ITEM ( 'NONE', ( #326 ), #1247 ) ;
#343 = ADVANCED_FACE ( 'NONE', ( #573 ), #1010, .T. ) ;
#344 = CIRCLE ( 'NONE', #799, 0.1000000000000000472 ) ;
#345 = SPHERICAL_SURFACE ( 'NONE', #708, 0.2000000000000000111 ) ;
#346 = DIRECTION ( 'NONE',  ( 0.000000000000000000, 0.000000000000000000, -1.000000000000000000 ) ) ;
#347 = FILL_AREA_STYLE ('',( #1938 ) ) ;
#348 = PRESENTATION_STYLE_ASSIGNMENT (( #2816 ) ) ;
#349 = SPHERICAL_SURFACE ( 'NONE', #2351, 0.2000000000000000111 ) ;
#350 = ORIENTED_EDGE ( 'NONE', *, *, #2823, .T. ) ;
#351 = AXIS2_PLACEMENT_3D ( 'NONE', #2305, #946, #1213 ) ;
#352 = SURFACE_SIDE_STYLE ('',( #2358 ) ) ;
#353 = PRESENTATION_STYLE_ASSIGNMENT (( #1271 ) ) ;
#354 = VERTEX_POINT ( 'NONE', #599 ) ;
#355 = COLOUR_RGB ( '',0.8039215686274510109, 0.8039215686274510109, 0.8039215686274510109 ) ;
#356 = COLOUR_RGB ( '',0.8039215686274510109, 0.8039215686274510109, 0.8039215686274510109 ) ;
#357 = SURFACE_STYLE_USAGE ( .BOTH. , #2390 ) ;
#358 = UNCERTAINTY_MEASURE_WITH_UNIT (LENGTH_MEASURE( 1.000000000000000082E-05 ), #750, 'distance_accuracy_value', 'NONE');
#359 =( NAMED_UNIT ( * ) PLANE_ANGLE_UNIT ( ) SI_UNIT ( $, .RADIAN. ) );
#360 = CARTESIAN_POINT ( 'NONE',  ( 0.000000000000000000, 3.900000000000000355, 0.6999999999999999556 ) ) ;
#361 = B_SPLINE_CURVE_WITH_KNOTS ( 'NONE', 3,
 ( #715, #1786, #2702, #1588, #1831, #2518, #2480 ),
 .UNSPECIFIED., .F., .F.,
 ( 4, 1, 1, 1, 4 ),
 ( 0.000000000000000000, 0.2499999999999994726, 0.4999999999999999445, 0.7500000000000003331, 0.9999999999999998890 ),
 .UNSPECIFIED. ) ;
#362 = SURFACE_STYLE_FILL_AREA ( #347 ) ;
#363 = SURFACE_STYLE_USAGE ( .BOTH. , #1923 ) ;
#364 = ORIENTED_EDGE ( 'NONE', *, *, #1164, .T. ) ;
#365 =( NAMED_UNIT ( * ) PLANE_ANGLE_UNIT ( ) SI_UNIT ( $, .RADIAN. ) );
#366 = DIRECTION ( 'NONE',  ( 0.000000000000000000, 1.000000000000000000, 0.000000000000000000 ) ) ;
#367 = ORIENTED_EDGE ( 'NONE', *, *, #1346, .T. ) ;
#368 =( LENGTH_UNIT ( ) NAMED_UNIT ( * ) SI_UNIT ( .MILLI., .METRE. ) );
#369 = CARTESIAN_POINT ( 'NONE',  ( -2.000000000000000444, 4.336808689942017736E-16, 0.000000000000000000 ) ) ;
#370 = CARTESIAN_POINT ( 'NONE',  ( -4.336808689942017736E-16, -0.9999999999999995559, 0.000000000000000000 ) ) ;
#371 = CIRCLE ( 'NONE', #2715, 0.09999999999999999167 ) ;
#372 = FILL_AREA_STYLE ('',( #1774 ) ) ;
#373 = AXIS2_PLACEMENT_3D ( 'NONE', #2718, #492, #2483 ) ;
#374 = EDGE_CURVE ( 'NONE', #2839, #2896, #338, .T. ) ;
#375 = AXIS2_PLACEMENT_3D ( 'NONE', #1376, #476, #2249 ) ;
#376 = CARTESIAN_POINT ( 'NONE',  ( -2.900000000000000799, -3.899999999999999467, 0.1000000000000000056 ) ) ;
#377 = ORIENTED_EDGE ( 'NONE', *, *, #2280, .T. ) ;
#378 = DIRECTION ( 'NONE',  ( 1.000000000000000000, 0.000000000000000000, 0.000000000000000000 ) ) ;
#379 = PRESENTATION_LAYER_ASSIGNMENT (  '', '', ( #2346 ) ) ;
#380 =( LENGTH_UNIT ( ) NAMED_UNIT ( * ) SI_UNIT ( .MILLI., .METRE. ) );
#381 = STYLED_ITEM ( 'NONE', ( #2149 ), #926 ) ;
#382 = EDGE_LOOP ( 'NONE', ( #1202, #377 ) ) ;
#383 = FILL_AREA_STYLE ('',( #1721 ) ) ;
#384 = CARTESIAN_POINT ( 'NONE',  ( 0.9999999999999995559, -1.999999999999999556, 0.000000000000000000 ) ) ;
#385 = DIRECTION ( 'NONE',  ( 0.000000000000000000, 0.000000000000000000, 1.000000000000000000 ) ) ;
#386 = AXIS2_PLACEMENT_3D ( 'NONE', #526, #119, #539 ) ;
#388 = CARTESIAN_POINT ( 'NONE',  ( -1.000000000000000444, 2.000000000000000444, -0.2000000000000000111 ) ) ;
#387 = COLOUR_RGB ( '',0.8039215686274510109, 0.8039215686274510109, 0.8039215686274510109 ) ;
#389 =( LENGTH_UNIT ( ) NAMED_UNIT ( * ) SI_UNIT ( .MILLI., .METRE. ) );
#390 = DIRECTION ( 'NONE',  ( 0.000000000000000000, -0.000000000000000000, -1.000000000000000000 ) ) ;
#391 = AXIS2_PLACEMENT_3D ( 'NONE', #98, #1443, #948 ) ;
#392 =( NAMED_UNIT ( * ) PLANE_ANGLE_UNIT ( ) SI_UNIT ( $, .RADIAN. ) );
#393 = ORIENTED_EDGE ( 'NONE', *, *, #184, .T. ) ;
#394 = DIRECTION ( 'NONE',  ( 0.000000000000000000, 1.000000000000000000, 0.000000000000000000 ) ) ;
#395 = SURFACE_STYLE_USAGE ( .BOTH. , #1480 ) ;
#396 = PRODUCT_DEFINITION_CONTEXT ( 'detailed design', #1060, 'design' ) ;
#397 = ORIENTED_EDGE ( 'NONE', *, *, #848, .T. ) ;
#398 = SURFACE_STYLE_FILL_AREA ( #884 ) ;
#399 = AXIS2_PLACEMENT_3D ( 'NONE', #2408, #2858, #1257 ) ;
#400 = CIRCLE ( 'NONE', #762, 0.2000000000000000944 ) ;
#401 =( GEOMETRIC_REPRESENTATION_CONTEXT ( 3 ) GLOBAL_UNCERTAINTY_ASSIGNED_CONTEXT ( ( #852 ) ) GLOBAL_UNIT_ASSIGNED_CONTEXT ( ( #2317, #1208, #1868 ) ) REPRESENTATION_CONTEXT ( 'NONE', 'WORKASPACE' ) );
#402 = DIRECTION ( 'NONE',  ( 1.000000000000000000, 1.224646799147353207E-16, -0.000000000000000000 ) ) ;
#403 =( NAMED_UNIT ( * ) PLANE_ANGLE_UNIT ( ) SI_UNIT ( $, .RADIAN. ) );
#404 =( NAMED_UNIT ( * ) SI_UNIT ( $, .STERADIAN. ) SOLID_ANGLE_UNIT ( ) );
#405 = EDGE_LOOP ( 'NONE', ( #863, #1830 ) ) ;
#406 = ADVANCED_FACE ( 'NONE', ( #1466 ), #1096, .T. ) ;
#407 = UNCERTAINTY_MEASURE_WITH_UNIT (LENGTH_MEASURE( 1.000000000000000082E-05 ), #368, 'distance_accuracy_value', 'NONE');
#408 = LINE ( 'NONE', #1298, #2412 ) ;
#409 = VERTEX_POINT ( 'NONE', #70 ) ;
#410 = DIRECTION ( 'NONE',  ( 1.000000000000000000, 0.000000000000000000, 0.000000000000000000 ) ) ;
#411 = ADVANCED_FACE ( 'NONE', ( #226 ), #1797, .T. ) ;
#412 = FACE_OUTER_BOUND ( 'NONE', #1136, .T. ) ;
#413 = SURFACE_SIDE_STYLE ('',( #647 ) ) ;
#414 = UNCERTAINTY_MEASURE_WITH_UNIT (LENGTH_MEASURE( 1.000000000000000082E-05 ), #1782, 'distance_accuracy_value', 'NONE');
#415 = CARTESIAN_POINT ( 'NONE',  ( 1.999999999999999556, 4.336808689942017736E-16, 0.000000000000000000 ) ) ;
#416 = CARTESIAN_POINT ( 'NONE',  ( -4.336808689942017736E-16, -0.9999999999999995559, 0.000000000000000000 ) ) ;
#417 = SPHERICAL_SURFACE ( 'NONE', #248, 0.2000000000000000111 ) ;
#418 = DIRECTION ( 'NONE',  ( 1.000000000000000000, 0.000000000000000000, 0.000000000000000000 ) ) ;
#419 = VECTOR ( 'NONE', #687, 1000.000000000000000 ) ;
#420 = ORIENTED_EDGE ( 'NONE', *, *, #975, .T. ) ;
#421 =( NAMED_UNIT ( * ) PLANE_ANGLE_UNIT ( ) SI_UNIT ( $, .RADIAN. ) );
#422 = CARTESIAN_POINT ( 'NONE',  ( 0.9999999999999995559, 1.000000000000000444, 0.000000000000000000 ) ) ;
#423 = DIRECTION ( 'NONE',  ( 1.000000000000000000, 0.000000000000000000, 0.000000000000000000 ) ) ;
#424 = VERTEX_POINT ( 'NONE', #2010 ) ;
#425 = AXIS2_PLACEMENT_3D ( 'NONE', #1313, #2623, #610 ) ;
#426 = SPHERICAL_SURFACE ( 'NONE', #741, 0.2000000000000000111 ) ;
#427 = SURFACE_STYLE_FILL_AREA ( #2659 ) ;
#428 = AXIS2_PLACEMENT_3D ( 'NONE', #330, #2132, #118 ) ;
#429 = FACE_OUTER_BOUND ( 'NONE', #2478, .T. ) ;
#430 = EDGE_CURVE ( 'NONE', #540, #1912, #241, .T. ) ;
#431 = PRESENTATION_LAYER_ASSIGNMENT (  '', '', ( #1554 ) ) ;
#432 = DIRECTION ( 'NONE',  ( 0.000000000000000000, 0.000000000000000000, 1.000000000000000000 ) ) ;
#433 = PRESENTATION_STYLE_ASSIGNMENT (( #1261 ) ) ;
#434 = CIRCLE ( 'NONE', #2634, 0.09999999999999982514 ) ;
#435 = FACE_OUTER_BOUND ( 'NONE', #1168, .T. ) ;
#436 = FILL_AREA_STYLE_COLOUR ( '', #2492 ) ;
#437 = AXIS2_PLACEMENT_3D ( 'NONE', #1063, #1016, #177 ) ;
#438 = COLOUR_RGB ( '',0.8039215686274510109, 0.8039215686274510109, 0.8039215686274510109 ) ;
#439 = ORIENTED_EDGE ( 'NONE', *, *, #1162, .T. ) ;
#440 = CARTESIAN_POINT ( 'NONE',  ( -2.900000000000000799, 4.000000000000000000, 0.1000000000000000472 ) ) ;
#441 = FACE_OUTER_BOUND ( 'NONE', #1368, .T. ) ;
#442 = LINE ( 'NONE', #1157, #1053 ) ;
#443 = CARTESIAN_POINT ( 'NONE',  ( -2.210595542387839174, 3.900000000000000355, 0.000000000000000000 ) ) ;
#444 = ORIENTED_EDGE ( 'NONE', *, *, #2517, .T. ) ;
#445 = STYLED_ITEM ( 'NONE', ( #1586 ), #2560 ) ;
#446 =( GEOMETRIC_REPRESENTATION_CONTEXT ( 3 ) GLOBAL_UNCERTAINTY_ASSIGNED_CONTEXT ( ( #1433 ) ) GLOBAL_UNIT_ASSIGNED_CONTEXT ( ( #1815, #1338, #1829 ) ) REPRESENTATION_CONTEXT ( 'NONE', 'WORKASPACE' ) );
#447 = CARTESIAN_POINT ( 'NONE',  ( -2.899002531216448908, 3.900000000000001688, 4.987219240429928297E-06 ) ) ;
#448 = DIRECTION ( 'NONE',  ( 0.000000000000000000, 1.000000000000000000, 0.000000000000000000 ) ) ;
#449 = AXIS2_PLACEMENT_3D ( 'NONE', #1693, #1205, #1235 ) ;
#450 = ADVANCED_FACE ( 'NONE', ( #1319 ), #1354, .T. ) ;
#451 = ORIENTED_EDGE ( 'NONE', *, *, #2843, .F. ) ;
#452 = SURFACE_SIDE_STYLE ('',( #2461 ) ) ;
#453 = CARTESIAN_POINT ( 'NONE',  ( -3.000000000000000444, -3.999999999999999112, 0.8000000000000000444 ) ) ;
#454 = PRESENTATION_STYLE_ASSIGNMENT (( #2032 ) ) ;
#455 = EDGE_LOOP ( 'NONE', ( #147, #2284, #1216, #2347 ) ) ;
#456 = DIRECTION ( 'NONE',  ( -1.000000000000000000, 0.000000000000000000, 0.000000000000000000 ) ) ;
#457 =( NAMED_UNIT ( * ) PLANE_ANGLE_UNIT ( ) SI_UNIT ( $, .RADIAN. ) );
#458 = FACE_OUTER_BOUND ( 'NONE', #2869, .T. ) ;
#459 = SPHERICAL_SURFACE ( 'NONE', #145, 0.1000000000000000056 ) ;
#460 =( NAMED_UNIT ( * ) PLANE_ANGLE_UNIT ( ) SI_UNIT ( $, .RADIAN. ) );
#461 = FILL_AREA_STYLE ('',( #1347 ) ) ;
#462 = ORIENTED_EDGE ( 'NONE', *, *, #2707, .T. ) ;
#463 = ADVANCED_FACE ( 'NONE', ( #854 ), #426, .T. ) ;
#464 =( NAMED_UNIT ( * ) SI_UNIT ( $, .STERADIAN. ) SOLID_ANGLE_UNIT ( ) );
#465 = CLOSED_SHELL ( 'NONE', ( #2798, #2296 ) ) ;
#466 =( LENGTH_UNIT ( ) NAMED_UNIT ( * ) SI_UNIT ( .MILLI., .METRE. ) );
#467 = VERTEX_POINT ( 'NONE', #2244 ) ;
#468 =( GEOMETRIC_REPRESENTATION_CONTEXT ( 3 ) GLOBAL_UNCERTAINTY_ASSIGNED_CONTEXT ( ( #2866 ) ) GLOBAL_UNIT_ASSIGNED_CONTEXT ( ( #2846, #403, #2635 ) ) REPRESENTATION_CONTEXT ( 'NONE', 'WORKASPACE' ) );
#469 = PRESENTATION_STYLE_ASSIGNMENT (( #1122 ) ) ;
#470 = LINE ( 'NONE', #2038, #2650 ) ;
#471 = CIRCLE ( 'NONE', #977, 0.2000000000000000111 ) ;
#472 = ORIENTED_EDGE ( 'NONE', *, *, #1820, .F. ) ;
#473 = COLOUR_RGB ( '',0.8039215686274510109, 0.8039215686274510109, 0.8039215686274510109 ) ;
#474 = CYLINDRICAL_SURFACE ( 'NONE', #2219, 0.09999999999999982514 ) ;
#475 = STYLED_ITEM ( 'NONE', ( #2472 ), #850 ) ;
#476 = DIRECTION ( 'NONE',  ( 1.000000000000000000, 0.000000000000000000, 0.000000000000000000 ) ) ;
#477 = MECHANICAL_DESIGN_GEOMETRIC_PRESENTATION_REPRESENTATION (  '', ( #1268 ), #1696 ) ;
#478 = VERTEX_POINT ( 'NONE', #726 ) ;
#479 = AXIS2_PLACEMENT_3D ( 'NONE', #2104, #1879, #736 ) ;
#480 =( NAMED_UNIT ( * ) SI_UNIT ( $, .STERADIAN. ) SOLID_ANGLE_UNIT ( ) );
#481 = UNCERTAINTY_MEASURE_WITH_UNIT (LENGTH_MEASURE( 1.000000000000000082E-05 ), #606, 'distance_accuracy_value', 'NONE');
#482 =( NAMED_UNIT ( * ) SI_UNIT ( $, .STERADIAN. ) SOLID_ANGLE_UNIT ( ) );
#483 =( GEOMETRIC_REPRESENTATION_CONTEXT ( 3 ) GLOBAL_UNCERTAINTY_ASSIGNED_CONTEXT ( ( #1799 ) ) GLOBAL_UNIT_ASSIGNED_CONTEXT ( ( #1221, #1204, #773 ) ) REPRESENTATION_CONTEXT ( 'NONE', 'WORKASPACE' ) );
#484 = DIRECTION ( 'NONE',  ( 1.000000000000000000, 0.000000000000000000, 0.000000000000000000 ) ) ;
#485 = ORIENTED_EDGE ( 'NONE', *, *, #1853, .F. ) ;
#486 = SPHERICAL_SURFACE ( 'NONE', #835, 0.2000000000000000111 ) ;
#487 = CIRCLE ( 'NONE', #208, 0.2000000000000000111 ) ;
#488 = CARTESIAN_POINT ( 'NONE',  ( -1.000000000000000444, -0.9999999999999995559, 0.000000000000000000 ) ) ;
#489 = EDGE_CURVE ( 'NONE', #2735, #354, #2712, .T. ) ;
#490 = ORIENTED_EDGE ( 'NONE', *, *, #2089, .T. ) ;
#491 = CARTESIAN_POINT ( 'NONE',  ( 1.999999999999999556, 1.000000000000000444, -0.2000000000000000111 ) ) ;
#492 = DIRECTION ( 'NONE',  ( 0.000000000000000000, -1.000000000000000000, 0.000000000000000000 ) ) ;
#493 = COLOUR_RGB ( '',0.8039215686274510109, 0.8039215686274510109, 0.8039215686274510109 ) ;
#494 = AXIS2_PLACEMENT_3D ( 'NONE', #1185, #1897, #1450 ) ;
#495 = PRESENTATION_LAYER_ASSIGNMENT (  '', '', ( #1765 ) ) ;
#496 = EDGE_LOOP ( 'NONE', ( #1301, #1854 ) ) ;
#497 = SPHERICAL_SURFACE ( 'NONE', #1173, 0.2000000000000000111 ) ;
#498 = COLOUR_RGB ( '',0.8039215686274510109, 0.8039215686274510109, 0.8039215686274510109 ) ;
#499 = PRESENTATION_LAYER_ASSIGNMENT (  '', '', ( #1769 ) ) ;
#500 = SURFACE_SIDE_STYLE ('',( #1890 ) ) ;
#501 = VERTEX_POINT ( 'NONE', #1643 ) ;
#502 = ADVANCED_FACE ( 'NONE', ( #924 ), #486, .T. ) ;
#503 = SURFACE_STYLE_USAGE ( .BOTH. , #310 ) ;
#504 = EDGE_CURVE ( 'NONE', #231, #2612, #1549, .T. ) ;
#505 = CARTESIAN_POINT ( 'NONE',  ( -4.336808689942017736E-16, 1.000000000000000444, -0.2000000000000000111 ) ) ;
#506 = DIRECTION ( 'NONE',  ( -1.000000000000000000, -0.000000000000000000, -0.000000000000000000 ) ) ;
#507 = SURFACE_STYLE_FILL_AREA ( #933 ) ;
#508 = ORIENTED_EDGE ( 'NONE', *, *, #150, .T. ) ;
#509 =( NAMED_UNIT ( * ) PLANE_ANGLE_UNIT ( ) SI_UNIT ( $, .RADIAN. ) );
#510 = SURFACE_STYLE_USAGE ( .BOTH. , #1447 ) ;
#511 = ORIENTED_EDGE ( 'NONE', *, *, #2315, .T. ) ;
#512 = CARTESIAN_POINT ( 'NONE',  ( -4.336808689942017736E-16, -1.999999999999999556, 0.000000000000000000 ) ) ;
#513 =( LENGTH_UNIT ( ) NAMED_UNIT ( * ) SI_UNIT ( .MILLI., .METRE. ) );
#514 = STYLED_ITEM ( 'NONE', ( #1308 ), #83 ) ;
#515 = CIRCLE ( 'NONE', #1365, 0.1000000000000000472 ) ;
#516 = CARTESIAN_POINT ( 'NONE',  ( 2.999999999999999556, 3.900000000000000355, 0.6999999999999999556 ) ) ;
#517 = CIRCLE ( 'NONE', #1599, 0.2000000000000000111 ) ;
#518 = DIRECTION ( 'NONE',  ( 0.000000000000000000, 1.000000000000000000, 0.000000000000000000 ) ) ;
#519 = ADVANCED_FACE ( 'NONE', ( #52 ), #2304, .T. ) ;
#520 = UNCERTAINTY_MEASURE_WITH_UNIT (LENGTH_MEASURE( 1.000000000000000082E-05 ), #1537, 'distance_accuracy_value', 'NONE');
#521 = CARTESIAN_POINT ( 'NONE',  ( 1.999999999999999556, 1.000000000000000444, 0.000000000000000000 ) ) ;
#522 = COLOUR_RGB ( '',0.8039215686274510109, 0.8039215686274510109, 0.8039215686274510109 ) ;
#523 = CARTESIAN_POINT ( 'NONE',  ( -1.000000000000000444, -1.999999999999999556, 0.000000000000000000 ) ) ;
#524 = EDGE_CURVE ( 'NONE', #181, #929, #656, .T. ) ;
#525 =( GEOMETRIC_REPRESENTATION_CONTEXT ( 3 ) GLOBAL_UNCERTAINTY_ASSIGNED_CONTEXT ( ( #1022 ) ) GLOBAL_UNIT_ASSIGNED_CONTEXT ( ( #2609, #392, #2373 ) ) REPRESENTATION_CONTEXT ( 'NONE', 'WORKASPACE' ) );
#526 = CARTESIAN_POINT ( 'NONE',  ( -1.000000000000000444, 4.336808689942017736E-16, 0.000000000000000000 ) ) ;
#527 = ORIENTED_EDGE ( 'NONE', *, *, #184, .F. ) ;
#528 = DIRECTION ( 'NONE',  ( 0.000000000000000000, 0.000000000000000000, 1.000000000000000000 ) ) ;
#529 = SURFACE_SIDE_STYLE ('',( #1441 ) ) ;
#530 = CIRCLE ( 'NONE', #1705, 0.2000000000000000111 ) ;
#531 =( NAMED_UNIT ( * ) PLANE_ANGLE_UNIT ( ) SI_UNIT ( $, .RADIAN. ) );
#532 = FILL_AREA_STYLE_COLOUR ( '', #356 ) ;
#533 = EDGE_CURVE ( 'NONE', #840, #1550, #2486, .T. ) ;
#534 = FACE_OUTER_BOUND ( 'NONE', #1744, .T. ) ;
#535 =( NAMED_UNIT ( * ) SI_UNIT ( $, .STERADIAN. ) SOLID_ANGLE_UNIT ( ) );
#536 = EDGE_CURVE ( 'NONE', #725, #2441, #1426, .T. ) ;
#537 = AXIS2_PLACEMENT_3D ( 'NONE', #1851, #2523, #2073 ) ;
#538 =( GEOMETRIC_REPRESENTATION_CONTEXT ( 3 ) GLOBAL_UNCERTAINTY_ASSIGNED_CONTEXT ( ( #88 ) ) GLOBAL_UNIT_ASSIGNED_CONTEXT ( ( #94, #284, #1440 ) ) REPRESENTATION_CONTEXT ( 'NONE', 'WORKASPACE' ) );
#539 = DIRECTION ( 'NONE',  ( 0.000000000000000000, 1.000000000000000000, 0.000000000000000000 ) ) ;
#540 = VERTEX_POINT ( 'NONE', #1200 ) ;
#541 = DIRECTION ( 'NONE',  ( 0.000000000000000000, 0.000000000000000000, 1.000000000000000000 ) ) ;
#542 = COLOUR_RGB ( '',0.8039215686274510109, 0.8039215686274510109, 0.8039215686274510109 ) ;
#543 = DIRECTION ( 'NONE',  ( 1.000000000000000000, 0.000000000000000000, 0.000000000000000000 ) ) ;
#544 = ORIENTED_EDGE ( 'NONE', *, *, #848, .F. ) ;
#545 = DIRECTION ( 'NONE',  ( 1.000000000000000000, 1.224646799147353207E-16, -0.000000000000000000 ) ) ;
#546 = DIRECTION ( 'NONE',  ( 1.000000000000000000, 0.000000000000000000, 0.000000000000000000 ) ) ;
#547 = CARTESIAN_POINT ( 'NONE',  ( -1.000000000000000444, -0.9999999999999995559, 0.000000000000000000 ) ) ;
#548 = CARTESIAN_POINT ( 'NONE',  ( -2.400000000000000799, 3.400000000000000355, 0.7900000000000000355 ) ) ;
#549 = PRESENTATION_STYLE_ASSIGNMENT (( #2372 ) ) ;
#550 = CARTESIAN_POINT ( 'NONE',  ( -2.150000000000000799, 3.400000000000000355, 0.7900000000000000355 ) ) ;
#551 =( NAMED_UNIT ( * ) SI_UNIT ( $, .STERADIAN. ) SOLID_ANGLE_UNIT ( ) );
#552 = EDGE_CURVE ( 'NONE', #2896, #2138, #1455, .T. ) ;
#553 = SURFACE_SIDE_STYLE ('',( #580 ) ) ;
#554 = PRESENTATION_STYLE_ASSIGNMENT (( #503 ) ) ;
#555 = SURFACE_STYLE_USAGE ( .BOTH. , #529 ) ;
#556 = ORIENTED_EDGE ( 'NONE', *, *, #2494, .T. ) ;
#557 = AXIS2_PLACEMENT_3D ( 'NONE', #249, #1133, #909 ) ;
#558 = DIRECTION ( 'NONE',  ( -1.000000000000000000, 0.000000000000000000, 0.000000000000000000 ) ) ;
#559 =( NAMED_UNIT ( * ) SI_UNIT ( $, .STERADIAN. ) SOLID_ANGLE_UNIT ( ) );
#560 = AXIS2_PLACEMENT_3D ( 'NONE', #1278, #175, #1833 ) ;
#561 = CARTESIAN_POINT ( 'NONE',  ( -1.000000000000000444, 2.000000000000000444, 0.000000000000000000 ) ) ;
#562 = CYLINDRICAL_SURFACE ( 'NONE', #1054, 0.1000000000000000472 ) ;
#563 =( GEOMETRIC_REPRESENTATION_CONTEXT ( 3 ) GLOBAL_UNCERTAINTY_ASSIGNED_CONTEXT ( ( #1766 ) ) GLOBAL_UNIT_ASSIGNED_CONTEXT ( ( #2237, #2424, #2671 ) ) REPRESENTATION_CONTEXT ( 'NONE', 'WORKASPACE' ) );
#564 = CIRCLE ( 'NONE', #2121, 0.09999999999999982514 ) ;
#565 = ORIENTED_EDGE ( 'NONE', *, *, #1382, .T. ) ;
#566 = PRESENTATION_LAYER_ASSIGNMENT (  '', '', ( #1552 ) ) ;
#567 = CARTESIAN_POINT ( 'NONE',  ( 2.899999999999999911, -3.899999999999999467, 0.1000000000000000333 ) ) ;
#568 = DIRECTION ( 'NONE',  ( 0.000000000000000000, 1.000000000000000000, 0.000000000000000000 ) ) ;
#569 = PRESENTATION_LAYER_ASSIGNMENT (  '', '', ( #1416 ) ) ;
#570 = FILL_AREA_STYLE ('',( #335 ) ) ;
#571 = UNCERTAINTY_MEASURE_WITH_UNIT (LENGTH_MEASURE( 1.000000000000000082E-05 ), #2701, 'distance_accuracy_value', 'NONE');
#572 = EDGE_LOOP ( 'NONE', ( #2257, #720 ) ) ;
#573 = FACE_OUTER_BOUND ( 'NONE', #2319, .T. ) ;
#574 = DIRECTION ( 'NONE',  ( 0.000000000000000000, 1.000000000000000000, 0.000000000000000000 ) ) ;
#575 = STYLED_ITEM ( 'NONE', ( #2247 ), #1579 ) ;
#576 = STYLED_ITEM ( 'NONE', ( #2080 ), #1629 ) ;
#577 = DIRECTION ( 'NONE',  ( 1.000000000000000000, 0.000000000000000000, 0.000000000000000000 ) ) ;
#578 = STYLED_ITEM ( 'NONE', ( #2733 ), #2262 ) ;
#579 =( LENGTH_UNIT ( ) NAMED_UNIT ( * ) SI_UNIT ( .MILLI., .METRE. ) );
#580 = SURFACE_STYLE_FILL_AREA ( #1479 ) ;
#581 = VECTOR ( 'NONE', #1999, 1000.000000000000000 ) ;
#582 =( NAMED_UNIT ( * ) PLANE_ANGLE_UNIT ( ) SI_UNIT ( $, .RADIAN. ) );
#583 = FACE_OUTER_BOUND ( 'NONE', #1927, .T. ) ;
#584 = AXIS2_PLACEMENT_3D ( 'NONE', #422, #1315, #2887 ) ;
#585 = VERTEX_POINT ( 'NONE', #283 ) ;
#586 = SURFACE_STYLE_USAGE ( .BOTH. , #2310 ) ;
#587 = PRESENTATION_LAYER_ASSIGNMENT (  '', '', ( #901 ) ) ;
#588 = AXIS2_PLACEMENT_3D ( 'NONE', #996, #86, #113 ) ;
#589 =( NAMED_UNIT ( * ) PLANE_ANGLE_UNIT ( ) SI_UNIT ( $, .RADIAN. ) );
#590 = SURFACE_STYLE_USAGE ( .BOTH. , #1707 ) ;
#591 = EDGE_CURVE ( 'NONE', #1182, #639, #290, .T. ) ;
#592 = CARTESIAN_POINT ( 'NONE',  ( -2.400000000000000799, 3.400000000000000355, 0.7900000000000000355 ) ) ;
#593 = DIRECTION ( 'NONE',  ( -1.000000000000000000, 0.000000000000000000, 0.000000000000000000 ) ) ;
#594 = CARTESIAN_POINT ( 'NONE',  ( -4.336808689942017736E-16, -0.9999999999999995559, 0.2000000000000000111 ) ) ;
#595 = FACE_OUTER_BOUND ( 'NONE', #2205, .T. ) ;
#596 = SURFACE_STYLE_USAGE ( .BOTH. , #553 ) ;
#597 = FACE_OUTER_BOUND ( 'NONE', #1409, .T. ) ;
#598 = ORIENTED_EDGE ( 'NONE', *, *, #1285, .T. ) ;
#599 = CARTESIAN_POINT ( 'NONE',  ( -3.000000000000000444, -3.899999999999999467, 0.6999999999999999556 ) ) ;
#600 = DIRECTION ( 'NONE',  ( 0.000000000000000000, 1.000000000000000000, 0.000000000000000000 ) ) ;
#601 = CARTESIAN_POINT ( 'NONE',  ( 2.999999999999999556, 3.899999999999999911, 0.1000000000000000472 ) ) ;
#602 = DIRECTION ( 'NONE',  ( 0.000000000000000000, 0.000000000000000000, 1.000000000000000000 ) ) ;
#603 = CARTESIAN_POINT ( 'NONE',  ( -4.336808689942017736E-16, 4.336808689942017736E-16, 0.000000000000000000 ) ) ;
#604 =( LENGTH_UNIT ( ) NAMED_UNIT ( * ) SI_UNIT ( .MILLI., .METRE. ) );
#605 = PRESENTATION_LAYER_ASSIGNMENT (  '', '', ( #190 ) ) ;
#606 =( LENGTH_UNIT ( ) NAMED_UNIT ( * ) SI_UNIT ( .MILLI., .METRE. ) );
#607 = DIRECTION ( 'NONE',  ( -0.000000000000000000, -0.000000000000000000, 1.000000000000000000 ) ) ;
#608 = DIRECTION ( 'NONE',  ( 1.000000000000000000, 1.224646799147353207E-16, -0.000000000000000000 ) ) ;
#609 = ORIENTED_EDGE ( 'NONE', *, *, #1056, .F. ) ;
#610 = DIRECTION ( 'NONE',  ( 0.000000000000000000, 0.000000000000000000, 1.000000000000000000 ) ) ;
#611 = COLOUR_RGB ( '',0.9607843137254902244, 0.9607843137254902244, 0.9607843137254902244 ) ;
#612 = FILL_AREA_STYLE ('',( #2625 ) ) ;
#613 = COLOUR_RGB ( '',0.8039215686274510109, 0.8039215686274510109, 0.8039215686274510109 ) ;
#614 = ORIENTED_EDGE ( 'NONE', *, *, #2103, .F. ) ;
#615 = SURFACE_STYLE_FILL_AREA ( #383 ) ;
#616 = DIRECTION ( 'NONE',  ( -1.000000000000000000, 0.000000000000000000, 0.000000000000000000 ) ) ;
#617 =( LENGTH_UNIT ( ) NAMED_UNIT ( * ) SI_UNIT ( .MILLI., .METRE. ) );
#618 = STYLED_ITEM ( 'NONE', ( #1570 ), #1049 ) ;
#620 = CARTESIAN_POINT ( 'NONE',  ( -1.000000000000000444, -0.9999999999999995559, 0.000000000000000000 ) ) ;
#619 = AXIS2_PLACEMENT_3D ( 'NONE', #2392, #1277, #2844 ) ;
#621 = FILL_AREA_STYLE_COLOUR ( '', #2532 ) ;
#622 = PRESENTATION_LAYER_ASSIGNMENT (  '', '', ( #2311 ) ) ;
#623 = SURFACE_SIDE_STYLE ('',( #1776 ) ) ;
#624 = ADVANCED_FACE ( 'NONE', ( #971 ), #2258, .T. ) ;
#625 = FILL_AREA_STYLE ('',( #2638 ) ) ;
#626 = SURFACE_STYLE_FILL_AREA ( #2397 ) ;
#627 = ORIENTED_EDGE ( 'NONE', *, *, #1439, .F. ) ;
#628 = EDGE_CURVE ( 'NONE', #2434, #1587, #9, .T. ) ;
#629 =( NAMED_UNIT ( * ) SI_UNIT ( $, .STERADIAN. ) SOLID_ANGLE_UNIT ( ) );
#630 = UNCERTAINTY_MEASURE_WITH_UNIT (LENGTH_MEASURE( 1.000000000000000082E-05 ), #691, 'distance_accuracy_value', 'NONE');
#631 = ORIENTED_EDGE ( 'NONE', *, *, #1763, .T. ) ;
#632 =( GEOMETRIC_REPRESENTATION_CONTEXT ( 3 ) GLOBAL_UNCERTAINTY_ASSIGNED_CONTEXT ( ( #1008 ) ) GLOBAL_UNIT_ASSIGNED_CONTEXT ( ( #617, #157, #2615 ) ) REPRESENTATION_CONTEXT ( 'NONE', 'WORKASPACE' ) );
#633 = MECHANICAL_DESIGN_GEOMETRIC_PRESENTATION_REPRESENTATION (  '', ( #170 ), #1953 ) ;
#634 = CARTESIAN_POINT ( 'NONE',  ( -2.000000000000000444, 1.000000000000000444, 0.000000000000000000 ) ) ;
#635 = LINE ( 'NONE', #1723, #2363 ) ;
#636 = DIRECTION ( 'NONE',  ( -1.224646799147350742E-16, 1.000000000000000000, 0.000000000000000000 ) ) ;
#637 = DIRECTION ( 'NONE',  ( 1.000000000000000000, 0.000000000000000000, 0.000000000000000000 ) ) ;
#638 = PRESENTATION_STYLE_ASSIGNMENT (( #1990 ) ) ;
#639 = VERTEX_POINT ( 'NONE', #1673 ) ;
#640 = LINE ( 'NONE', #1746, #2167 ) ;
#641 = DIRECTION ( 'NONE',  ( 0.000000000000000000, 0.000000000000000000, -1.000000000000000000 ) ) ;
#642 = ADVANCED_FACE ( 'NONE', ( #137 ), #2162, .T. ) ;
#643 = FILL_AREA_STYLE ('',( #2753 ) ) ;
#644 = VERTEX_POINT ( 'NONE', #792 ) ;
#645 =( NAMED_UNIT ( * ) SI_UNIT ( $, .STERADIAN. ) SOLID_ANGLE_UNIT ( ) );
#646 = SURFACE_STYLE_USAGE ( .BOTH. , #1355 ) ;
#647 = SURFACE_STYLE_FILL_AREA ( #1933 ) ;
#648 = EDGE_CURVE ( 'NONE', #1603, #2839, #980, .T. ) ;
#649 = CARTESIAN_POINT ( 'NONE',  ( -4.336808689942017736E-16, 2.000000000000000444, 0.000000000000000000 ) ) ;
#650 = MECHANICAL_DESIGN_GEOMETRIC_PRESENTATION_REPRESENTATION (  '', ( #1217 ), #2295 ) ;
#651 = VERTEX_POINT ( 'NONE', #1438 ) ;
#652 = SURFACE_STYLE_USAGE ( .BOTH. , #864 ) ;
#653 = DIRECTION ( 'NONE',  ( 1.000000000000000000, 1.224646799147353207E-16, -0.000000000000000000 ) ) ;
#654 = LINE ( 'NONE', #1794, #675 ) ;
#655 = EDGE_LOOP ( 'NONE', ( #2521, #754, #2117 ) ) ;
#656 = CIRCLE ( 'NONE', #1499, 0.2000000000000000944 ) ;
#657 = PRESENTATION_LAYER_ASSIGNMENT (  '', '', ( #788 ) ) ;
#658 = FILL_AREA_STYLE_COLOUR ( '', #1758 ) ;
#659 = EDGE_CURVE ( 'NONE', #354, #20, #58, .T. ) ;
#660 = SURFACE_STYLE_USAGE ( .BOTH. , #1101 ) ;
#661 = DIRECTION ( 'NONE',  ( -1.224646799147350742E-16, 1.000000000000000000, 0.000000000000000000 ) ) ;
#662 = CIRCLE ( 'NONE', #1321, 0.1999999999999999833 ) ;
#663 = CIRCLE ( 'NONE', #1701, 0.2000000000000000111 ) ;
#664 = SURFACE_STYLE_FILL_AREA ( #461 ) ;
#665 = AXIS2_PLACEMENT_3D ( 'NONE', #369, #1256, #814 ) ;
#666 = EDGE_LOOP ( 'NONE', ( #397, #2680, #2754 ) ) ;
#667 = FACE_OUTER_BOUND ( 'NONE', #2019, .T. ) ;
#668 = SURFACE_STYLE_FILL_AREA ( #1119 ) ;
#669 = ORIENTED_EDGE ( 'NONE', *, *, #1502, .T. ) ;
#670 =( NAMED_UNIT ( * ) PLANE_ANGLE_UNIT ( ) SI_UNIT ( $, .RADIAN. ) );
#671 = MECHANICAL_DESIGN_GEOMETRIC_PRESENTATION_REPRESENTATION (  '', ( #2826 ), #632 ) ;
#672 =( GEOMETRIC_REPRESENTATION_CONTEXT ( 3 ) GLOBAL_UNCERTAINTY_ASSIGNED_CONTEXT ( ( #2360 ) ) GLOBAL_UNIT_ASSIGNED_CONTEXT ( ( #1784, #457, #2246 ) ) REPRESENTATION_CONTEXT ( 'NONE', 'WORKASPACE' ) );
#673 = MECHANICAL_DESIGN_GEOMETRIC_PRESENTATION_REPRESENTATION (  '', ( #123 ), #1284 ) ;
#674 = DIRECTION ( 'NONE',  ( -1.000000000000000000, 0.000000000000000000, 0.000000000000000000 ) ) ;
#675 = VECTOR ( 'NONE', #50, 1000.000000000000000 ) ;
#676 = DIRECTION ( 'NONE',  ( 0.000000000000000000, 0.000000000000000000, 1.000000000000000000 ) ) ;
#677 = MECHANICAL_DESIGN_GEOMETRIC_PRESENTATION_REPRESENTATION (  '', ( #1956 ), #2414 ) ;
#678 = MECHANICAL_DESIGN_GEOMETRIC_PRESENTATION_REPRESENTATION (  '', ( #313 ), #2736 ) ;
#679 = SHAPE_DEFINITION_REPRESENTATION ( #1206, #978 ) ;
#680 = ORIENTED_EDGE ( 'NONE', *, *, #628, .T. ) ;
#681 = FILL_AREA_STYLE_COLOUR ( '', #613 ) ;
#682 = DIRECTION ( 'NONE',  ( -1.000000000000000000, 0.000000000000000000, -0.000000000000000000 ) ) ;
#683 = EDGE_LOOP ( 'NONE', ( #1777, #1172, #1614, #444 ) ) ;
#684 = DIRECTION ( 'NONE',  ( 0.000000000000000000, 0.000000000000000000, 1.000000000000000000 ) ) ;
#685 = SURFACE_STYLE_FILL_AREA ( #2497 ) ;
#686 = DIRECTION ( 'NONE',  ( 0.000000000000000000, 1.000000000000000000, 0.000000000000000000 ) ) ;
#687 = DIRECTION ( 'NONE',  ( 0.000000000000000000, 0.000000000000000000, 1.000000000000000000 ) ) ;
#688 = EDGE_LOOP ( 'NONE', ( #1750, #2335, #2541 ) ) ;
#689 = ADVANCED_FACE ( 'NONE', ( #2593 ), #105, .T. ) ;
#690 = CLOSED_SHELL ( 'NONE', ( #2420, #943 ) ) ;
#691 =( LENGTH_UNIT ( ) NAMED_UNIT ( * ) SI_UNIT ( .MILLI., .METRE. ) );
#692 = DIRECTION ( 'NONE',  ( -1.000000000000000000, 0.000000000000000000, 0.000000000000000000 ) ) ;
#693 = VERTEX_POINT ( 'NONE', #764 ) ;
#694 = CARTESIAN_POINT ( 'NONE',  ( -2.900000000000000799, 3.899999999999999911, 0.6999999999999999556 ) ) ;
#695 = PRESENTATION_LAYER_ASSIGNMENT (  '', '', ( #1114 ) ) ;
#696 = DIRECTION ( 'NONE',  ( 0.000000000000000000, 0.000000000000000000, 1.000000000000000000 ) ) ;
#697 = VECTOR ( 'NONE', #289, 1000.000000000000000 ) ;
#698 = PRESENTATION_LAYER_ASSIGNMENT (  '', '', ( #1121 ) ) ;
#699 = CARTESIAN_POINT ( 'NONE',  ( 0.9999999999999995559, 2.000000000000000444, -0.2000000000000000111 ) ) ;
#700 =( GEOMETRIC_REPRESENTATION_CONTEXT ( 3 ) GLOBAL_UNCERTAINTY_ASSIGNED_CONTEXT ( ( #843 ) ) GLOBAL_UNIT_ASSIGNED_CONTEXT ( ( #967, #1877, #748 ) ) REPRESENTATION_CONTEXT ( 'NONE', 'WORKASPACE' ) );
#701 = DIRECTION ( 'NONE',  ( 0.000000000000000000, 0.000000000000000000, 1.000000000000000000 ) ) ;
#702 = PRESENTATION_LAYER_ASSIGNMENT (  '', '', ( #2306 ) ) ;
#703 = CARTESIAN_POINT ( 'NONE',  ( -2.900000000000000799, 3.900000000000000355, 0.1000000000000000472 ) ) ;
#704 = STYLED_ITEM ( 'NONE', ( #2161 ), #1145 ) ;
#705 =( LENGTH_UNIT ( ) NAMED_UNIT ( * ) SI_UNIT ( .MILLI., .METRE. ) );
#706 = UNCERTAINTY_MEASURE_WITH_UNIT (LENGTH_MEASURE( 1.000000000000000082E-05 ), #1328, 'distance_accuracy_value', 'NONE');
#707 = FILL_AREA_STYLE_COLOUR ( '', #1001 ) ;
#708 = AXIS2_PLACEMENT_3D ( 'NONE', #1246, #1234, #954 ) ;
#709 = SPHERICAL_SURFACE ( 'NONE', #959, 0.2000000000000000111 ) ;
#710 = CARTESIAN_POINT ( 'NONE',  ( -2.900000000000000799, 3.899999999999999911, 0.1000000000000000472 ) ) ;
#711 = EDGE_LOOP ( 'NONE', ( #2243, #490 ) ) ;
#712 = FILL_AREA_STYLE ('',( #2526 ) ) ;
#713 = DIRECTION ( 'NONE',  ( 0.000000000000000000, 1.000000000000000000, 0.000000000000000000 ) ) ;
#714 = EDGE_LOOP ( 'NONE', ( #96, #1761, #1115, #1720 ) ) ;
#715 = CARTESIAN_POINT ( 'NONE',  ( -2.900000000000000799, 3.232984313347758043, 0.000000000000000000 ) ) ;
#716 = CARTESIAN_POINT ( 'NONE',  ( -4.336808689942017736E-16, -1.999999999999999556, 0.2000000000000000111 ) ) ;
#717 = CIRCLE ( 'NONE', #2873, 0.2000000000000000111 ) ;
#718 = CIRCLE ( 'NONE', #2828, 0.2000000000000000111 ) ;
#719 = AXIS2_PLACEMENT_3D ( 'NONE', #1299, #167, #1995 ) ;
#720 = ORIENTED_EDGE ( 'NONE', *, *, #1665, .T. ) ;
#721 = MECHANICAL_DESIGN_GEOMETRIC_PRESENTATION_REPRESENTATION (  '', ( #2699 ), #765 ) ;
#722 = PRESENTATION_LAYER_ASSIGNMENT (  '', '', ( #2008 ) ) ;
#723 = SURFACE_SIDE_STYLE ('',( #1908 ) ) ;
#724 = SURFACE_STYLE_FILL_AREA ( #1436 ) ;
#725 = VERTEX_POINT ( 'NONE', #2787 ) ;
#726 = CARTESIAN_POINT ( 'NONE',  ( 0.9999999999999995559, 4.459273369856753279E-16, 0.2000000000000000111 ) ) ;
#727 = EDGE_CURVE ( 'NONE', #409, #1064, #517, .T. ) ;
#728 = CARTESIAN_POINT ( 'NONE',  ( -2.900000000000000799, -3.899999999999999467, 0.6999999999999999556 ) ) ;
#729 = DIRECTION ( 'NONE',  ( -0.000000000000000000, -0.000000000000000000, 1.000000000000000000 ) ) ;
#730 = EDGE_LOOP ( 'NONE', ( #1281, #1210 ) ) ;
#731 = EDGE_CURVE ( 'NONE', #1699, #2657, #564, .T. ) ;
#732 = SPHERICAL_SURFACE ( 'NONE', #2854, 0.1000000000000000056 ) ;
#733 = DIRECTION ( 'NONE',  ( 0.000000000000000000, 1.000000000000000000, 0.000000000000000000 ) ) ;
#734 =( NAMED_UNIT ( * ) SI_UNIT ( $, .STERADIAN. ) SOLID_ANGLE_UNIT ( ) );
#735 = FILL_AREA_STYLE ('',( #681 ) ) ;
#736 = DIRECTION ( 'NONE',  ( 0.000000000000000000, 0.000000000000000000, -1.000000000000000000 ) ) ;
#737 = ORIENTED_EDGE ( 'NONE', *, *, #758, .T. ) ;
#738 =( LENGTH_UNIT ( ) NAMED_UNIT ( * ) SI_UNIT ( .MILLI., .METRE. ) );
#739 = STYLED_ITEM ( 'NONE', ( #1103 ), #202 ) ;
#740 = EDGE_CURVE ( 'NONE', #2398, #2236, #640, .T. ) ;
#741 = AXIS2_PLACEMENT_3D ( 'NONE', #212, #1600, #942 ) ;
#742 = EDGE_CURVE ( 'NONE', #2087, #2178, #102, .T. ) ;
#743 = ADVANCED_FACE ( 'NONE', ( #1762 ), #1551, .T. ) ;
#744 = FILL_AREA_STYLE_COLOUR ( '', #438 ) ;
#745 = PRESENTATION_LAYER_ASSIGNMENT (  '', '', ( #932 ) ) ;
#746 = SURFACE_STYLE_USAGE ( .BOTH. , #2534 ) ;
#747 = UNCERTAINTY_MEASURE_WITH_UNIT (LENGTH_MEASURE( 1.000000000000000082E-05 ), #1783, 'distance_accuracy_value', 'NONE');
#748 =( NAMED_UNIT ( * ) SI_UNIT ( $, .STERADIAN. ) SOLID_ANGLE_UNIT ( ) );
#749 = CARTESIAN_POINT ( 'NONE',  ( 1.999999999999999556, -0.9999999999999995559, 0.000000000000000000 ) ) ;
#750 =( LENGTH_UNIT ( ) NAMED_UNIT ( * ) SI_UNIT ( .MILLI., .METRE. ) );
#751 = ORIENTED_EDGE ( 'NONE', *, *, #2006, .T. ) ;
#752 = AXIS2_PLACEMENT_3D ( 'NONE', #2689, #273, #686 ) ;
#753 =( NAMED_UNIT ( * ) SI_UNIT ( $, .STERADIAN. ) SOLID_ANGLE_UNIT ( ) );
#754 = ORIENTED_EDGE ( 'NONE', *, *, #1138, .T. ) ;
#755 = CIRCLE ( 'NONE', #2402, 0.09999999999999982514 ) ;
#756 = FILL_AREA_STYLE ('',( #287 ) ) ;
#757 = DIRECTION ( 'NONE',  ( 1.000000000000000000, -0.000000000000000000, -0.000000000000000000 ) ) ;
#758 = EDGE_CURVE ( 'NONE', #1240, #2509, #1092, .T. ) ;
#759 = PRESENTATION_STYLE_ASSIGNMENT (( #2767 ) ) ;
#760 = AXIS2_PLACEMENT_3D ( 'NONE', #2773, #2345, #1645 ) ;
#761 = COLOUR_RGB ( '',0.8039215686274510109, 0.8039215686274510109, 0.8039215686274510109 ) ;
#762 = AXIS2_PLACEMENT_3D ( 'NONE', #1400, #807, #568 ) ;
#763 = ORIENTED_EDGE ( 'NONE', *, *, #1486, .F. ) ;
#764 = CARTESIAN_POINT ( 'NONE',  ( -2.000000000000000444, -1.999999999999999556, -0.2000000000000000111 ) ) ;
#765 =( GEOMETRIC_REPRESENTATION_CONTEXT ( 3 ) GLOBAL_UNCERTAINTY_ASSIGNED_CONTEXT ( ( #1066 ) ) GLOBAL_UNIT_ASSIGNED_CONTEXT ( ( #2380, #2172, #1044 ) ) REPRESENTATION_CONTEXT ( 'NONE', 'WORKASPACE' ) );
#766 = MECHANICAL_DESIGN_GEOMETRIC_PRESENTATION_REPRESENTATION (  '', ( #858 ), #2775 ) ;
#767 = SURFACE_STYLE_FILL_AREA ( #334 ) ;
#768 = DIRECTION ( 'NONE',  ( 0.000000000000000000, 1.000000000000000000, 0.000000000000000000 ) ) ;
#769 = UNCERTAINTY_MEASURE_WITH_UNIT (LENGTH_MEASURE( 1.000000000000000082E-05 ), #1102, 'distance_accuracy_value', 'NONE');
#770 = ORIENTED_EDGE ( 'NONE', *, *, #1270, .T. ) ;
#771 = CARTESIAN_POINT ( 'NONE',  ( 1.999999999999999556, -1.999999999999999556, 0.2000000000000000111 ) ) ;
#772 = CARTESIAN_POINT ( 'NONE',  ( -4.336808689942017736E-16, -1.999999999999999556, 0.000000000000000000 ) ) ;
#773 =( NAMED_UNIT ( * ) SI_UNIT ( $, .STERADIAN. ) SOLID_ANGLE_UNIT ( ) );
#774 = FACE_OUTER_BOUND ( 'NONE', #2466, .T. ) ;
#775 = SURFACE_SIDE_STYLE ('',( #831 ) ) ;
#776 = SURFACE_STYLE_USAGE ( .BOTH. , #2301 ) ;
#777 = ADVANCED_FACE ( 'NONE', ( #179 ), #834, .T. ) ;
#778 = CARTESIAN_POINT ( 'NONE',  ( -2.000000000000000444, -1.999999999999999556, 0.000000000000000000 ) ) ;
#779 = SURFACE_STYLE_FILL_AREA ( #570 ) ;
#780 = VERTEX_POINT ( 'NONE', #1729 ) ;
#781 = PRESENTATION_STYLE_ASSIGNMENT (( #586 ) ) ;
#782 = CLOSED_SHELL ( 'NONE', ( #2085, #2618 ) ) ;
#783 = LINE ( 'NONE', #2765, #2606 ) ;
#784 = AXIS2_PLACEMENT_3D ( 'NONE', #2022, #261, #1590 ) ;
#785 = AXIS2_PLACEMENT_3D ( 'NONE', #2362, #1863, #2613 ) ;
#786 =( GEOMETRIC_REPRESENTATION_CONTEXT ( 3 ) GLOBAL_UNCERTAINTY_ASSIGNED_CONTEXT ( ( #1290 ) ) GLOBAL_UNIT_ASSIGNED_CONTEXT ( ( #1944, #1241, #2118 ) ) REPRESENTATION_CONTEXT ( 'NONE', 'WORKASPACE' ) );
#787 =( NAMED_UNIT ( * ) PLANE_ANGLE_UNIT ( ) SI_UNIT ( $, .RADIAN. ) );
#788 = STYLED_ITEM ( 'NONE', ( #1740 ), #943 ) ;
#789 = FACE_OUTER_BOUND ( 'NONE', #1004, .T. ) ;
#790 = ORIENTED_EDGE ( 'NONE', *, *, #2066, .F. ) ;
#791 =( GEOMETRIC_REPRESENTATION_CONTEXT ( 3 ) GLOBAL_UNCERTAINTY_ASSIGNED_CONTEXT ( ( #2072 ) ) GLOBAL_UNIT_ASSIGNED_CONTEXT ( ( #2493, #1352, #224 ) ) REPRESENTATION_CONTEXT ( 'NONE', 'WORKASPACE' ) );
#792 = CARTESIAN_POINT ( 'NONE',  ( 2.900000000000000355, 3.900000000000000355, 0.000000000000000000 ) ) ;
#793 = ADVANCED_FACE ( 'NONE', ( #667 ), #2864, .T. ) ;
#794 = VERTEX_POINT ( 'NONE', #1506 ) ;
#795 = CARTESIAN_POINT ( 'NONE',  ( -2.150000000000000799, 3.400000000000000355, 0.7900000000000000355 ) ) ;
#796 = DIRECTION ( 'NONE',  ( 1.000000000000000000, 0.000000000000000000, 0.000000000000000000 ) ) ;
#797 = DIRECTION ( 'NONE',  ( 1.000000000000000000, -0.000000000000000000, 0.000000000000000000 ) ) ;
#798 = AXIS2_PLACEMENT_3D ( 'NONE', #592, #1545, #1484 ) ;
#799 = AXIS2_PLACEMENT_3D ( 'NONE', #1483, #616, #169 ) ;
#800 = CARTESIAN_POINT ( 'NONE',  ( -2.900000000000000799, 3.232984313347758043, 0.000000000000000000 ) ) ;
#801 = DIRECTION ( 'NONE',  ( 0.000000000000000000, 1.000000000000000000, 0.000000000000000000 ) ) ;
#802 =( LENGTH_UNIT ( ) NAMED_UNIT ( * ) SI_UNIT ( .MILLI., .METRE. ) );
#803 = MECHANICAL_DESIGN_GEOMETRIC_PRESENTATION_REPRESENTATION (  '', ( #2278 ), #1708 ) ;
#804 = PRESENTATION_STYLE_ASSIGNMENT (( #1715 ) ) ;
#805 = DIRECTION ( 'NONE',  ( 0.000000000000000000, 0.000000000000000000, 1.000000000000000000 ) ) ;
#806 = PRESENTATION_LAYER_ASSIGNMENT (  '', '', ( #2002 ) ) ;
#807 = DIRECTION ( 'NONE',  ( 1.000000000000000000, 1.224646799147353207E-16, -0.000000000000000000 ) ) ;
#808 = CARTESIAN_POINT ( 'NONE',  ( -2.900000000000000799, 0.000000000000000000, 0.8000000000000000444 ) ) ;
#809 = AXIS2_PLACEMENT_3D ( 'NONE', #2049, #484, #210 ) ;
#810 = PRESENTATION_LAYER_ASSIGNMENT (  '', '', ( #1099 ) ) ;
#811 = ORIENTED_EDGE ( 'NONE', *, *, #2722, .F. ) ;
#812 = STYLED_ITEM ( 'NONE', ( #804 ), #2886 ) ;
#813 = COLOUR_RGB ( '',0.8039215686274510109, 0.8039215686274510109, 0.8039215686274510109 ) ;
#814 = DIRECTION ( 'NONE',  ( 0.000000000000000000, 1.000000000000000000, 0.000000000000000000 ) ) ;
#815 = LINE ( 'NONE', #1069, #1901 ) ;
#816 = DIRECTION ( 'NONE',  ( 0.000000000000000000, 0.000000000000000000, 1.000000000000000000 ) ) ;
#817 = ORIENTED_EDGE ( 'NONE', *, *, #2365, .T. ) ;
#818 = DIRECTION ( 'NONE',  ( 1.000000000000000000, 0.000000000000000000, 0.000000000000000000 ) ) ;
#819 = SURFACE_SIDE_STYLE ('',( #1491 ) ) ;
#820 = EDGE_LOOP ( 'NONE', ( #994, #2095 ) ) ;
#821 = SURFACE_SIDE_STYLE ('',( #615 ) ) ;
#822 = CARTESIAN_POINT ( 'NONE',  ( -2.000000000000000444, 4.336808689942017736E-16, 0.000000000000000000 ) ) ;
#823 = ADVANCED_FACE ( 'NONE', ( #1297 ), #278, .T. ) ;
#824 = CARTESIAN_POINT ( 'NONE',  ( -1.000000000000000444, 4.459273369856753279E-16, 0.2000000000000000111 ) ) ;
#825 = CLOSED_SHELL ( 'NONE', ( #411, #2056 ) ) ;
#826 = CARTESIAN_POINT ( 'NONE',  ( 1.999999999999999556, -1.999999999999999556, -0.2000000000000000111 ) ) ;
#827 = EDGE_CURVE ( 'NONE', #424, #780, #2438, .T. ) ;
#828 = AXIS2_PLACEMENT_3D ( 'NONE', #1970, #203, #1500 ) ;
#829 =( LENGTH_UNIT ( ) NAMED_UNIT ( * ) SI_UNIT ( .MILLI., .METRE. ) );
#830 = PRESENTATION_LAYER_ASSIGNMENT (  '', '', ( #739 ) ) ;
#831 = SURFACE_STYLE_FILL_AREA ( #625 ) ;
#832 = CARTESIAN_POINT ( 'NONE',  ( -2.900000000000000799, 3.900000000000000355, 0.8000000000000000444 ) ) ;
#833 = ORIENTED_EDGE ( 'NONE', *, *, #1742, .F. ) ;
#834 = SPHERICAL_SURFACE ( 'NONE', #2803, 0.2000000000000000111 ) ;
#835 = AXIS2_PLACEMENT_3D ( 'NONE', #2477, #2063, #2320 ) ;
#836 = UNCERTAINTY_MEASURE_WITH_UNIT (LENGTH_MEASURE( 1.000000000000000082E-05 ), #2586, 'distance_accuracy_value', 'NONE');
#837 = DIRECTION ( 'NONE',  ( 1.000000000000000000, 1.224646799147353207E-16, -0.000000000000000000 ) ) ;
#838 = SURFACE_STYLE_USAGE ( .BOTH. , #1525 ) ;
#839 = STYLED_ITEM ( 'NONE', ( #1349 ), #823 ) ;
#840 = VERTEX_POINT ( 'NONE', #1582 ) ;
#841 = MECHANICAL_DESIGN_GEOMETRIC_PRESENTATION_REPRESENTATION (  '', ( #2807 ), #888 ) ;
#842 = DIRECTION ( 'NONE',  ( -0.000000000000000000, 1.000000000000000000, -0.000000000000000000 ) ) ;
#843 = UNCERTAINTY_MEASURE_WITH_UNIT (LENGTH_MEASURE( 1.000000000000000082E-05 ), #967, 'distance_accuracy_value', 'NONE');
#844 = PRESENTATION_LAYER_ASSIGNMENT (  '', '', ( #2636 ) ) ;
#846 = VECTOR ( 'NONE', #173, 1000.000000000000000 ) ;
#845 = CARTESIAN_POINT ( 'NONE',  ( -2.900000000000000799, -3.899999999999999467, 0.1000000000000000472 ) ) ;
#847 = SURFACE_STYLE_FILL_AREA ( #372 ) ;
#848 = EDGE_CURVE ( 'NONE', #1699, #725, #1792, .T. ) ;
#849 = ORIENTED_EDGE ( 'NONE', *, *, #2783, .T. ) ;
#850 = ADVANCED_FACE ( 'NONE', ( #74 ), #497, .T. ) ;
#851 = CARTESIAN_POINT ( 'NONE',  ( -1.000000000000000444, 1.000000000000000444, 0.2000000000000000111 ) ) ;
#852 = UNCERTAINTY_MEASURE_WITH_UNIT (LENGTH_MEASURE( 1.000000000000000082E-05 ), #2317, 'distance_accuracy_value', 'NONE');
#853 = ORIENTED_EDGE ( 'NONE', *, *, #533, .F. ) ;
#854 = FACE_OUTER_BOUND ( 'NONE', #970, .T. ) ;
#855 = STYLED_ITEM ( 'NONE', ( #2598 ), #2530 ) ;
#856 = CARTESIAN_POINT ( 'NONE',  ( 0.9999999999999995559, 2.000000000000000444, 0.000000000000000000 ) ) ;
#857 = LINE ( 'NONE', #2168, #2141 ) ;
#858 = STYLED_ITEM ( 'NONE', ( #880 ), #2056 ) ;
#859 = FACE_OUTER_BOUND ( 'NONE', #714, .T. ) ;
#860 = FILL_AREA_STYLE_COLOUR ( '', #1331 ) ;
#861 =( GEOMETRIC_REPRESENTATION_CONTEXT ( 3 ) GLOBAL_UNCERTAINTY_ASSIGNED_CONTEXT ( ( #1996 ) ) GLOBAL_UNIT_ASSIGNED_CONTEXT ( ( #1311, #2025, #908 ) ) REPRESENTATION_CONTEXT ( 'NONE', 'WORKASPACE' ) );
#862 =( NAMED_UNIT ( * ) PLANE_ANGLE_UNIT ( ) SI_UNIT ( $, .RADIAN. ) );
#863 = ORIENTED_EDGE ( 'NONE', *, *, #628, .F. ) ;
#864 = SURFACE_SIDE_STYLE ('',( #1282 ) ) ;
#865 = SURFACE_SIDE_STYLE ('',( #2254 ) ) ;
#866 = FILL_AREA_STYLE ('',( #2018 ) ) ;
#867 = VERTEX_POINT ( 'NONE', #1364 ) ;
#868 = DIRECTION ( 'NONE',  ( 1.000000000000000000, 0.000000000000000000, 0.000000000000000000 ) ) ;
#869 = DIRECTION ( 'NONE',  ( 1.000000000000000000, -0.000000000000000000, -0.000000000000000000 ) ) ;
#870 =( NAMED_UNIT ( * ) SI_UNIT ( $, .STERADIAN. ) SOLID_ANGLE_UNIT ( ) );
#871 = FACE_OUTER_BOUND ( 'NONE', #2799, .T. ) ;
#872 =( LENGTH_UNIT ( ) NAMED_UNIT ( * ) SI_UNIT ( .MILLI., .METRE. ) );
#873 = PRESENTATION_STYLE_ASSIGNMENT (( #2225 ) ) ;
#874 = CLOSED_SHELL ( 'NONE', ( #2880, #2209, #110, #131, #24, #2706, #1350, #642, #1541, #2123, #1925, #2107, #233, #1785, #1146, #1106, #519, #1968, #322, #2070, #2602, #260, #793, #340, #2667, #2159, #743, #624, #1362, #2316 ) ) ;
#875 =( NAMED_UNIT ( * ) SI_UNIT ( $, .STERADIAN. ) SOLID_ANGLE_UNIT ( ) );
#876 = MECHANICAL_DESIGN_GEOMETRIC_PRESENTATION_REPRESENTATION (  '', ( #514 ), #468 ) ;
#877 = ORIENTED_EDGE ( 'NONE', *, *, #727, .F. ) ;
#878 = FILL_AREA_STYLE ('',( #1330 ) ) ;
#879 = PRESENTATION_LAYER_ASSIGNMENT (  '', '', ( #1787 ) ) ;
#880 = PRESENTATION_STYLE_ASSIGNMENT (( #1366 ) ) ;
#881 = SPHERICAL_SURFACE ( 'NONE', #809, 0.2000000000000000111 ) ;
#882 = EDGE_LOOP ( 'NONE', ( #1402, #206 ) ) ;
#883 = PRESENTATION_LAYER_ASSIGNMENT (  '', '', ( #1932 ) ) ;
#884 = FILL_AREA_STYLE ('',( #1751 ) ) ;
#885 = EDGE_CURVE ( 'NONE', #1642, #2268, #2124, .T. ) ;
#886 =( GEOMETRIC_REPRESENTATION_CONTEXT ( 3 ) GLOBAL_UNCERTAINTY_ASSIGNED_CONTEXT ( ( #1983 ) ) GLOBAL_UNIT_ASSIGNED_CONTEXT ( ( #920, #509, #480 ) ) REPRESENTATION_CONTEXT ( 'NONE', 'WORKASPACE' ) );
#887 =( NAMED_UNIT ( * ) PLANE_ANGLE_UNIT ( ) SI_UNIT ( $, .RADIAN. ) );
#888 =( GEOMETRIC_REPRESENTATION_CONTEXT ( 3 ) GLOBAL_UNCERTAINTY_ASSIGNED_CONTEXT ( ( #129 ) ) GLOBAL_UNIT_ASSIGNED_CONTEXT ( ( #466, #1398, #2256 ) ) REPRESENTATION_CONTEXT ( 'NONE', 'WORKASPACE' ) );
#889 = PLANE ( 'NONE',  #1219 ) ;
#890 = SURFACE_STYLE_FILL_AREA ( #2705 ) ;
#891 = PRESENTATION_LAYER_ASSIGNMENT (  '', '', ( #205 ) ) ;
#892 = COLOUR_RGB ( '',0.8039215686274510109, 0.8039215686274510109, 0.8039215686274510109 ) ;
#893 = ORIENTED_EDGE ( 'NONE', *, *, #1820, .T. ) ;
#894 = DIRECTION ( 'NONE',  ( 0.000000000000000000, -1.000000000000000000, 0.000000000000000000 ) ) ;
#895 = FACE_OUTER_BOUND ( 'NONE', #220, .T. ) ;
#896 = SURFACE_STYLE_USAGE ( .BOTH. , #1826 ) ;
#897 = EDGE_LOOP ( 'NONE', ( #84, #1781 ) ) ;
#898 = SURFACE_STYLE_FILL_AREA ( #21 ) ;
#899 = DIRECTION ( 'NONE',  ( 0.000000000000000000, 1.000000000000000000, 0.000000000000000000 ) ) ;
#900 = SPHERICAL_SURFACE ( 'NONE', #1951, 0.2000000000000000111 ) ;
#901 = STYLED_ITEM ( 'NONE', ( #2557 ), #2798 ) ;
#902 = DIRECTION ( 'NONE',  ( 0.000000000000000000, 1.000000000000000000, 0.000000000000000000 ) ) ;
#903 = FACE_OUTER_BOUND ( 'NONE', #168, .T. ) ;
#904 = STYLED_ITEM ( 'NONE', ( #1564 ), #2895 ) ;
#905 = DIRECTION ( 'NONE',  ( -1.000000000000000000, 0.000000000000000000, 0.000000000000000000 ) ) ;
#906 = ADVANCED_FACE ( 'NONE', ( #1823 ), #2084, .T. ) ;
#907 = PRESENTATION_STYLE_ASSIGNMENT (( #1578 ) ) ;
#908 =( NAMED_UNIT ( * ) SI_UNIT ( $, .STERADIAN. ) SOLID_ANGLE_UNIT ( ) );
#909 = DIRECTION ( 'NONE',  ( 0.000000000000000000, 0.000000000000000000, -1.000000000000000000 ) ) ;
#910 = CARTESIAN_POINT ( 'NONE',  ( 2.899999999999999911, -3.899999999999999467, 0.1000000000000000056 ) ) ;
#911 = CARTESIAN_POINT ( 'NONE',  ( -2.000000000000000444, 4.459273369856753279E-16, -0.2000000000000000111 ) ) ;
#912 = ORIENTED_EDGE ( 'NONE', *, *, #2103, .T. ) ;
#913 = DIRECTION ( 'NONE',  ( -1.000000000000000000, 0.000000000000000000, 0.000000000000000000 ) ) ;
#914 = PRESENTATION_STYLE_ASSIGNMENT (( #1401 ) ) ;
#915 = ORIENTED_EDGE ( 'NONE', *, *, #1070, .F. ) ;
#916 = DIRECTION ( 'NONE',  ( 0.000000000000000000, 1.000000000000000000, 0.000000000000000000 ) ) ;
#917 = FACE_OUTER_BOUND ( 'NONE', #2045, .T. ) ;
#918 =( NAMED_UNIT ( * ) SI_UNIT ( $, .STERADIAN. ) SOLID_ANGLE_UNIT ( ) );
#919 = VERTEX_POINT ( 'NONE', #47 ) ;
#920 =( LENGTH_UNIT ( ) NAMED_UNIT ( * ) SI_UNIT ( .MILLI., .METRE. ) );
#921 = CARTESIAN_POINT ( 'NONE',  ( -2.900000000000000799, -3.899999999999999467, 0.1000000000000000472 ) ) ;
#922 = PRESENTATION_STYLE_ASSIGNMENT (( #2433 ) ) ;
#923 = ORIENTED_EDGE ( 'NONE', *, *, #1670, .F. ) ;
#924 = FACE_OUTER_BOUND ( 'NONE', #820, .T. ) ;
#925 = MECHANICAL_DESIGN_GEOMETRIC_PRESENTATION_REPRESENTATION (  '', ( #2208 ), #2023 ) ;
#926 = MANIFOLD_SOLID_BREP ( 'LPattern1[5]', #2114 ) ;
#927 = FILL_AREA_STYLE_COLOUR ( '', #1430 ) ;
#928 = CIRCLE ( 'NONE', #1548, 0.2000000000000000111 ) ;
#929 = VERTEX_POINT ( 'NONE', #2158 ) ;
#930 = FACE_OUTER_BOUND ( 'NONE', #2495, .T. ) ;
#931 = CARTESIAN_POINT ( 'NONE',  ( 0.9999999999999995559, -0.9999999999999995559, 0.000000000000000000 ) ) ;
#932 = STYLED_ITEM ( 'NONE', ( #549 ), #937 ) ;
#933 = FILL_AREA_STYLE ('',( #1393 ) ) ;
#934 = MANIFOLD_SOLID_BREP ( 'LPattern1[15]', #2339 ) ;
#935 = ORIENTED_EDGE ( 'NONE', *, *, #2194, .T. ) ;
#936 = STYLED_ITEM ( 'NONE', ( #2797 ), #1232 ) ;
#937 = ADVANCED_FACE ( 'NONE', ( #774 ), #2815, .T. ) ;
#938 = UNCERTAINTY_MEASURE_WITH_UNIT (LENGTH_MEASURE( 1.000000000000000082E-05 ), #2485, 'distance_accuracy_value', 'NONE');
#939 = CIRCLE ( 'NONE', #619, 0.09999999999999982514 ) ;
#940 = LINE ( 'NONE', #2785, #1606 ) ;
#941 = EDGE_LOOP ( 'NONE', ( #1796, #2423, #1571, #962 ) ) ;
#942 = DIRECTION ( 'NONE',  ( 0.000000000000000000, 1.000000000000000000, 0.000000000000000000 ) ) ;
#943 = ADVANCED_FACE ( 'NONE', ( #2340 ), #417, .T. ) ;
#944 =( GEOMETRIC_REPRESENTATION_CONTEXT ( 3 ) GLOBAL_UNCERTAINTY_ASSIGNED_CONTEXT ( ( #2568 ) ) GLOBAL_UNIT_ASSIGNED_CONTEXT ( ( #1403, #2425, #1966 ) ) REPRESENTATION_CONTEXT ( 'NONE', 'WORKASPACE' ) );
#945 = MANIFOLD_SOLID_BREP ( 'LPattern1[1]', #1732 ) ;
#946 = DIRECTION ( 'NONE',  ( -1.000000000000000000, 0.000000000000000000, 0.000000000000000000 ) ) ;
#947 = SPHERICAL_SURFACE ( 'NONE', #1279, 0.2000000000000000111 ) ;
#948 = DIRECTION ( 'NONE',  ( 0.000000000000000000, 1.000000000000000000, 0.000000000000000000 ) ) ;
#949 = STYLED_ITEM ( 'NONE', ( #2393 ), #2240 ) ;
#950 = FILL_AREA_STYLE_COLOUR ( '', #2297 ) ;
#951 =( NAMED_UNIT ( * ) PLANE_ANGLE_UNIT ( ) SI_UNIT ( $, .RADIAN. ) );
#952 = VECTOR ( 'NONE', #842, 1000.000000000000000 ) ;
#953 = MECHANICAL_DESIGN_GEOMETRIC_PRESENTATION_REPRESENTATION (  '', ( #2772 ), #446 ) ;
#954 = DIRECTION ( 'NONE',  ( 0.000000000000000000, 1.000000000000000000, 0.000000000000000000 ) ) ;
#955 = COLOUR_RGB ( '',0.8039215686274510109, 0.8039215686274510109, 0.8039215686274510109 ) ;
#956 = MANIFOLD_SOLID_BREP ( 'LPattern1[23]', #2669 ) ;
#957 = EDGE_LOOP ( 'NONE', ( #472, #1728 ) ) ;
#958 = SURFACE_STYLE_USAGE ( .BOTH. , #1422 ) ;
#959 = AXIS2_PLACEMENT_3D ( 'NONE', #1196, #2102, #2115 ) ;
#960 = CIRCLE ( 'NONE', #1622, 0.2000000000000000111 ) ;
#961 = FILL_AREA_STYLE_COLOUR ( '', #65 ) ;
#962 = ORIENTED_EDGE ( 'NONE', *, *, #2707, .F. ) ;
#963 = DIRECTION ( 'NONE',  ( 0.000000000000000000, 1.000000000000000000, 0.000000000000000000 ) ) ;
#964 = FACE_OUTER_BOUND ( 'NONE', #225, .T. ) ;
#965 = DIRECTION ( 'NONE',  ( 0.000000000000000000, 1.000000000000000000, 0.000000000000000000 ) ) ;
#966 = SPHERICAL_SURFACE ( 'NONE', #2813, 0.2000000000000000111 ) ;
#967 =( LENGTH_UNIT ( ) NAMED_UNIT ( * ) SI_UNIT ( .MILLI., .METRE. ) );
#968 =( NAMED_UNIT ( * ) PLANE_ANGLE_UNIT ( ) SI_UNIT ( $, .RADIAN. ) );
#969 = DIRECTION ( 'NONE',  ( 0.000000000000000000, 1.000000000000000000, 0.000000000000000000 ) ) ;
#970 = EDGE_LOOP ( 'NONE', ( #1489, #266 ) ) ;
#971 = FACE_OUTER_BOUND ( 'NONE', #1019, .T. ) ;
#972 = CLOSED_SHELL ( 'NONE', ( #689, #1779 ) ) ;
#973 = SURFACE_STYLE_USAGE ( .BOTH. , #1660 ) ;
#974 = ORIENTED_EDGE ( 'NONE', *, *, #2089, .F. ) ;
#975 = EDGE_CURVE ( 'NONE', #2509, #285, #2439, .T. ) ;
#976 = DIRECTION ( 'NONE',  ( 0.000000000000000000, 0.000000000000000000, 1.000000000000000000 ) ) ;
#977 = AXIS2_PLACEMENT_3D ( 'NONE', #1511, #1930, #1493 ) ;
#978 = ADVANCED_BREP_SHAPE_REPRESENTATION ( 'S80KS5122GABHI020', ( #945, #34, #1049, #2886, #2035, #41, #926, #2878, #83, #1012, #1913, #90, #991, #59, #2891, #1929, #934, #1971, #1006, #1939, #2895, #983, #1979, #33, #956, #990, #1007 ), #1005 ) ;
#979 = DIRECTION ( 'NONE',  ( 0.000000000000000000, 0.000000000000000000, 1.000000000000000000 ) ) ;
#980 = CIRCLE ( 'NONE', #2391, 0.2499999999999997780 ) ;
#981 = SURFACE_SIDE_STYLE ('',( #2338 ) ) ;
#982 = MECHANICAL_DESIGN_GEOMETRIC_PRESENTATION_REPRESENTATION (  '', ( #1552 ), #886 ) ;
#983 = MANIFOLD_SOLID_BREP ( 'LPattern1[20]', #1020 ) ;
#984 = UNCERTAINTY_MEASURE_WITH_UNIT (LENGTH_MEASURE( 1.000000000000000082E-05 ), #2135, 'distance_accuracy_value', 'NONE');
#985 = SURFACE_SIDE_STYLE ('',( #1015 ) ) ;
#986 = DIRECTION ( 'NONE',  ( 0.000000000000000000, 1.000000000000000000, 0.000000000000000000 ) ) ;
#987 = PRESENTATION_LAYER_ASSIGNMENT (  '', '', ( #618 ) ) ;
#988 = SURFACE_STYLE_USAGE ( .BOTH. , #2573 ) ;
#989 = ORIENTED_EDGE ( 'NONE', *, *, #727, .T. ) ;
#990 = MANIFOLD_SOLID_BREP ( 'LPattern1[24]', #2479 ) ;
#991 = MANIFOLD_SOLID_BREP ( 'LPattern1[11]', #1591 ) ;
#992 = MECHANICAL_DESIGN_GEOMETRIC_PRESENTATION_REPRESENTATION (  '', ( #2396 ), #2766 ) ;
#993 = SPHERICAL_SURFACE ( 'NONE', #494, 0.1000000000000000056 ) ;
#994 = ORIENTED_EDGE ( 'NONE', *, *, #1763, .F. ) ;
#995 =( NAMED_UNIT ( * ) SI_UNIT ( $, .STERADIAN. ) SOLID_ANGLE_UNIT ( ) );
#996 = CARTESIAN_POINT ( 'NONE',  ( -2.400000000000000799, 3.400000000000000355, 0.7900000000000000355 ) ) ;
#997 = SURFACE_SIDE_STYLE ('',( #2312 ) ) ;
#998 = EDGE_CURVE ( 'NONE', #2509, #314, #434, .T. ) ;
#999 = PRESENTATION_STYLE_ASSIGNMENT (( #1445 ) ) ;
#1000 = VECTOR ( 'NONE', #2233, 1000.000000000000000 ) ;
#1001 = COLOUR_RGB ( '',0.8039215686274510109, 0.8039215686274510109, 0.8039215686274510109 ) ;
#1002 = CARTESIAN_POINT ( 'NONE',  ( 2.899999999999999911, -3.899999999999999467, 0.6999999999999999556 ) ) ;
#1003 = SPHERICAL_SURFACE ( 'NONE', #386, 0.2000000000000000111 ) ;
#1004 = EDGE_LOOP ( 'NONE', ( #2263, #37, #2405, #2849 ) ) ;
#1005 =( GEOMETRIC_REPRESENTATION_CONTEXT ( 3 ) GLOBAL_UNCERTAINTY_ASSIGNED_CONTEXT ( ( #2626 ) ) GLOBAL_UNIT_ASSIGNED_CONTEXT ( ( #2459, #862, #875 ) ) REPRESENTATION_CONTEXT ( 'NONE', 'WORKASPACE' ) );
#1006 = MANIFOLD_SOLID_BREP ( 'LPattern1[17]', #825 ) ;
#1007 = AXIS2_PLACEMENT_3D ( 'NONE', #2487, #1790, #418 ) ;
#1008 = UNCERTAINTY_MEASURE_WITH_UNIT (LENGTH_MEASURE( 1.000000000000000082E-05 ), #617, 'distance_accuracy_value', 'NONE');
#1009 = ORIENTED_EDGE ( 'NONE', *, *, #2673, .F. ) ;
#1010 = SPHERICAL_SURFACE ( 'NONE', #785, 0.2000000000000000111 ) ;
#1011 = CARTESIAN_POINT ( 'NONE',  ( -1.000000000000000444, 2.000000000000000444, 0.000000000000000000 ) ) ;
#1012 = MANIFOLD_SOLID_BREP ( 'LPattern1[8]', #2529 ) ;
#1013 = CYLINDRICAL_SURFACE ( 'NONE', #588, 0.2499999999999997780 ) ;
#1014 = DIRECTION ( 'NONE',  ( -1.000000000000000000, 0.000000000000000000, 0.000000000000000000 ) ) ;
#1015 = SURFACE_STYLE_FILL_AREA ( #1921 ) ;
#1016 = DIRECTION ( 'NONE',  ( 0.000000000000000000, 0.000000000000000000, 1.000000000000000000 ) ) ;
#1017 = VERTEX_POINT ( 'NONE', #911 ) ;
#1018 =( NAMED_UNIT ( * ) SI_UNIT ( $, .STERADIAN. ) SOLID_ANGLE_UNIT ( ) );
#1019 = EDGE_LOOP ( 'NONE', ( #1177, #1504, #1267 ) ) ;
#1020 = CLOSED_SHELL ( 'NONE', ( #463, #406 ) ) ;
#1021 = CYLINDRICAL_SURFACE ( 'NONE', #162, 0.09999999999999982514 ) ;
#1022 = UNCERTAINTY_MEASURE_WITH_UNIT (LENGTH_MEASURE( 1.000000000000000082E-05 ), #2609, 'distance_accuracy_value', 'NONE');
#1023 =( NAMED_UNIT ( * ) PLANE_ANGLE_UNIT ( ) SI_UNIT ( $, .RADIAN. ) );
#1024 = CIRCLE ( 'NONE', #373, 0.1000000000000000472 ) ;
#1025 = CARTESIAN_POINT ( 'NONE',  ( 2.900000000000000355, -3.999999999999999112, 0.8000000000000000444 ) ) ;
#1026 = FACE_OUTER_BOUND ( 'NONE', #323, .T. ) ;
#1027 = FILL_AREA_STYLE_COLOUR ( '', #2795 ) ;
#1028 = SURFACE_STYLE_USAGE ( .BOTH. , #985 ) ;
#1029 = MECHANICAL_DESIGN_GEOMETRIC_PRESENTATION_REPRESENTATION (  '', ( #381 ), #2762 ) ;
#1030 = SURFACE_STYLE_FILL_AREA ( #2784 ) ;
#1031 = VERTEX_POINT ( 'NONE', #443 ) ;
#1032 =( GEOMETRIC_REPRESENTATION_CONTEXT ( 3 ) GLOBAL_UNCERTAINTY_ASSIGNED_CONTEXT ( ( #279 ) ) GLOBAL_UNIT_ASSIGNED_CONTEXT ( ( #1129, #1359, #2267 ) ) REPRESENTATION_CONTEXT ( 'NONE', 'WORKASPACE' ) );
#1033 = PRESENTATION_LAYER_ASSIGNMENT (  '', '', ( #704 ) ) ;
#1034 = CARTESIAN_POINT ( 'NONE',  ( 1.999999999999999556, 4.336808689942017736E-16, 0.000000000000000000 ) ) ;
#1035 = EDGE_LOOP ( 'NONE', ( #1704, #1437, #1329, #2071 ) ) ;
#1036 = CARTESIAN_POINT ( 'NONE',  ( -3.000000000000000444, 3.899999999999999911, 0.1000000000000000472 ) ) ;
#1037 = MECHANICAL_DESIGN_GEOMETRIC_PRESENTATION_REPRESENTATION (  '', ( #205 ), #1848 ) ;
#1038 = CARTESIAN_POINT ( 'NONE',  ( 2.900000000000000355, 3.900000000000000355, 0.1000000000000000472 ) ) ;
#1039 = CARTESIAN_POINT ( 'NONE',  ( -2.900000000000000799, 4.000000000000000000, 0.1000000000000000472 ) ) ;
#1040 = AXIS2_PLACEMENT_3D ( 'NONE', #2841, #796, #600 ) ;
#1041 = CARTESIAN_POINT ( 'NONE',  ( -4.336808689942017736E-16, -0.9999999999999995559, -0.2000000000000000111 ) ) ;
#1042 = PLANE ( 'NONE',  #2851 ) ;
#1043 = AXIS2_PLACEMENT_3D ( 'NONE', #66, #543, #1675 ) ;
#1044 =( NAMED_UNIT ( * ) SI_UNIT ( $, .STERADIAN. ) SOLID_ANGLE_UNIT ( ) );
#1045 = CARTESIAN_POINT ( 'NONE',  ( 0.9999999999999995559, -0.9999999999999995559, 0.000000000000000000 ) ) ;
#1046 = ORIENTED_EDGE ( 'NONE', *, *, #44, .T. ) ;
#1047 = FILL_AREA_STYLE ('',( #1269 ) ) ;
#1048 = PRESENTATION_LAYER_ASSIGNMENT (  '', '', ( #2551 ) ) ;
#1049 = MANIFOLD_SOLID_BREP ( 'Boss-Extrude2', #1255 ) ;
#1050 = EDGE_CURVE ( 'NONE', #181, #929, #2442, .T. ) ;
#1051 = PRESENTATION_STYLE_ASSIGNMENT (( #2611 ) ) ;
#1052 = SURFACE_SIDE_STYLE ('',( #2421 ) ) ;
#1053 = VECTOR ( 'NONE', #682, 1000.000000000000000 ) ;
#1054 = AXIS2_PLACEMENT_3D ( 'NONE', #360, #2352, #1397 ) ;
#1055 = ORIENTED_EDGE ( 'NONE', *, *, #1050, .F. ) ;
#1056 = EDGE_CURVE ( 'NONE', #644, #1699, #2447, .T. ) ;
#1057 = EDGE_CURVE ( 'NONE', #314, #2302, #2036, .T. ) ;
#1058 = SURFACE_STYLE_FILL_AREA ( #2648 ) ;
#1059 = DIRECTION ( 'NONE',  ( 0.000000000000000000, 0.000000000000000000, -1.000000000000000000 ) ) ;
#1060 = APPLICATION_CONTEXT ( 'automotive_design' ) ;
#1061 = DIRECTION ( 'NONE',  ( 1.000000000000000000, 1.224646799147353207E-16, -0.000000000000000000 ) ) ;
#1062 =( NAMED_UNIT ( * ) PLANE_ANGLE_UNIT ( ) SI_UNIT ( $, .RADIAN. ) );
#1063 = CARTESIAN_POINT ( 'NONE',  ( -2.400000000000000799, 3.400000000000000355, 0.8000000000000000444 ) ) ;
#1064 = VERTEX_POINT ( 'NONE', #1852 ) ;
#1065 = SURFACE_STYLE_USAGE ( .BOTH. , #452 ) ;
#1066 = UNCERTAINTY_MEASURE_WITH_UNIT (LENGTH_MEASURE( 1.000000000000000082E-05 ), #2380, 'distance_accuracy_value', 'NONE');
#1067 = ORIENTED_EDGE ( 'NONE', *, *, #2037, .F. ) ;
#1068 = FILL_AREA_STYLE_COLOUR ( '', #2628 ) ;
#1069 = CARTESIAN_POINT ( 'NONE',  ( -2.900000000000000799, -3.999999999999999112, 0.8000000000000000444 ) ) ;
#1070 = EDGE_CURVE ( 'NONE', #1031, #644, #940, .T. ) ;
#1071 = CARTESIAN_POINT ( 'NONE',  ( 0.9999999999999995559, 4.336808689942017736E-16, 0.000000000000000000 ) ) ;
#1072 =( NAMED_UNIT ( * ) PLANE_ANGLE_UNIT ( ) SI_UNIT ( $, .RADIAN. ) );
#1073 =( GEOMETRIC_REPRESENTATION_CONTEXT ( 3 ) GLOBAL_UNCERTAINTY_ASSIGNED_CONTEXT ( ( #2431 ) ) GLOBAL_UNIT_ASSIGNED_CONTEXT ( ( #2353, #2371, #734 ) ) REPRESENTATION_CONTEXT ( 'NONE', 'WORKASPACE' ) );
#1074 =( NAMED_UNIT ( * ) SI_UNIT ( $, .STERADIAN. ) SOLID_ANGLE_UNIT ( ) );
#1075 = PRESENTATION_LAYER_ASSIGNMENT (  '', '', ( #2208 ) ) ;
#1076 = ORIENTED_EDGE ( 'NONE', *, *, #1198, .T. ) ;
#1077 = MECHANICAL_DESIGN_GEOMETRIC_PRESENTATION_REPRESENTATION (  '', ( #1932 ), #1314 ) ;
#1078 = UNCERTAINTY_MEASURE_WITH_UNIT (LENGTH_MEASURE( 1.000000000000000082E-05 ), #802, 'distance_accuracy_value', 'NONE');
#1079 = FILL_AREA_STYLE ('',( #1117 ) ) ;
#1080 = AXIS2_PLACEMENT_3D ( 'NONE', #1867, #1195, #2588 ) ;
#1081 = ORIENTED_EDGE ( 'NONE', *, *, #2128, .T. ) ;
#1082 = STYLED_ITEM ( 'NONE', ( #638 ), #945 ) ;
#1083 = SURFACE_STYLE_USAGE ( .BOTH. , #413 ) ;
#1084 = UNCERTAINTY_MEASURE_WITH_UNIT (LENGTH_MEASURE( 1.000000000000000082E-05 ), #1536, 'distance_accuracy_value', 'NONE');
#1086 = DIRECTION ( 'NONE',  ( 0.000000000000000000, 0.000000000000000000, -1.000000000000000000 ) ) ;
#1085 = CIRCLE ( 'NONE', #297, 0.09999999999999999167 ) ;
#1087 = DIRECTION ( 'NONE',  ( 1.000000000000000000, 0.000000000000000000, 0.000000000000000000 ) ) ;
#1088 = CIRCLE ( 'NONE', #2589, 0.2000000000000000944 ) ;
#1089 = FILL_AREA_STYLE_COLOUR ( '', #1887 ) ;
#1090 = APPLICATION_PROTOCOL_DEFINITION ( 'draft international standard', 'automotive_design', 1998, #2855 ) ;
#1091 = EDGE_LOOP ( 'NONE', ( #2700, #1095, #63, #2488 ) ) ;
#1092 = LINE ( 'NONE', #440, #2801 ) ;
#1093 =( GEOMETRIC_REPRESENTATION_CONTEXT ( 3 ) GLOBAL_UNCERTAINTY_ASSIGNED_CONTEXT ( ( #1194 ) ) GLOBAL_UNIT_ASSIGNED_CONTEXT ( ( #1905, #2875, #1324 ) ) REPRESENTATION_CONTEXT ( 'NONE', 'WORKASPACE' ) );
#1094 = SPHERICAL_SURFACE ( 'NONE', #125, 0.2000000000000000111 ) ;
#1095 = ORIENTED_EDGE ( 'NONE', *, *, #149, .T. ) ;
#1096 = SPHERICAL_SURFACE ( 'NONE', #1496, 0.2000000000000000111 ) ;
#1097 = AXIS2_PLACEMENT_3D ( 'NONE', #2180, #197, #2827 ) ;
#1098 = MECHANICAL_DESIGN_GEOMETRIC_PRESENTATION_REPRESENTATION (  '', ( #308 ), #2051 ) ;
#1099 = STYLED_ITEM ( 'NONE', ( #2048 ), #2085 ) ;
#1100 = MECHANICAL_DESIGN_GEOMETRIC_PRESENTATION_REPRESENTATION (  '', ( #2008 ), #2099 ) ;
#1101 = SURFACE_SIDE_STYLE ('',( #1125 ) ) ;
#1102 =( LENGTH_UNIT ( ) NAMED_UNIT ( * ) SI_UNIT ( .MILLI., .METRE. ) );
#1103 = PRESENTATION_STYLE_ASSIGNMENT (( #27 ) ) ;
#1104 = DIRECTION ( 'NONE',  ( 1.000000000000000000, 0.000000000000000000, 0.000000000000000000 ) ) ;
#1105 = ORIENTED_EDGE ( 'NONE', *, *, #1050, .T. ) ;
#1106 = ADVANCED_FACE ( 'NONE', ( #1209 ), #2738, .T. ) ;
#1107 = CARTESIAN_POINT ( 'NONE',  ( 0.9999999999999995559, -0.9999999999999995559, 0.000000000000000000 ) ) ;
#1108 = LINE ( 'NONE', #19, #1000 ) ;
#1109 = EDGE_LOOP ( 'NONE', ( #2218, #1348, #2122, #1624 ) ) ;
#1110 = PRESENTATION_STYLE_ASSIGNMENT (( #2870 ) ) ;
#1111 = CARTESIAN_POINT ( 'NONE',  ( -2.900000000000000799, -3.899999999999999467, 0.000000000000000000 ) ) ;
#1112 = CLOSED_SHELL ( 'NONE', ( #2212, #2642 ) ) ;
#1113 = SURFACE_STYLE_USAGE ( .BOTH. , #1131 ) ;
#1114 = STYLED_ITEM ( 'NONE', ( #1249 ), #34 ) ;
#1115 = ORIENTED_EDGE ( 'NONE', *, *, #2455, .T. ) ;
#1116 = COLOUR_RGB ( '',0.8039215686274510109, 0.8039215686274510109, 0.8039215686274510109 ) ;
#1117 = FILL_AREA_STYLE_COLOUR ( '', #2555 ) ;
#1118 =( NAMED_UNIT ( * ) SI_UNIT ( $, .STERADIAN. ) SOLID_ANGLE_UNIT ( ) );
#1119 = FILL_AREA_STYLE ('',( #2685 ) ) ;
#1120 = ORIENTED_EDGE ( 'NONE', *, *, #1306, .T. ) ;
#1121 = STYLED_ITEM ( 'NONE', ( #2343 ), #689 ) ;
#1122 = SURFACE_STYLE_USAGE ( .BOTH. , #1542 ) ;
#1123 = MECHANICAL_DESIGN_GEOMETRIC_PRESENTATION_REPRESENTATION (  '', ( #932 ), #1317 ) ;
#1124 = ADVANCED_FACE ( 'NONE', ( #1641 ), #1003, .T. ) ;
#1125 = SURFACE_STYLE_FILL_AREA ( #215 ) ;
#1126 = SPHERICAL_SURFACE ( 'NONE', #2235, 0.2000000000000000111 ) ;
#1127 = AXIS2_PLACEMENT_3D ( 'NONE', #1045, #1266, #1973 ) ;
#1128 = CARTESIAN_POINT ( 'NONE',  ( -1.000000000000000444, 4.336808689942017736E-16, 0.000000000000000000 ) ) ;
#1129 =( LENGTH_UNIT ( ) NAMED_UNIT ( * ) SI_UNIT ( .MILLI., .METRE. ) );
#1130 = VECTOR ( 'NONE', #1260, 1000.000000000000000 ) ;
#1131 = SURFACE_SIDE_STYLE ('',( #2656 ) ) ;
#1132 = PRESENTATION_LAYER_ASSIGNMENT (  '', '', ( #115 ) ) ;
#1133 = DIRECTION ( 'NONE',  ( 1.000000000000000000, 0.000000000000000000, 0.000000000000000000 ) ) ;
#1134 = DIRECTION ( 'NONE',  ( 0.000000000000000000, 1.000000000000000000, 0.000000000000000000 ) ) ;
#1135 = SURFACE_SIDE_STYLE ('',( #1597 ) ) ;
#1136 = EDGE_LOOP ( 'NONE', ( #833, #2050 ) ) ;
#1137 = DIRECTION ( 'NONE',  ( 0.000000000000000000, 1.000000000000000000, 0.000000000000000000 ) ) ;
#1138 = EDGE_CURVE ( 'NONE', #2236, #1481, #2130, .T. ) ;
#1139 = ADVANCED_FACE ( 'NONE', ( #103 ), #349, .T. ) ;
#1140 = FILL_AREA_STYLE ('',( #2245 ) ) ;
#1141 = FACE_OUTER_BOUND ( 'NONE', #897, .T. ) ;
#1142 = UNCERTAINTY_MEASURE_WITH_UNIT (LENGTH_MEASURE( 1.000000000000000082E-05 ), #1666, 'distance_accuracy_value', 'NONE');
#1143 = COLOUR_RGB ( '',0.8039215686274510109, 0.8039215686274510109, 0.8039215686274510109 ) ;
#1144 = EDGE_LOOP ( 'NONE', ( #1055, #2776 ) ) ;
#1145 = ADVANCED_FACE ( 'NONE', ( #2074 ), #1280, .T. ) ;
#1146 = ADVANCED_FACE ( 'NONE', ( #2150 ), #2382, .T. ) ;
#1147 = AXIS2_PLACEMENT_3D ( 'NONE', #1825, #2446, #2271 ) ;
#1148 = AXIS2_PLACEMENT_3D ( 'NONE', #921, #2326, #593 ) ;
#1149 = FILL_AREA_STYLE ('',( #1373 ) ) ;
#1150 = DIRECTION ( 'NONE',  ( 1.000000000000000000, 1.224646799147353207E-16, -0.000000000000000000 ) ) ;
#1151 = MECHANICAL_DESIGN_GEOMETRIC_PRESENTATION_REPRESENTATION (  '', ( #2324 ), #1621 ) ;
#1152 = FACE_OUTER_BOUND ( 'NONE', #688, .T. ) ;
#1153 = CIRCLE ( 'NONE', #2778, 0.2499999999999997780 ) ;
#1154 = ORIENTED_EDGE ( 'NONE', *, *, #8, .F. ) ;
#1155 = UNCERTAINTY_MEASURE_WITH_UNIT (LENGTH_MEASURE( 1.000000000000000082E-05 ), #247, 'distance_accuracy_value', 'NONE');
#1156 = PRESENTATION_STYLE_ASSIGNMENT (( #1473 ) ) ;
#1157 = CARTESIAN_POINT ( 'NONE',  ( -3.000000000000000444, -3.999999999999999112, 0.6999999999999999556 ) ) ;
#1158 = ORIENTED_EDGE ( 'NONE', *, *, #2194, .F. ) ;
#1159 = CARTESIAN_POINT ( 'NONE',  ( 2.899999999999999911, -3.899999999999999467, 0.8000000000000000444 ) ) ;
#1160 = CARTESIAN_POINT ( 'NONE',  ( -2.150000000000000799, 3.400000000000000355, 0.7900000000000000355 ) ) ;
#1161 = DIRECTION ( 'NONE',  ( 0.000000000000000000, 0.000000000000000000, -1.000000000000000000 ) ) ;
#1162 = EDGE_CURVE ( 'NONE', #2083, #794, #250, .T. ) ;
#1163 = PRESENTATION_STYLE_ASSIGNMENT (( #276 ) ) ;
#1164 = EDGE_CURVE ( 'NONE', #2711, #867, #662, .T. ) ;
#1165 = EDGE_LOOP ( 'NONE', ( #178, #1869, #2594, #508, #2622 ) ) ;
#1166 = PRESENTATION_STYLE_ASSIGNMENT (( #958 ) ) ;
#1167 = PRESENTATION_LAYER_ASSIGNMENT (  '', '', ( #1217 ) ) ;
#1168 = EDGE_LOOP ( 'NONE', ( #770, #299, #2592, #1964 ) ) ;
#1169 = DIRECTION ( 'NONE',  ( 1.000000000000000000, 0.000000000000000000, 0.000000000000000000 ) ) ;
#1170 =( GEOMETRIC_REPRESENTATION_CONTEXT ( 3 ) GLOBAL_UNCERTAINTY_ASSIGNED_CONTEXT ( ( #414 ) ) GLOBAL_UNIT_ASSIGNED_CONTEXT ( ( #1782, #1813, #645 ) ) REPRESENTATION_CONTEXT ( 'NONE', 'WORKASPACE' ) );
#1171 = FACE_OUTER_BOUND ( 'NONE', #1978, .T. ) ;
#1172 = ORIENTED_EDGE ( 'NONE', *, *, #2427, .T. ) ;
#1173 = AXIS2_PLACEMENT_3D ( 'NONE', #521, #30, #1395 ) ;
#1174 = SURFACE_SIDE_STYLE ('',( #112 ) ) ;
#1175 = CARTESIAN_POINT ( 'NONE',  ( -4.336808689942017736E-16, -0.9999999999999995559, 0.000000000000000000 ) ) ;
#1176 = CIRCLE ( 'NONE', #437, 0.2499999999999997780 ) ;
#1177 = ORIENTED_EDGE ( 'NONE', *, *, #998, .F. ) ;
#1178 = CIRCLE ( 'NONE', #2081, 0.09999999999999982514 ) ;
#1179 = DIRECTION ( 'NONE',  ( 0.000000000000000000, 0.000000000000000000, 1.000000000000000000 ) ) ;
#1180 = VECTOR ( 'NONE', #1935, 1000.000000000000000 ) ;
#1181 = CARTESIAN_POINT ( 'NONE',  ( 2.899999999999999911, -3.899999999999999467, 0.6999999999999999556 ) ) ;
#1182 = VERTEX_POINT ( 'NONE', #832 ) ;
#1183 = DIRECTION ( 'NONE',  ( 1.000000000000000000, 1.224646799147353207E-16, -0.000000000000000000 ) ) ;
#1184 = PRESENTATION_LAYER_ASSIGNMENT (  '', '', ( #2453 ) ) ;
#1185 = CARTESIAN_POINT ( 'NONE',  ( -2.900000000000000799, -3.899999999999999467, 0.6999999999999999556 ) ) ;
#1186 = CARTESIAN_POINT ( 'NONE',  ( 0.9999999999999995559, 1.000000000000000444, 0.2000000000000000111 ) ) ;
#1187 = DIRECTION ( 'NONE',  ( 0.000000000000000000, 1.000000000000000000, 0.000000000000000000 ) ) ;
#1188 = MECHANICAL_DESIGN_GEOMETRIC_PRESENTATION_REPRESENTATION (  '', ( #578 ), #1471 ) ;
#1189 = COLOUR_RGB ( '',0.8039215686274510109, 0.8039215686274510109, 0.8039215686274510109 ) ;
#1190 = AXIS2_PLACEMENT_3D ( 'NONE', #728, #106, #2561 ) ;
#1191 = VECTOR ( 'NONE', #2204, 1000.000000000000000 ) ;
#1192 = AXIS2_PLACEMENT_3D ( 'NONE', #2192, #837, #366 ) ;
#1193 = SURFACE_STYLE_USAGE ( .BOTH. , #302 ) ;
#1194 = UNCERTAINTY_MEASURE_WITH_UNIT (LENGTH_MEASURE( 1.000000000000000082E-05 ), #1905, 'distance_accuracy_value', 'NONE');
#1195 = DIRECTION ( 'NONE',  ( 1.000000000000000000, 0.000000000000000000, 0.000000000000000000 ) ) ;
#1196 = CARTESIAN_POINT ( 'NONE',  ( 0.9999999999999995559, 1.000000000000000444, 0.000000000000000000 ) ) ;
#1197 =( LENGTH_UNIT ( ) NAMED_UNIT ( * ) SI_UNIT ( .MILLI., .METRE. ) );
#1198 = EDGE_CURVE ( 'NONE', #2612, #231, #1176, .T. ) ;
#1199 = ORIENTED_EDGE ( 'NONE', *, *, #2517, .F. ) ;
#1200 = CARTESIAN_POINT ( 'NONE',  ( -2.650000000000000355, 3.400000000000000355, 0.7900000000000000355 ) ) ;
#1201 = SURFACE_SIDE_STYLE ('',( #2091 ) ) ;
#1202 = ORIENTED_EDGE ( 'NONE', *, *, #1888, .F. ) ;
#1203 = CARTESIAN_POINT ( 'NONE',  ( 2.899999999999999911, -3.899999999999999467, 0.000000000000000000 ) ) ;
#1204 =( NAMED_UNIT ( * ) PLANE_ANGLE_UNIT ( ) SI_UNIT ( $, .RADIAN. ) );
#1205 = DIRECTION ( 'NONE',  ( 0.000000000000000000, 1.000000000000000000, 0.000000000000000000 ) ) ;
#1206 = PRODUCT_DEFINITION_SHAPE ( 'NONE', 'NONE',  #1801 ) ;
#1207 = SURFACE_SIDE_STYLE ('',( #1695 ) ) ;
#1208 =( NAMED_UNIT ( * ) PLANE_ANGLE_UNIT ( ) SI_UNIT ( $, .RADIAN. ) );
#1209 = FACE_OUTER_BOUND ( 'NONE', #455, .T. ) ;
#1210 = ORIENTED_EDGE ( 'NONE', *, *, #1439, .T. ) ;
#1211 = SURFACE_SIDE_STYLE ('',( #321 ) ) ;
#1212 = CLOSED_SHELL ( 'NONE', ( #850, #343 ) ) ;
#1213 = DIRECTION ( 'NONE',  ( 0.000000000000000000, 0.000000000000000000, 1.000000000000000000 ) ) ;
#1214 = DIRECTION ( 'NONE',  ( 1.000000000000000000, 0.000000000000000000, 0.000000000000000000 ) ) ;
#1215 = UNCERTAINTY_MEASURE_WITH_UNIT (LENGTH_MEASURE( 1.000000000000000082E-05 ), #389, 'distance_accuracy_value', 'NONE');
#1216 = ORIENTED_EDGE ( 'NONE', *, *, #1138, .F. ) ;
#1217 = STYLED_ITEM ( 'NONE', ( #1989 ), #90 ) ;
#1218 = SURFACE_STYLE_USAGE ( .BOTH. , #1174 ) ;
#1219 = AXIS2_PLACEMENT_3D ( 'NONE', #1804, #1405, #246 ) ;
#1220 = FILL_AREA_STYLE ('',( #532 ) ) ;
#1221 =( LENGTH_UNIT ( ) NAMED_UNIT ( * ) SI_UNIT ( .MILLI., .METRE. ) );
#1222 = AXIS2_PLACEMENT_3D ( 'NONE', #2695, #2505, #1179 ) ;
#1223 = MECHANICAL_DESIGN_GEOMETRIC_PRESENTATION_REPRESENTATION (  '', ( #2306 ), #2350 ) ;
#1224 = MECHANICAL_DESIGN_GEOMETRIC_PRESENTATION_REPRESENTATION (  '', ( #2636 ), #1994 ) ;
#1225 = DIRECTION ( 'NONE',  ( 0.000000000000000000, 0.000000000000000000, 1.000000000000000000 ) ) ;
#1226 = FILL_AREA_STYLE_COLOUR ( '', #611 ) ;
#1227 = CIRCLE ( 'NONE', #251, 0.1999999999999999833 ) ;
#1228 = PRESENTATION_STYLE_ASSIGNMENT (( #555 ) ) ;
#1229 = ORIENTED_EDGE ( 'NONE', *, *, #2401, .F. ) ;
#1230 = COLOUR_RGB ( '',0.8039215686274510109, 0.8039215686274510109, 0.8039215686274510109 ) ;
#1231 = SURFACE_STYLE_USAGE ( .BOTH. , #2364 ) ;
#1232 = ADVANCED_FACE ( 'NONE', ( #595 ), #130, .T. ) ;
#1233 = ADVANCED_FACE ( 'NONE', ( #1295 ), #966, .T. ) ;
#1234 = DIRECTION ( 'NONE',  ( 1.000000000000000000, 0.000000000000000000, 0.000000000000000000 ) ) ;
#1235 = DIRECTION ( 'NONE',  ( 1.000000000000000000, 0.000000000000000000, 0.000000000000000000 ) ) ;
#1236 = MECHANICAL_DESIGN_GEOMETRIC_PRESENTATION_REPRESENTATION (  '', ( #445 ), #2001 ) ;
#1237 = COLOUR_RGB ( '',0.8039215686274510109, 0.8039215686274510109, 0.8039215686274510109 ) ;
#1238 = AXIS2_PLACEMENT_3D ( 'NONE', #2710, #2329, #1655 ) ;
#1239 = CARTESIAN_POINT ( 'NONE',  ( 0.000000000000000000, 3.900000000000000355, 0.8000000000000000444 ) ) ;
#1240 = VERTEX_POINT ( 'NONE', #2780 ) ;
#1241 =( NAMED_UNIT ( * ) PLANE_ANGLE_UNIT ( ) SI_UNIT ( $, .RADIAN. ) );
#1242 =( GEOMETRIC_REPRESENTATION_CONTEXT ( 3 ) GLOBAL_UNCERTAINTY_ASSIGNED_CONTEXT ( ( #1300 ) ) GLOBAL_UNIT_ASSIGNED_CONTEXT ( ( #1822, #2470, #2440 ) ) REPRESENTATION_CONTEXT ( 'NONE', 'WORKASPACE' ) );
#1243 =( GEOMETRIC_REPRESENTATION_CONTEXT ( 3 ) GLOBAL_UNCERTAINTY_ASSIGNED_CONTEXT ( ( #2562 ) ) GLOBAL_UNIT_ASSIGNED_CONTEXT ( ( #2454, #887, #244 ) ) REPRESENTATION_CONTEXT ( 'NONE', 'WORKASPACE' ) );
#1244 = FACE_OUTER_BOUND ( 'NONE', #51, .T. ) ;
#1245 = ORIENTED_EDGE ( 'NONE', *, *, #44, .F. ) ;
#1246 = CARTESIAN_POINT ( 'NONE',  ( -2.000000000000000444, -1.999999999999999556, 0.000000000000000000 ) ) ;
#1247 = ADVANCED_FACE ( 'NONE', ( #534 ), #345, .T. ) ;
#1248 = CARTESIAN_POINT ( 'NONE',  ( -1.000000000000000444, 1.000000000000000444, 0.000000000000000000 ) ) ;
#1249 = PRESENTATION_STYLE_ASSIGNMENT (( #746 ) ) ;
#1250 = ADVANCED_FACE ( 'NONE', ( #1865 ), #2129, .T. ) ;
#1251 = CARTESIAN_POINT ( 'NONE',  ( -2.150000000000000799, 3.400000000000000355, 0.8000000000000000444 ) ) ;
#1252 =( LENGTH_UNIT ( ) NAMED_UNIT ( * ) SI_UNIT ( .MILLI., .METRE. ) );
#1253 = ORIENTED_EDGE ( 'NONE', *, *, #1346, .F. ) ;
#1254 =( NAMED_UNIT ( * ) PLANE_ANGLE_UNIT ( ) SI_UNIT ( $, .RADIAN. ) );
#1255 = CLOSED_SHELL ( 'NONE', ( #1250, #2331, #1470, #450 ) ) ;
#1256 = DIRECTION ( 'NONE',  ( 1.000000000000000000, 0.000000000000000000, 0.000000000000000000 ) ) ;
#1257 = DIRECTION ( 'NONE',  ( 0.000000000000000000, 1.000000000000000000, 0.000000000000000000 ) ) ;
#1258 = AXIS2_PLACEMENT_3D ( 'NONE', #2691, #2894, #701 ) ;
#1259 = PRESENTATION_LAYER_ASSIGNMENT (  '', '', ( #1309 ) ) ;
#1260 = DIRECTION ( 'NONE',  ( -0.000000000000000000, 1.000000000000000000, -0.000000000000000000 ) ) ;
#1261 = SURFACE_STYLE_USAGE ( .BOTH. , #2437 ) ;
#1262 = COLOUR_RGB ( '',0.8039215686274510109, 0.8039215686274510109, 0.8039215686274510109 ) ;
#1263 =( NAMED_UNIT ( * ) SI_UNIT ( $, .STERADIAN. ) SOLID_ANGLE_UNIT ( ) );
#1264 = FILL_AREA_STYLE ('',( #2879 ) ) ;
#1265 = COLOUR_RGB ( '',0.8039215686274510109, 0.8039215686274510109, 0.8039215686274510109 ) ;
#1266 = DIRECTION ( 'NONE',  ( 1.000000000000000000, 0.000000000000000000, 0.000000000000000000 ) ) ;
#1267 = ORIENTED_EDGE ( 'NONE', *, *, #1057, .F. ) ;
#1268 = STYLED_ITEM ( 'NONE', ( #907 ), #991 ) ;
#1269 = FILL_AREA_STYLE_COLOUR ( '', #473 ) ;
#1270 = EDGE_CURVE ( 'NONE', #2236, #725, #1516, .T. ) ;
#1271 = SURFACE_STYLE_USAGE ( .BOTH. , #1052 ) ;
#1272 = ORIENTED_EDGE ( 'NONE', *, *, #97, .F. ) ;
#1273 = DIRECTION ( 'NONE',  ( 0.000000000000000000, 1.000000000000000000, 0.000000000000000000 ) ) ;
#1274 = FILL_AREA_STYLE_COLOUR ( '', #1515 ) ;
#1275 = LINE ( 'NONE', #2195, #952 ) ;
#1276 = AXIS2_PLACEMENT_3D ( 'NONE', #2155, #1931, #2808 ) ;
#1277 = DIRECTION ( 'NONE',  ( -0.000000000000000000, -0.000000000000000000, 1.000000000000000000 ) ) ;
#1278 = CARTESIAN_POINT ( 'NONE',  ( -4.336808689942017736E-16, 2.000000000000000444, 0.000000000000000000 ) ) ;
#1279 = AXIS2_PLACEMENT_3D ( 'NONE', #1857, #1214, #768 ) ;
#1280 = SPHERICAL_SURFACE ( 'NONE', #1127, 0.2000000000000000111 ) ;
#1281 = ORIENTED_EDGE ( 'NONE', *, *, #134, .F. ) ;
#1282 = SURFACE_STYLE_FILL_AREA ( #878 ) ;
#1283 = AXIS2_PLACEMENT_3D ( 'NONE', #269, #223, #2030 ) ;
#1284 =( GEOMETRIC_REPRESENTATION_CONTEXT ( 3 ) GLOBAL_UNCERTAINTY_ASSIGNED_CONTEXT ( ( #2113 ) ) GLOBAL_UNIT_ASSIGNED_CONTEXT ( ( #2385, #1945, #629 ) ) REPRESENTATION_CONTEXT ( 'NONE', 'WORKASPACE' ) );
#1285 = EDGE_CURVE ( 'NONE', #2711, #867, #663, .T. ) ;
#1286 = ORIENTED_EDGE ( 'NONE', *, *, #591, .T. ) ;
#1287 = SURFACE_STYLE_USAGE ( .BOTH. , #2406 ) ;
#1288 =( LENGTH_UNIT ( ) NAMED_UNIT ( * ) SI_UNIT ( .MILLI., .METRE. ) );
#1289 = LINE ( 'NONE', #2810, #581 ) ;
#1290 = UNCERTAINTY_MEASURE_WITH_UNIT (LENGTH_MEASURE( 1.000000000000000082E-05 ), #1944, 'distance_accuracy_value', 'NONE');
#1291 = FACE_BOUND ( 'NONE', #2558, .T. ) ;
#1292 = SPHERICAL_SURFACE ( 'NONE', #1527, 0.2000000000000000111 ) ;
#1293 = FILL_AREA_STYLE ('',( #621 ) ) ;
#1294 = SURFACE_STYLE_USAGE ( .BOTH. , #775 ) ;
#1295 = FACE_OUTER_BOUND ( 'NONE', #572, .T. ) ;
#1296 = EDGE_LOOP ( 'NONE', ( #1286, #1199, #527, #53 ) ) ;
#1297 = FACE_OUTER_BOUND ( 'NONE', #957, .T. ) ;
#1298 = CARTESIAN_POINT ( 'NONE',  ( -2.900000000000000799, 3.899999999999999911, 0.000000000000000000 ) ) ;
#1299 = CARTESIAN_POINT ( 'NONE',  ( -4.336808689942017736E-16, 2.000000000000000444, 0.000000000000000000 ) ) ;
#1300 = UNCERTAINTY_MEASURE_WITH_UNIT (LENGTH_MEASURE( 1.000000000000000082E-05 ), #1822, 'distance_accuracy_value', 'NONE');
#1301 = ORIENTED_EDGE ( 'NONE', *, *, #2783, .F. ) ;
#1302 = CARTESIAN_POINT ( 'NONE',  ( -2.400000000000000799, 3.400000000000000355, 0.7900000000000000355 ) ) ;
#1303 = FILL_AREA_STYLE_COLOUR ( '', #1327 ) ;
#1304 = FACE_OUTER_BOUND ( 'NONE', #259, .T. ) ;
#1305 = CLOSED_SHELL ( 'NONE', ( #777, #2395 ) ) ;
#1306 = EDGE_CURVE ( 'NONE', #2817, #693, #2498, .T. ) ;
#1307 = CARTESIAN_POINT ( 'NONE',  ( 2.999999999999999556, -3.899999999999999467, 0.8000000000000000444 ) ) ;
#1308 = PRESENTATION_STYLE_ASSIGNMENT (( #1937 ) ) ;
#1309 = STYLED_ITEM ( 'NONE', ( #1980 ), #463 ) ;
#1310 = AXIS2_PLACEMENT_3D ( 'NONE', #78, #2763, #528 ) ;
#1311 =( LENGTH_UNIT ( ) NAMED_UNIT ( * ) SI_UNIT ( .MILLI., .METRE. ) );
#1312 = EDGE_LOOP ( 'NONE', ( #1245, #1632 ) ) ;
#1313 = CARTESIAN_POINT ( 'NONE',  ( -3.000000000000000444, -3.899999999999999467, 0.1000000000000000472 ) ) ;
#1314 =( GEOMETRIC_REPRESENTATION_CONTEXT ( 3 ) GLOBAL_UNCERTAINTY_ASSIGNED_CONTEXT ( ( #1531 ) ) GLOBAL_UNIT_ASSIGNED_CONTEXT ( ( #64, #1585, #2088 ) ) REPRESENTATION_CONTEXT ( 'NONE', 'WORKASPACE' ) );
#1315 = DIRECTION ( 'NONE',  ( 1.000000000000000000, 1.224646799147353207E-16, -0.000000000000000000 ) ) ;
#1316 = DIRECTION ( 'NONE',  ( 1.000000000000000000, 0.000000000000000000, 0.000000000000000000 ) ) ;
#1317 =( GEOMETRIC_REPRESENTATION_CONTEXT ( 3 ) GLOBAL_UNCERTAINTY_ASSIGNED_CONTEXT ( ( #48 ) ) GLOBAL_UNIT_ASSIGNED_CONTEXT ( ( #1446, #133, #535 ) ) REPRESENTATION_CONTEXT ( 'NONE', 'WORKASPACE' ) );
#1318 = VERTEX_POINT ( 'NONE', #199 ) ;
#1319 = FACE_OUTER_BOUND ( 'NONE', #126, .T. ) ;
#1320 = FILL_AREA_STYLE ('',( #2207 ) ) ;
#1321 = AXIS2_PLACEMENT_3D ( 'NONE', #2621, #608, #2189 ) ;
#1323 = CARTESIAN_POINT ( 'NONE',  ( -2.000000000000000444, -1.999999999999999556, 0.000000000000000000 ) ) ;
#1322 = PRESENTATION_LAYER_ASSIGNMENT (  '', '', ( #575 ) ) ;
#1324 =( NAMED_UNIT ( * ) SI_UNIT ( $, .STERADIAN. ) SOLID_ANGLE_UNIT ( ) );
#1325 = EDGE_CURVE ( 'NONE', #2398, #2725, #1178, .T. ) ;
#1326 = PLANE ( 'NONE',  #1639 ) ;
#1327 = COLOUR_RGB ( '',0.8039215686274510109, 0.8039215686274510109, 0.8039215686274510109 ) ;
#1328 =( LENGTH_UNIT ( ) NAMED_UNIT ( * ) SI_UNIT ( .MILLI., .METRE. ) );
#1329 = ORIENTED_EDGE ( 'NONE', *, *, #2823, .F. ) ;
#1330 = FILL_AREA_STYLE_COLOUR ( '', #1262 ) ;
#1331 = COLOUR_RGB ( '',0.8039215686274510109, 0.8039215686274510109, 0.8039215686274510109 ) ;
#1332 = FILL_AREA_STYLE ('',( #252 ) ) ;
#1333 = SURFACE_SIDE_STYLE ('',( #668 ) ) ;
#1334 = ORIENTED_EDGE ( 'NONE', *, *, #1528, .T. ) ;
#1335 = DIRECTION ( 'NONE',  ( 0.000000000000000000, 0.000000000000000000, 1.000000000000000000 ) ) ;
#1336 = MECHANICAL_DESIGN_GEOMETRIC_PRESENTATION_REPRESENTATION (  '', ( #855 ), #1711 ) ;
#1337 = STYLED_ITEM ( 'NONE', ( #554 ), #1939 ) ;
#1338 =( NAMED_UNIT ( * ) PLANE_ANGLE_UNIT ( ) SI_UNIT ( $, .RADIAN. ) );
#1339 = PRESENTATION_LAYER_ASSIGNMENT (  '', '', ( #2829 ) ) ;
#1340 = SURFACE_SIDE_STYLE ('',( #272 ) ) ;
#1341 =( GEOMETRIC_REPRESENTATION_CONTEXT ( 3 ) GLOBAL_UNCERTAINTY_ASSIGNED_CONTEXT ( ( #520 ) ) GLOBAL_UNIT_ASSIGNED_CONTEXT ( ( #1537, #2029, #464 ) ) REPRESENTATION_CONTEXT ( 'NONE', 'WORKASPACE' ) );
#1342 = AXIS2_PLACEMENT_3D ( 'NONE', #1002, #1957, #1922 ) ;
#1343 =( LENGTH_UNIT ( ) NAMED_UNIT ( * ) SI_UNIT ( .MILLI., .METRE. ) );
#1344 = SPHERICAL_SURFACE ( 'NONE', #375, 0.2000000000000000111 ) ;
#1345 = DIRECTION ( 'NONE',  ( -0.000000000000000000, -0.000000000000000000, 1.000000000000000000 ) ) ;
#1346 = EDGE_CURVE ( 'NONE', #120, #1399, #1227, .T. ) ;
#1347 = FILL_AREA_STYLE_COLOUR ( '', #498 ) ;
#1348 = ORIENTED_EDGE ( 'NONE', *, *, #998, .T. ) ;
#1349 = PRESENTATION_STYLE_ASSIGNMENT (( #1065 ) ) ;
#1350 = ADVANCED_FACE ( 'NONE', ( #1291, #859 ), #2661, .F. ) ;
#1351 = CARTESIAN_POINT ( 'NONE',  ( -2.400000000000000799, 3.400000000000000355, 0.8000000000000000444 ) ) ;
#1352 =( NAMED_UNIT ( * ) PLANE_ANGLE_UNIT ( ) SI_UNIT ( $, .RADIAN. ) );
#1353 = ORIENTED_EDGE ( 'NONE', *, *, #1652, .F. ) ;
#1354 = PLANE ( 'NONE',  #2250 ) ;
#1355 = SURFACE_SIDE_STYLE ('',( #427 ) ) ;
#1356 =( NAMED_UNIT ( * ) PLANE_ANGLE_UNIT ( ) SI_UNIT ( $, .RADIAN. ) );
#1357 = DIRECTION ( 'NONE',  ( 1.000000000000000000, 0.000000000000000000, 0.000000000000000000 ) ) ;
#1358 = CARTESIAN_POINT ( 'NONE',  ( -2.650000000000000355, 3.400000000000000355, 0.8000000000000000444 ) ) ;
#1359 =( NAMED_UNIT ( * ) PLANE_ANGLE_UNIT ( ) SI_UNIT ( $, .RADIAN. ) );
#1360 = PRESENTATION_STYLE_ASSIGNMENT (( #2213 ) ) ;
#1361 = PRESENTATION_LAYER_ASSIGNMENT (  '', '', ( #514 ) ) ;
#1362 = ADVANCED_FACE ( 'NONE', ( #1736 ), #2170, .T. ) ;
#1363 = PLANE ( 'NONE',  #557 ) ;
#1364 = CARTESIAN_POINT ( 'NONE',  ( -1.000000000000000444, -0.9999999999999995559, -0.2000000000000000111 ) ) ;
#1365 = AXIS2_PLACEMENT_3D ( 'NONE', #1607, #57, #1562 ) ;
#1366 = SURFACE_STYLE_USAGE ( .BOTH. , #1793 ) ;
#1367 = DIRECTION ( 'NONE',  ( 0.000000000000000000, 0.000000000000000000, 1.000000000000000000 ) ) ;
#1368 = EDGE_LOOP ( 'NONE', ( #1627, #556, #1770 ) ) ;
#1369 = CARTESIAN_POINT ( 'NONE',  ( 1.999999999999999556, 1.000000000000000444, 0.000000000000000000 ) ) ;
#1370 = SURFACE_STYLE_FILL_AREA ( #1140 ) ;
#1371 = SPHERICAL_SURFACE ( 'NONE', #1383, 0.2000000000000000111 ) ;
#1372 = PRESENTATION_LAYER_ASSIGNMENT (  '', '', ( #2807 ) ) ;
#1373 = FILL_AREA_STYLE_COLOUR ( '', #1800 ) ;
#1374 = SURFACE_SIDE_STYLE ('',( #1845 ) ) ;
#1375 = MECHANICAL_DESIGN_GEOMETRIC_PRESENTATION_REPRESENTATION (  '', ( #2861 ), #111 ) ;
#1376 = CARTESIAN_POINT ( 'NONE',  ( 0.9999999999999995559, -0.9999999999999995559, 0.000000000000000000 ) ) ;
#1377 = CIRCLE ( 'NONE', #2041, 0.2000000000000000111 ) ;
#1378 = ORIENTED_EDGE ( 'NONE', *, *, #1940, .F. ) ;
#1379 = FILL_AREA_STYLE_COLOUR ( '', #2169 ) ;
#1380 = ORIENTED_EDGE ( 'NONE', *, *, #2292, .F. ) ;
#1381 = DIRECTION ( 'NONE',  ( -0.000000000000000000, -0.000000000000000000, 1.000000000000000000 ) ) ;
#1382 = EDGE_CURVE ( 'NONE', #478, #2721, #159, .T. ) ;
#1383 = AXIS2_PLACEMENT_3D ( 'NONE', #2012, #2890, #713 ) ;
#1384 = COLOUR_RGB ( '',0.8039215686274510109, 0.8039215686274510109, 0.8039215686274510109 ) ;
#1385 = ORIENTED_EDGE ( 'NONE', *, *, #1617, .T. ) ;
#1386 = STYLED_ITEM ( 'NONE', ( #922 ), #2755 ) ;
#1387 = CIRCLE ( 'NONE', #1192, 0.2000000000000000944 ) ;
#1388 = EDGE_CURVE ( 'NONE', #2083, #1492, #2859, .T. ) ;
#1389 = CARTESIAN_POINT ( 'NONE',  ( 2.899999999999999911, -3.999999999999999112, 0.6999999999999999556 ) ) ;
#1390 = PRESENTATION_LAYER_ASSIGNMENT (  '', '', ( #812 ) ) ;
#1391 = DIRECTION ( 'NONE',  ( -1.000000000000000000, 0.000000000000000000, 0.000000000000000000 ) ) ;
#1392 = AXIS2_PLACEMENT_3D ( 'NONE', #2501, #1150, #1832 ) ;
#1393 = FILL_AREA_STYLE_COLOUR ( '', #1745 ) ;
#1394 = ORIENTED_EDGE ( 'NONE', *, *, #659, .T. ) ;
#1395 = DIRECTION ( 'NONE',  ( 0.000000000000000000, 1.000000000000000000, 0.000000000000000000 ) ) ;
#1396 = UNCERTAINTY_MEASURE_WITH_UNIT (LENGTH_MEASURE( 1.000000000000000082E-05 ), #829, 'distance_accuracy_value', 'NONE');
#1397 = DIRECTION ( 'NONE',  ( 0.000000000000000000, 0.000000000000000000, 1.000000000000000000 ) ) ;
#1398 =( NAMED_UNIT ( * ) PLANE_ANGLE_UNIT ( ) SI_UNIT ( $, .RADIAN. ) );
#1399 = VERTEX_POINT ( 'NONE', #1041 ) ;
#1400 = CARTESIAN_POINT ( 'NONE',  ( 1.999999999999999556, -1.999999999999999556, 0.000000000000000000 ) ) ;
#1401 = SURFACE_STYLE_USAGE ( .BOTH. , #227 ) ;
#1402 = ORIENTED_EDGE ( 'NONE', *, *, #2804, .F. ) ;
#1403 =( LENGTH_UNIT ( ) NAMED_UNIT ( * ) SI_UNIT ( .MILLI., .METRE. ) );
#1404 = CARTESIAN_POINT ( 'NONE',  ( -4.336808689942017736E-16, 1.000000000000000444, 0.000000000000000000 ) ) ;
#1405 = DIRECTION ( 'NONE',  ( 0.000000000000000000, 0.000000000000000000, 1.000000000000000000 ) ) ;
#1406 = EDGE_LOOP ( 'NONE', ( #811, #1838 ) ) ;
#1407 = CLOSED_SHELL ( 'NONE', ( #1124, #2262 ) ) ;
#1408 = COLOUR_RGB ( '',0.8039215686274510109, 0.8039215686274510109, 0.8039215686274510109 ) ;
#1409 = EDGE_LOOP ( 'NONE', ( #1948, #1120 ) ) ;
#1410 = DIRECTION ( 'NONE',  ( -1.224646799147350742E-16, 1.000000000000000000, 0.000000000000000000 ) ) ;
#1411 = MECHANICAL_DESIGN_GEOMETRIC_PRESENTATION_REPRESENTATION (  '', ( #1454 ), #563 ) ;
#1412 = AXIS2_PLACEMENT_3D ( 'NONE', #2559, #2800, #1448 ) ;
#1413 = AXIS2_PLACEMENT_3D ( 'NONE', #2046, #1625, #16 ) ;
#1414 = SURFACE_SIDE_STYLE ('',( #85 ) ) ;
#1415 = PRESENTATION_STYLE_ASSIGNMENT (( #1231 ) ) ;
#1416 = STYLED_ITEM ( 'NONE', ( #1163 ), #990 ) ;
#1417 = CARTESIAN_POINT ( 'NONE',  ( 2.900000000000000355, 3.900000000000000355, 0.1000000000000000472 ) ) ;
#1419 = VECTOR ( 'NONE', #62, 1000.000000000000000 ) ;
#1418 = DIRECTION ( 'NONE',  ( 1.000000000000000000, 0.000000000000000000, 0.000000000000000000 ) ) ;
#1420 = SURFACE_STYLE_FILL_AREA ( #2747 ) ;
#1421 = AXIS2_PLACEMENT_3D ( 'NONE', #2196, #1086, #185 ) ;
#1422 = SURFACE_SIDE_STYLE ('',( #2522 ) ) ;
#1423 = AXIS2_PLACEMENT_3D ( 'NONE', #634, #2825, #1494 ) ;
#1424 = CARTESIAN_POINT ( 'NONE',  ( 1.999999999999999556, -1.999999999999999556, 0.000000000000000000 ) ) ;
#1425 = VERTEX_POINT ( 'NONE', #1773 ) ;
#1426 = LINE ( 'NONE', #307, #2024 ) ;
#1427 = CARTESIAN_POINT ( 'NONE',  ( -4.336808689942017736E-16, 4.336808689942017736E-16, 0.000000000000000000 ) ) ;
#1428 = MECHANICAL_DESIGN_GEOMETRIC_PRESENTATION_REPRESENTATION (  '', ( #1808 ), #2549 ) ;
#1429 = MECHANICAL_DESIGN_GEOMETRIC_PRESENTATION_REPRESENTATION (  '', ( #1386 ), #1764 ) ;
#1430 = COLOUR_RGB ( '',0.8039215686274510109, 0.8039215686274510109, 0.8039215686274510109 ) ;
#1431 = VECTOR ( 'NONE', #2086, 1000.000000000000000 ) ;
#1432 = SURFACE_SIDE_STYLE ('',( #1891 ) ) ;
#1433 = UNCERTAINTY_MEASURE_WITH_UNIT (LENGTH_MEASURE( 1.000000000000000082E-05 ), #1815, 'distance_accuracy_value', 'NONE');
#1434 = PRESENTATION_STYLE_ASSIGNMENT (( #1488 ) ) ;
#1435 = PRESENTATION_LAYER_ASSIGNMENT (  '', '', ( #2324 ) ) ;
#1436 = FILL_AREA_STYLE ('',( #1909 ) ) ;
#1437 = ORIENTED_EDGE ( 'NONE', *, *, #1853, .T. ) ;
#1438 = CARTESIAN_POINT ( 'NONE',  ( -4.336808689942017736E-16, 2.000000000000000444, 0.2000000000000000111 ) ) ;
#1439 = EDGE_CURVE ( 'NONE', #651, #1924, #1609, .T. ) ;
#1440 =( NAMED_UNIT ( * ) SI_UNIT ( $, .STERADIAN. ) SOLID_ANGLE_UNIT ( ) );
#1441 = SURFACE_STYLE_FILL_AREA ( #312 ) ;
#1442 = ORIENTED_EDGE ( 'NONE', *, *, #2572, .T. ) ;
#1443 = DIRECTION ( 'NONE',  ( 1.000000000000000000, 1.224646799147353207E-16, -0.000000000000000000 ) ) ;
#1444 =( NAMED_UNIT ( * ) PLANE_ANGLE_UNIT ( ) SI_UNIT ( $, .RADIAN. ) );
#1445 = SURFACE_STYLE_USAGE ( .BOTH. , #1432 ) ;
#1446 =( LENGTH_UNIT ( ) NAMED_UNIT ( * ) SI_UNIT ( .MILLI., .METRE. ) );
#1447 = SURFACE_SIDE_STYLE ('',( #91 ) ) ;
#1448 = DIRECTION ( 'NONE',  ( -1.000000000000000000, 0.000000000000000000, -0.000000000000000000 ) ) ;
#1449 = VECTOR ( 'NONE', #2694, 1000.000000000000000 ) ;
#1450 = DIRECTION ( 'NONE',  ( 1.000000000000000000, 0.000000000000000000, 0.000000000000000000 ) ) ;
#1451 = UNCERTAINTY_MEASURE_WITH_UNIT (LENGTH_MEASURE( 1.000000000000000082E-05 ), #513, 'distance_accuracy_value', 'NONE');
#1452 = ORIENTED_EDGE ( 'NONE', *, *, #1198, .F. ) ;
#1453 = PRESENTATION_LAYER_ASSIGNMENT (  '', '', ( #1546 ) ) ;
#1454 = STYLED_ITEM ( 'NONE', ( #1110 ), #411 ) ;
#1455 = CIRCLE ( 'NONE', #2857, 0.2499999999999997780 ) ;
#1456 = FILL_AREA_STYLE_COLOUR ( '', #1889 ) ;
#1457 = DIRECTION ( 'NONE',  ( 0.000000000000000000, 0.000000000000000000, 1.000000000000000000 ) ) ;
#1458 =( GEOMETRIC_REPRESENTATION_CONTEXT ( 3 ) GLOBAL_UNCERTAINTY_ASSIGNED_CONTEXT ( ( #1734 ) ) GLOBAL_UNIT_ASSIGNED_CONTEXT ( ( #705, #2285, #2269 ) ) REPRESENTATION_CONTEXT ( 'NONE', 'WORKASPACE' ) );
#1459 = SURFACE_STYLE_FILL_AREA ( #329 ) ;
#1460 = SURFACE_SIDE_STYLE ('',( #1682 ) ) ;
#1461 = COLOUR_RGB ( '',0.8039215686274510109, 0.8039215686274510109, 0.8039215686274510109 ) ;
#1462 =( NAMED_UNIT ( * ) PLANE_ANGLE_UNIT ( ) SI_UNIT ( $, .RADIAN. ) );
#1463 = DIRECTION ( 'NONE',  ( -1.000000000000000000, -4.336808689942024836E-15, -0.000000000000000000 ) ) ;
#1464 = DIRECTION ( 'NONE',  ( -0.000000000000000000, 1.000000000000000000, -0.000000000000000000 ) ) ;
#1465 = VERTEX_POINT ( 'NONE', #2428 ) ;
#1466 = FACE_OUTER_BOUND ( 'NONE', #2003, .T. ) ;
#1467 = EDGE_CURVE ( 'NONE', #1425, #1318, #114, .T. ) ;
#1468 = CARTESIAN_POINT ( 'NONE',  ( 1.999999999999999556, 2.000000000000000444, -0.2000000000000000111 ) ) ;
#1469 = DIRECTION ( 'NONE',  ( -0.000000000000000000, 1.000000000000000000, 0.000000000000000000 ) ) ;
#1470 = ADVANCED_FACE ( 'NONE', ( #2874 ), #1498, .F. ) ;
#1471 =( GEOMETRIC_REPRESENTATION_CONTEXT ( 3 ) GLOBAL_UNCERTAINTY_ASSIGNED_CONTEXT ( ( #108 ) ) GLOBAL_UNIT_ASSIGNED_CONTEXT ( ( #274, #2482, #2282 ) ) REPRESENTATION_CONTEXT ( 'NONE', 'WORKASPACE' ) );
#1472 = SURFACE_STYLE_FILL_AREA ( #2337 ) ;
#1473 = SURFACE_STYLE_USAGE ( .BOTH. , #981 ) ;
#1474 = PRESENTATION_LAYER_ASSIGNMENT (  '', '', ( #2826 ) ) ;
#1475 = STYLED_ITEM ( 'NONE', ( #1630 ), #1971 ) ;
#1476 = AXIS2_PLACEMENT_3D ( 'NONE', #1107, #132, #1457 ) ;
#1477 = DIRECTION ( 'NONE',  ( 0.000000000000000000, -1.000000000000000000, 0.000000000000000000 ) ) ;
#1478 = VERTEX_POINT ( 'NONE', #824 ) ;
#1479 = FILL_AREA_STYLE ('',( #1226 ) ) ;
#1480 = SURFACE_SIDE_STYLE ('',( #1977 ) ) ;
#1481 = VERTEX_POINT ( 'NONE', #2436 ) ;
#1482 = DIRECTION ( 'NONE',  ( -1.000000000000000000, 0.000000000000000000, 0.000000000000000000 ) ) ;
#1483 = CARTESIAN_POINT ( 'NONE',  ( -2.900000000000000799, 3.900000000000000355, 0.6999999999999999556 ) ) ;
#1484 = DIRECTION ( 'NONE',  ( 1.000000000000000000, 0.000000000000000000, -0.000000000000000000 ) ) ;
#1485 = CARTESIAN_POINT ( 'NONE',  ( -2.000000000000000444, 1.000000000000000444, 0.000000000000000000 ) ) ;
#1486 = EDGE_CURVE ( 'NONE', #2657, #1593, #1709, .T. ) ;
#1487 = FILL_AREA_STYLE_COLOUR ( '', #1926 ) ;
#1488 = SURFACE_STYLE_USAGE ( .BOTH. , #2328 ) ;
#1489 = ORIENTED_EDGE ( 'NONE', *, *, #230, .F. ) ;
#1490 = DIRECTION ( 'NONE',  ( 0.000000000000000000, 0.000000000000000000, 1.000000000000000000 ) ) ;
#1491 = SURFACE_STYLE_FILL_AREA ( #1747 ) ;
#1492 = VERTEX_POINT ( 'NONE', #800 ) ;
#1493 = DIRECTION ( 'NONE',  ( 0.000000000000000000, 0.000000000000000000, 1.000000000000000000 ) ) ;
#1494 = DIRECTION ( 'NONE',  ( 0.000000000000000000, 0.000000000000000000, 1.000000000000000000 ) ) ;
#1495 = LINE ( 'NONE', #2660, #2228 ) ;
#1496 = AXIS2_PLACEMENT_3D ( 'NONE', #1572, #1557, #2647 ) ;
#1497 = EDGE_CURVE ( 'NONE', #1584, #1510, #1892, .T. ) ;
#1498 = PLANE ( 'NONE',  #798 ) ;
#1499 = AXIS2_PLACEMENT_3D ( 'NONE', #512, #1183, #1410 ) ;
#1500 = DIRECTION ( 'NONE',  ( 0.000000000000000000, 1.000000000000000000, 0.000000000000000000 ) ) ;
#1501 = CARTESIAN_POINT ( 'NONE',  ( -2.000000000000000444, -0.9999999999999995559, 0.000000000000000000 ) ) ;
#1502 = EDGE_CURVE ( 'NONE', #1240, #644, #1085, .T. ) ;
#1503 = CARTESIAN_POINT ( 'NONE',  ( -1.000000000000000444, -1.999999999999999556, 0.2000000000000000111 ) ) ;
#1504 = ORIENTED_EDGE ( 'NONE', *, *, #8, .T. ) ;
#1505 = MECHANICAL_DESIGN_GEOMETRIC_PRESENTATION_REPRESENTATION (  '', ( #1082 ), #1992 ) ;
#1506 = CARTESIAN_POINT ( 'NONE',  ( -2.900000000000000799, -3.999999999999999112, 0.1000000000000000472 ) ) ;
#1507 =( LENGTH_UNIT ( ) NAMED_UNIT ( * ) SI_UNIT ( .MILLI., .METRE. ) );
#1508 = AXIS2_PLACEMENT_3D ( 'NONE', #1181, #2330, #2546 ) ;
#1509 = UNCERTAINTY_MEASURE_WITH_UNIT (LENGTH_MEASURE( 1.000000000000000082E-05 ), #2838, 'distance_accuracy_value', 'NONE');
#1510 = VERTEX_POINT ( 'NONE', #388 ) ;
#1511 = CARTESIAN_POINT ( 'NONE',  ( 1.999999999999999556, 4.336808689942017736E-16, 0.000000000000000000 ) ) ;
#1512 = AXIS2_PLACEMENT_3D ( 'NONE', #649, #1061, #636 ) ;
#1513 = DIRECTION ( 'NONE',  ( 1.000000000000000000, 1.224646799147353207E-16, -0.000000000000000000 ) ) ;
#1514 = SPHERICAL_SURFACE ( 'NONE', #399, 0.2000000000000000111 ) ;
#1515 = COLOUR_RGB ( '',0.8039215686274510109, 0.8039215686274510109, 0.8039215686274510109 ) ;
#1516 = LINE ( 'NONE', #1307, #846 ) ;
#1517 =( NAMED_UNIT ( * ) SI_UNIT ( $, .STERADIAN. ) SOLID_ANGLE_UNIT ( ) );
#1518 =( NAMED_UNIT ( * ) PLANE_ANGLE_UNIT ( ) SI_UNIT ( $, .RADIAN. ) );
#1519 = CIRCLE ( 'NONE', #1858, 0.09999999999999982514 ) ;
#1520 =( LENGTH_UNIT ( ) NAMED_UNIT ( * ) SI_UNIT ( .MILLI., .METRE. ) );
#1521 =( GEOMETRIC_REPRESENTATION_CONTEXT ( 3 ) GLOBAL_UNCERTAINTY_ASSIGNED_CONTEXT ( ( #984 ) ) GLOBAL_UNIT_ASSIGNED_CONTEXT ( ( #2135, #1856, #2077 ) ) REPRESENTATION_CONTEXT ( 'NONE', 'WORKASPACE' ) );
#1522 = ORIENTED_EDGE ( 'NONE', *, *, #2727, .F. ) ;
#1523 = CIRCLE ( 'NONE', #1714, 0.2000000000000000111 ) ;
#1524 = UNCERTAINTY_MEASURE_WITH_UNIT (LENGTH_MEASURE( 1.000000000000000082E-05 ), #604, 'distance_accuracy_value', 'NONE');
#1525 = SURFACE_SIDE_STYLE ('',( #192 ) ) ;
#1526 = PRESENTATION_LAYER_ASSIGNMENT (  '', '', ( #2605 ) ) ;
#1527 = AXIS2_PLACEMENT_3D ( 'NONE', #416, #2845, #2832 ) ;
#1528 = EDGE_CURVE ( 'NONE', #2657, #725, #939, .T. ) ;
#1529 = VERTEX_POINT ( 'NONE', #10 ) ;
#1530 = SPHERICAL_SURFACE ( 'NONE', #1040, 0.2000000000000000111 ) ;
#1531 = UNCERTAINTY_MEASURE_WITH_UNIT (LENGTH_MEASURE( 1.000000000000000082E-05 ), #64, 'distance_accuracy_value', 'NONE');
#1532 = CARTESIAN_POINT ( 'NONE',  ( 2.899999999999999911, 3.900000000000000355, 0.6999999999999999556 ) ) ;
#1533 = FACE_OUTER_BOUND ( 'NONE', #2289, .T. ) ;
#1534 = SURFACE_SIDE_STYLE ('',( #1739 ) ) ;
#1535 = VERTEX_POINT ( 'NONE', #505 ) ;
#1536 =( LENGTH_UNIT ( ) NAMED_UNIT ( * ) SI_UNIT ( .MILLI., .METRE. ) );
#1537 =( LENGTH_UNIT ( ) NAMED_UNIT ( * ) SI_UNIT ( .MILLI., .METRE. ) );
#1538 = CARTESIAN_POINT ( 'NONE',  ( 0.9999999999999995559, 2.000000000000000444, 0.000000000000000000 ) ) ;
#1539 = VERTEX_POINT ( 'NONE', #699 ) ;
#1540 = EDGE_CURVE ( 'NONE', #2883, #46, #2587, .T. ) ;
#1541 = ADVANCED_FACE ( 'NONE', ( #55 ), #474, .T. ) ;
#1542 = SURFACE_SIDE_STYLE ('',( #1370 ) ) ;
#1543 = DIRECTION ( 'NONE',  ( 0.000000000000000000, 0.000000000000000000, -1.000000000000000000 ) ) ;
#1544 = CLOSED_SHELL ( 'NONE', ( #202, #1145 ) ) ;
#1545 = DIRECTION ( 'NONE',  ( 0.000000000000000000, 0.000000000000000000, 1.000000000000000000 ) ) ;
#1546 = STYLED_ITEM ( 'NONE', ( #2758 ), #59 ) ;
#1547 =( NAMED_UNIT ( * ) SI_UNIT ( $, .STERADIAN. ) SOLID_ANGLE_UNIT ( ) );
#1548 = AXIS2_PLACEMENT_3D ( 'NONE', #1175, #1482, #2154 ) ;
#1549 = CIRCLE ( 'NONE', #196, 0.2499999999999997780 ) ;
#1550 = VERTEX_POINT ( 'NONE', #1605 ) ;
#1551 = CYLINDRICAL_SURFACE ( 'NONE', #425, 0.09999999999999999167 ) ;
#1552 = STYLED_ITEM ( 'NONE', ( #1166 ), #906 ) ;
#1553 = CARTESIAN_POINT ( 'NONE',  ( 1.999999999999999556, 4.336808689942017736E-16, 0.000000000000000000 ) ) ;
#1554 = STYLED_ITEM ( 'NONE', ( #1811 ), #1006 ) ;
#1555 = DIRECTION ( 'NONE',  ( 0.000000000000000000, 0.000000000000000000, 1.000000000000000000 ) ) ;
#1556 = ORIENTED_EDGE ( 'NONE', *, *, #504, .F. ) ;
#1557 = DIRECTION ( 'NONE',  ( 1.000000000000000000, 0.000000000000000000, 0.000000000000000000 ) ) ;
#1558 = AXIS2_PLACEMENT_3D ( 'NONE', #845, #160, #2603 ) ;
#1560 = PRESENTATION_STYLE_ASSIGNMENT (( #660 ) ) ;
#1559 =( GEOMETRIC_REPRESENTATION_CONTEXT ( 3 ) GLOBAL_UNCERTAINTY_ASSIGNED_CONTEXT ( ( #2544 ) ) GLOBAL_UNIT_ASSIGNED_CONTEXT ( ( #1288, #589, #182 ) ) REPRESENTATION_CONTEXT ( 'NONE', 'WORKASPACE' ) );
#1561 = PRESENTATION_STYLE_ASSIGNMENT (( #288 ) ) ;
#1562 = DIRECTION ( 'NONE',  ( 0.000000000000000000, 0.000000000000000000, -1.000000000000000000 ) ) ;
#1563 = SURFACE_STYLE_FILL_AREA ( #2664 ) ;
#1564 = PRESENTATION_STYLE_ASSIGNMENT (( #1113 ) ) ;
#1565 = ORIENTED_EDGE ( 'NONE', *, *, #2512, .F. ) ;
#1566 = DIRECTION ( 'NONE',  ( 0.000000000000000000, 1.000000000000000000, 0.000000000000000000 ) ) ;
#1567 = AXIS2_PLACEMENT_3D ( 'NONE', #1485, #637, #1987 ) ;
#1568 = SURFACE_STYLE_USAGE ( .BOTH. , #2682 ) ;
#1569 =( NAMED_UNIT ( * ) PLANE_ANGLE_UNIT ( ) SI_UNIT ( $, .RADIAN. ) );
#1570 = PRESENTATION_STYLE_ASSIGNMENT (( #896 ) ) ;
#1571 = ORIENTED_EDGE ( 'NONE', *, *, #374, .T. ) ;
#1572 = CARTESIAN_POINT ( 'NONE',  ( 1.999999999999999556, 2.000000000000000444, 0.000000000000000000 ) ) ;
#1573 = PRESENTATION_LAYER_ASSIGNMENT (  '', '', ( #2772 ) ) ;
#1574 = COLOUR_RGB ( '',0.8039215686274510109, 0.8039215686274510109, 0.8039215686274510109 ) ;
#1575 = CIRCLE ( 'NONE', #1476, 0.2000000000000000111 ) ;
#1576 = COLOUR_RGB ( '',0.8039215686274510109, 0.8039215686274510109, 0.8039215686274510109 ) ;
#1577 = SURFACE_STYLE_USAGE ( .BOTH. , #1374 ) ;
#1578 = SURFACE_STYLE_USAGE ( .BOTH. , #2294 ) ;
#1579 = ADVANCED_FACE ( 'NONE', ( #930 ), #1619, .T. ) ;
#1580 = EDGE_CURVE ( 'NONE', #1492, #1031, #361, .T. ) ;
#1581 = FACE_OUTER_BOUND ( 'NONE', #683, .T. ) ;
#1582 = CARTESIAN_POINT ( 'NONE',  ( 1.999999999999999556, -0.9999999999999995559, 0.2000000000000000111 ) ) ;
#1583 = SURFACE_STYLE_FILL_AREA ( #281 ) ;
#1584 = VERTEX_POINT ( 'NONE', #2716 ) ;
#1585 =( NAMED_UNIT ( * ) PLANE_ANGLE_UNIT ( ) SI_UNIT ( $, .RADIAN. ) );
#1586 = PRESENTATION_STYLE_ASSIGNMENT (( #1841 ) ) ;
#1587 = VERTEX_POINT ( 'NONE', #491 ) ;
#1588 = CARTESIAN_POINT ( 'NONE',  ( -2.555297771193920653, 3.566492156673880309, 0.000000000000000000 ) ) ;
#1589 = CARTESIAN_POINT ( 'NONE',  ( 0.9999999999999995559, 1.000000000000000444, 0.000000000000000000 ) ) ;
#1590 = DIRECTION ( 'NONE',  ( 0.000000000000000000, 0.000000000000000000, 1.000000000000000000 ) ) ;
#1591 = CLOSED_SHELL ( 'NONE', ( #2576, #1579 ) ) ;
#1592 = STYLED_ITEM ( 'NONE', ( #2782 ), #33 ) ;
#1593 = VERTEX_POINT ( 'NONE', #1389 ) ;
#1594 = ADVANCED_FACE ( 'NONE', ( #458 ), #301, .T. ) ;
#1595 = COLOUR_RGB ( '',0.8039215686274510109, 0.8039215686274510109, 0.8039215686274510109 ) ;
#1596 = SPHERICAL_SURFACE ( 'NONE', #1904, 0.2000000000000000111 ) ;
#1597 = SURFACE_STYLE_FILL_AREA ( #866 ) ;
#1598 = ORIENTED_EDGE ( 'NONE', *, *, #1056, .T. ) ;
#1599 = AXIS2_PLACEMENT_3D ( 'NONE', #1684, #2384, #2575 ) ;
#1600 = DIRECTION ( 'NONE',  ( 1.000000000000000000, 0.000000000000000000, 0.000000000000000000 ) ) ;
#1601 = FACE_OUTER_BOUND ( 'NONE', #1035, .T. ) ;
#1602 = STYLED_ITEM ( 'NONE', ( #1434 ), #934 ) ;
#1603 = VERTEX_POINT ( 'NONE', #2281 ) ;
#1604 = VECTOR ( 'NONE', #1345, 1000.000000000000000 ) ;
#1605 = CARTESIAN_POINT ( 'NONE',  ( 1.999999999999999556, -0.9999999999999995559, -0.2000000000000000111 ) ) ;
#1606 = VECTOR ( 'NONE', #1894, 1000.000000000000000 ) ;
#1607 = CARTESIAN_POINT ( 'NONE',  ( 2.899999999999999911, -3.899999999999999467, 0.6999999999999999556 ) ) ;
#1608 = SURFACE_SIDE_STYLE ('',( #890 ) ) ;
#1609 = CIRCLE ( 'NONE', #1512, 0.2000000000000000944 ) ;
#1610 = MECHANICAL_DESIGN_GEOMETRIC_PRESENTATION_REPRESENTATION (  '', ( #2311 ), #944 ) ;
#1611 = DIRECTION ( 'NONE',  ( 0.000000000000000000, 0.000000000000000000, 1.000000000000000000 ) ) ;
#1612 = FILL_AREA_STYLE ('',( #707 ) ) ;
#1613 = CARTESIAN_POINT ( 'NONE',  ( 2.900000000000000355, 4.000000000000000000, 0.8000000000000000444 ) ) ;
#1614 = ORIENTED_EDGE ( 'NONE', *, *, #489, .T. ) ;
#1615 = CARTESIAN_POINT ( 'NONE',  ( -2.400000000000000799, 3.400000000000000355, 0.8000000000000000444 ) ) ;
#1616 = DIRECTION ( 'NONE',  ( 0.000000000000000000, 1.000000000000000000, 0.000000000000000000 ) ) ;
#1617 = EDGE_CURVE ( 'NONE', #409, #1064, #530, .T. ) ;
#1618 = AXIS2_PLACEMENT_3D ( 'NONE', #1248, #143, #801 ) ;
#1619 = SPHERICAL_SURFACE ( 'NONE', #1653, 0.2000000000000000111 ) ;
#1620 = DIRECTION ( 'NONE',  ( 0.000000000000000000, 1.000000000000000000, 0.000000000000000000 ) ) ;
#1621 =( GEOMETRIC_REPRESENTATION_CONTEXT ( 3 ) GLOBAL_UNCERTAINTY_ASSIGNED_CONTEXT ( ( #2422 ) ) GLOBAL_UNIT_ASSIGNED_CONTEXT ( ( #1520, #188, #404 ) ) REPRESENTATION_CONTEXT ( 'NONE', 'WORKASPACE' ) );
#1622 = AXIS2_PLACEMENT_3D ( 'NONE', #99, #1917, #979 ) ;
#1623 = FILL_AREA_STYLE_COLOUR ( '', #2255 ) ;
#1624 = ORIENTED_EDGE ( 'NONE', *, *, #2494, .F. ) ;
#1625 = DIRECTION ( 'NONE',  ( 1.000000000000000000, 0.000000000000000000, 0.000000000000000000 ) ) ;
#1626 = FILL_AREA_STYLE_COLOUR ( '', #2182 ) ;
#1627 = ORIENTED_EDGE ( 'NONE', *, *, #1724, .T. ) ;
#1628 = DIRECTION ( 'NONE',  ( 0.000000000000000000, 0.000000000000000000, -1.000000000000000000 ) ) ;
#1629 = ADVANCED_FACE ( 'NONE', ( #2743 ), #1900, .T. ) ;
#1630 = PRESENTATION_STYLE_ASSIGNMENT (( #81 ) ) ;
#1631 = SPHERICAL_SURFACE ( 'NONE', #2275, 0.2000000000000000111 ) ;
#1632 = ORIENTED_EDGE ( 'NONE', *, *, #827, .T. ) ;
#1633 = EDGE_CURVE ( 'NONE', #1912, #2612, #2791, .T. ) ;
#1634 = CARTESIAN_POINT ( 'NONE',  ( 0.9999999999999995559, 1.000000000000000444, -0.2000000000000000111 ) ) ;
#1635 = DIRECTION ( 'NONE',  ( 0.000000000000000000, 0.000000000000000000, 1.000000000000000000 ) ) ;
#1636 = UNCERTAINTY_MEASURE_WITH_UNIT (LENGTH_MEASURE( 1.000000000000000082E-05 ), #238, 'distance_accuracy_value', 'NONE');
#1637 = CLOSED_SHELL ( 'NONE', ( #1683, #2379 ) ) ;
#1638 = SURFACE_STYLE_FILL_AREA ( #735 ) ;
#1639 = AXIS2_PLACEMENT_3D ( 'NONE', #161, #2224, #2607 ) ;
#1640 = FACE_OUTER_BOUND ( 'NONE', #1842, .T. ) ;
#1641 = FACE_OUTER_BOUND ( 'NONE', #2174, .T. ) ;
#1642 = VERTEX_POINT ( 'NONE', #771 ) ;
#1643 = CARTESIAN_POINT ( 'NONE',  ( -2.000000000000000444, 1.000000000000000444, -0.2000000000000000111 ) ) ;
#1644 = FILL_AREA_STYLE_COLOUR ( '', #2184 ) ;
#1645 = DIRECTION ( 'NONE',  ( 0.000000000000000000, 0.000000000000000000, 1.000000000000000000 ) ) ;
#1646 = STYLED_ITEM ( 'NONE', ( #1700 ), #642 ) ;
#1647 = ORIENTED_EDGE ( 'NONE', *, *, #885, .F. ) ;
#1648 = DIRECTION ( 'NONE',  ( 1.000000000000000000, 0.000000000000000000, 0.000000000000000000 ) ) ;
#1649 = FACE_OUTER_BOUND ( 'NONE', #2062, .T. ) ;
#1650 = PRESENTATION_LAYER_ASSIGNMENT (  '', '', ( #1082 ) ) ;
#1651 = MECHANICAL_DESIGN_GEOMETRIC_PRESENTATION_REPRESENTATION (  '', ( #704 ), #525 ) ;
#1652 = EDGE_CURVE ( 'NONE', #478, #2721, #487, .T. ) ;
#1653 = AXIS2_PLACEMENT_3D ( 'NONE', #2065, #25, #902 ) ;
#1654 = VECTOR ( 'NONE', #2140, 1000.000000000000000 ) ;
#1655 = DIRECTION ( 'NONE',  ( 0.000000000000000000, 0.000000000000000000, 1.000000000000000000 ) ) ;
#1656 = PRESENTATION_STYLE_ASSIGNMENT (( #776 ) ) ;
#1657 = ORIENTED_EDGE ( 'NONE', *, *, #256, .F. ) ;
#1658 = PRODUCT ( 'S80KS5122GABHI020', 'S80KS5122GABHI020', '', ( #2882 ) ) ;
#1659 =( NAMED_UNIT ( * ) SI_UNIT ( $, .STERADIAN. ) SOLID_ANGLE_UNIT ( ) );
#1660 = SURFACE_SIDE_STYLE ('',( #2106 ) ) ;
#1661 = EDGE_LOOP ( 'NONE', ( #923, #2515, #1910, #211 ) ) ;
#1662 = PRESENTATION_LAYER_ASSIGNMENT (  '', '', ( #855 ) ) ;
#1663 = SURFACE_SIDE_STYLE ('',( #2779 ) ) ;
#1664 = AXIS2_PLACEMENT_3D ( 'NONE', #2742, #729, #2307 ) ;
#1665 = EDGE_CURVE ( 'NONE', #1584, #1510, #2732, .T. ) ;
#1666 =( LENGTH_UNIT ( ) NAMED_UNIT ( * ) SI_UNIT ( .MILLI., .METRE. ) );
#1667 = FILL_AREA_STYLE_COLOUR ( '', #1408 ) ;
#1668 = FILL_AREA_STYLE_COLOUR ( '', #2631 ) ;
#1669 = EDGE_CURVE ( 'NONE', #1959, #1835, #2643, .T. ) ;
#1670 = EDGE_CURVE ( 'NONE', #2725, #585, #2354, .T. ) ;
#1671 = FILL_AREA_STYLE_COLOUR ( '', #2146 ) ;
#1672 =( NAMED_UNIT ( * ) PLANE_ANGLE_UNIT ( ) SI_UNIT ( $, .RADIAN. ) );
#1673 = CARTESIAN_POINT ( 'NONE',  ( -3.000000000000000444, 3.899999999999999911, 0.6999999999999999556 ) ) ;
#1674 = CARTESIAN_POINT ( 'NONE',  ( 1.999999999999999556, 2.000000000000000444, 0.2000000000000000111 ) ) ;
#1675 = DIRECTION ( 'NONE',  ( 0.000000000000000000, 1.000000000000000000, 0.000000000000000000 ) ) ;
#1676 = VERTEX_POINT ( 'NONE', #1634 ) ;
#1677 = DIRECTION ( 'NONE',  ( 1.000000000000000000, 1.224646799147353207E-16, -0.000000000000000000 ) ) ;
#1678 = FILL_AREA_STYLE_COLOUR ( '', #1576 ) ;
#1679 = SURFACE_STYLE_USAGE ( .BOTH. , #997 ) ;
#1680 =( LENGTH_UNIT ( ) NAMED_UNIT ( * ) SI_UNIT ( .MILLI., .METRE. ) );
#1681 = CARTESIAN_POINT ( 'NONE',  ( -2.000000000000000444, -0.9999999999999995559, 0.000000000000000000 ) ) ;
#1682 = SURFACE_STYLE_FILL_AREA ( #2759 ) ;
#1683 = ADVANCED_FACE ( 'NONE', ( #2527 ), #1530, .T. ) ;
#1684 = CARTESIAN_POINT ( 'NONE',  ( -4.336808689942017736E-16, 4.336808689942017736E-16, 0.000000000000000000 ) ) ;
#1685 = CIRCLE ( 'NONE', #560, 0.2000000000000000111 ) ;
#1686 = DIRECTION ( 'NONE',  ( 1.000000000000000000, 0.000000000000000000, 0.000000000000000000 ) ) ;
#1687 = FACE_OUTER_BOUND ( 'NONE', #136, .T. ) ;
#1688 = UNCERTAINTY_MEASURE_WITH_UNIT (LENGTH_MEASURE( 1.000000000000000082E-05 ), #141, 'distance_accuracy_value', 'NONE');
#1689 = ORIENTED_EDGE ( 'NONE', *, *, #1946, .T. ) ;
#1690 = SPHERICAL_SURFACE ( 'NONE', #2484, 0.1000000000000000056 ) ;
#1691 = AXIS2_PLACEMENT_3D ( 'NONE', #1159, #1628, #2726 ) ;
#1692 = FACE_OUTER_BOUND ( 'NONE', #1827, .T. ) ;
#1693 = CARTESIAN_POINT ( 'NONE',  ( -2.900000000000000799, 3.900000000000000355, 0.6999999999999999556 ) ) ;
#1694 = MECHANICAL_DESIGN_GEOMETRIC_PRESENTATION_REPRESENTATION (  '', ( #1602 ), #700 ) ;
#1695 = SURFACE_STYLE_FILL_AREA ( #2112 ) ;
#1696 =( GEOMETRIC_REPRESENTATION_CONTEXT ( 3 ) GLOBAL_UNCERTAINTY_ASSIGNED_CONTEXT ( ( #1155 ) ) GLOBAL_UNIT_ASSIGNED_CONTEXT ( ( #247, #460, #2057 ) ) REPRESENTATION_CONTEXT ( 'NONE', 'WORKASPACE' ) );
#1697 = DIRECTION ( 'NONE',  ( -1.000000000000000000, 0.000000000000000000, 0.000000000000000000 ) ) ;
#1698 = DIRECTION ( 'NONE',  ( 0.000000000000000000, 0.000000000000000000, -1.000000000000000000 ) ) ;
#1699 = VERTEX_POINT ( 'NONE', #1203 ) ;
#1700 = PRESENTATION_STYLE_ASSIGNMENT (( #596 ) ) ;
#1701 = AXIS2_PLACEMENT_3D ( 'NONE', #620, #2410, #1755 ) ;
#1702 =( LENGTH_UNIT ( ) NAMED_UNIT ( * ) SI_UNIT ( .MILLI., .METRE. ) );
#1703 =( NAMED_UNIT ( * ) PLANE_ANGLE_UNIT ( ) SI_UNIT ( $, .RADIAN. ) );
#1704 = ORIENTED_EDGE ( 'NONE', *, *, #2692, .F. ) ;
#1705 = AXIS2_PLACEMENT_3D ( 'NONE', #1427, #558, #976 ) ;
#1706 = DIRECTION ( 'NONE',  ( 1.000000000000000000, 0.000000000000000000, 0.000000000000000000 ) ) ;
#1707 = SURFACE_SIDE_STYLE ('',( #214 ) ) ;
#1708 =( GEOMETRIC_REPRESENTATION_CONTEXT ( 3 ) GLOBAL_UNCERTAINTY_ASSIGNED_CONTEXT ( ( #769 ) ) GLOBAL_UNIT_ASSIGNED_CONTEXT ( ( #1102, #1062, #1517 ) ) REPRESENTATION_CONTEXT ( 'NONE', 'WORKASPACE' ) );
#1709 = LINE ( 'NONE', #1025, #1180 ) ;
#1710 = CARTESIAN_POINT ( 'NONE',  ( 0.000000000000000000, 0.000000000000000000, 0.000000000000000000 ) ) ;
#1711 =( GEOMETRIC_REPRESENTATION_CONTEXT ( 3 ) GLOBAL_UNCERTAINTY_ASSIGNED_CONTEXT ( ( #2789 ) ) GLOBAL_UNIT_ASSIGNED_CONTEXT ( ( #2261, #2452, #2714 ) ) REPRESENTATION_CONTEXT ( 'NONE', 'WORKASPACE' ) );
#1712 = MECHANICAL_DESIGN_GEOMETRIC_PRESENTATION_REPRESENTATION (  '', ( #2002 ), #2599 ) ;
#1713 =( GEOMETRIC_REPRESENTATION_CONTEXT ( 3 ) GLOBAL_UNCERTAINTY_ASSIGNED_CONTEXT ( ( #1749 ) ) GLOBAL_UNIT_ASSIGNED_CONTEXT ( ( #380, #1703, #2802 ) ) REPRESENTATION_CONTEXT ( 'NONE', 'WORKASPACE' ) );
#1714 = AXIS2_PLACEMENT_3D ( 'NONE', #2152, #17, #1134 ) ;
#1715 = SURFACE_STYLE_USAGE ( .BOTH. , #2590 ) ;
#1716 = FILL_AREA_STYLE ('',( #2639 ) ) ;
#1717 = VECTOR ( 'NONE', #1697, 1000.000000000000000 ) ;
#1718 = SURFACE_STYLE_FILL_AREA ( #152 ) ;
#1719 =( NAMED_UNIT ( * ) PLANE_ANGLE_UNIT ( ) SI_UNIT ( $, .RADIAN. ) );
#1720 = ORIENTED_EDGE ( 'NONE', *, *, #2885, .T. ) ;
#1721 = FILL_AREA_STYLE_COLOUR ( '', #1595 ) ;
#1722 = DIRECTION ( 'NONE',  ( -1.000000000000000000, 0.000000000000000000, 0.000000000000000000 ) ) ;
#1723 = CARTESIAN_POINT ( 'NONE',  ( -3.000000000000000444, 3.899999999999999911, 0.8000000000000000444 ) ) ;
#1724 = EDGE_CURVE ( 'NONE', #1182, #285, #344, .T. ) ;
#1725 = CARTESIAN_POINT ( 'NONE',  ( 2.900000000000000355, 3.900000000000000355, 0.1000000000000000472 ) ) ;
#1726 = SPHERICAL_SURFACE ( 'NONE', #2226, 0.2000000000000000111 ) ;
#1727 = DIRECTION ( 'NONE',  ( 0.000000000000000000, -1.000000000000000000, 0.000000000000000000 ) ) ;
#1728 = ORIENTED_EDGE ( 'NONE', *, *, #97, .T. ) ;
#1729 = CARTESIAN_POINT ( 'NONE',  ( -2.000000000000000444, -0.9999999999999995559, -0.2000000000000000111 ) ) ;
#1730 = FILL_AREA_STYLE_COLOUR ( '', #1574 ) ;
#1731 = ORIENTED_EDGE ( 'NONE', *, *, #1669, .F. ) ;
#1732 = CLOSED_SHELL ( 'NONE', ( #823, #2240 ) ) ;
#1733 = FACE_OUTER_BOUND ( 'NONE', #1312, .T. ) ;
#1734 = UNCERTAINTY_MEASURE_WITH_UNIT (LENGTH_MEASURE( 1.000000000000000082E-05 ), #705, 'distance_accuracy_value', 'NONE');
#1735 = MECHANICAL_DESIGN_GEOMETRIC_PRESENTATION_REPRESENTATION (  '', ( #739 ), #2571 ) ;
#1736 = FACE_OUTER_BOUND ( 'NONE', #306, .T. ) ;
#1737 = FILL_AREA_STYLE ('',( #860 ) ) ;
#1738 = MECHANICAL_DESIGN_GEOMETRIC_PRESENTATION_REPRESENTATION (  '', ( #1121 ), #786 ) ;
#1739 = SURFACE_STYLE_FILL_AREA ( #2876 ) ;
#1740 = PRESENTATION_STYLE_ASSIGNMENT (( #1757 ) ) ;
#1741 = AXIS2_PLACEMENT_3D ( 'NONE', #1778, #293, #2749 ) ;
#1742 = EDGE_CURVE ( 'NONE', #467, #1017, #1377, .T. ) ;
#1743 = CARTESIAN_POINT ( 'NONE',  ( -2.400000000000000799, 3.400000000000000355, 0.7900000000000000355 ) ) ;
#1744 = EDGE_LOOP ( 'NONE', ( #1943, #2058 ) ) ;
#1745 = COLOUR_RGB ( '',0.8039215686274510109, 0.8039215686274510109, 0.8039215686274510109 ) ;
#1746 = CARTESIAN_POINT ( 'NONE',  ( 2.999999999999999556, -3.999999999999999112, 0.6999999999999999556 ) ) ;
#1747 = FILL_AREA_STYLE ('',( #2752 ) ) ;
#1748 = CARTESIAN_POINT ( 'NONE',  ( 2.900000000000000355, -3.999999999999999112, 0.1000000000000000472 ) ) ;
#1749 = UNCERTAINTY_MEASURE_WITH_UNIT (LENGTH_MEASURE( 1.000000000000000082E-05 ), #380, 'distance_accuracy_value', 'NONE');
#1750 = ORIENTED_EDGE ( 'NONE', *, *, #1325, .T. ) ;
#1751 = FILL_AREA_STYLE_COLOUR ( '', #2719 ) ;
#1752 = MECHANICAL_DESIGN_GEOMETRIC_PRESENTATION_REPRESENTATION (  '', ( #342 ), #483 ) ;
#1753 = DIRECTION ( 'NONE',  ( -1.000000000000000000, 0.000000000000000000, 0.000000000000000000 ) ) ;
#1754 = DIRECTION ( 'NONE',  ( 0.000000000000000000, 1.000000000000000000, 0.000000000000000000 ) ) ;
#1755 = DIRECTION ( 'NONE',  ( 0.000000000000000000, 0.000000000000000000, 1.000000000000000000 ) ) ;
#1756 = SURFACE_STYLE_FILL_AREA ( #1293 ) ;
#1757 = SURFACE_STYLE_USAGE ( .BOTH. , #623 ) ;
#1758 = COLOUR_RGB ( '',0.8039215686274510109, 0.8039215686274510109, 0.8039215686274510109 ) ;
#1759 = FILL_AREA_STYLE_COLOUR ( '', #2186 ) ;
#1760 = PRESENTATION_LAYER_ASSIGNMENT (  '', '', ( #1337 ) ) ;
#1761 = ORIENTED_EDGE ( 'NONE', *, *, #2512, .T. ) ;
#1762 = FACE_OUTER_BOUND ( 'NONE', #282, .T. ) ;
#1763 = EDGE_CURVE ( 'NONE', #2837, #1539, #1088, .T. ) ;
#1764 =( GEOMETRIC_REPRESENTATION_CONTEXT ( 3 ) GLOBAL_UNCERTAINTY_ASSIGNED_CONTEXT ( ( #630 ) ) GLOBAL_UNIT_ASSIGNED_CONTEXT ( ( #691, #1569, #1780 ) ) REPRESENTATION_CONTEXT ( 'NONE', 'WORKASPACE' ) );
#1765 = STYLED_ITEM ( 'NONE', ( #759 ), #2212 ) ;
#1766 = UNCERTAINTY_MEASURE_WITH_UNIT (LENGTH_MEASURE( 1.000000000000000082E-05 ), #2237, 'distance_accuracy_value', 'NONE');
#1767 = SPHERICAL_SURFACE ( 'NONE', #2054, 0.2000000000000000111 ) ;
#1768 = SPHERICAL_SURFACE ( 'NONE', #719, 0.2000000000000000111 ) ;
#1769 = STYLED_ITEM ( 'NONE', ( #1561 ), #2296 ) ;
#1770 = ORIENTED_EDGE ( 'NONE', *, *, #591, .F. ) ;
#1771 = CARTESIAN_POINT ( 'NONE',  ( -2.000000000000000444, 1.000000000000000444, 0.2000000000000000111 ) ) ;
#1772 = DIRECTION ( 'NONE',  ( 0.000000000000000000, -0.000000000000000000, 1.000000000000000000 ) ) ;
#1773 = CARTESIAN_POINT ( 'NONE',  ( 1.999999999999999556, 4.459273369856753279E-16, 0.2000000000000000111 ) ) ;
#1774 = FILL_AREA_STYLE_COLOUR ( '', #72 ) ;
#1775 = SURFACE_STYLE_USAGE ( .BOTH. , #2183 ) ;
#1776 = SURFACE_STYLE_FILL_AREA ( #1264 ) ;
#1777 = ORIENTED_EDGE ( 'NONE', *, *, #2473, .T. ) ;
#1778 = CARTESIAN_POINT ( 'NONE',  ( -2.000000000000000444, -0.9999999999999995559, 0.000000000000000000 ) ) ;
#1779 = ADVANCED_FACE ( 'NONE', ( #412 ), #2166, .T. ) ;
#1780 =( NAMED_UNIT ( * ) SI_UNIT ( $, .STERADIAN. ) SOLID_ANGLE_UNIT ( ) );
#1781 = ORIENTED_EDGE ( 'NONE', *, *, #1940, .T. ) ;
#1782 =( LENGTH_UNIT ( ) NAMED_UNIT ( * ) SI_UNIT ( .MILLI., .METRE. ) );
#1783 =( LENGTH_UNIT ( ) NAMED_UNIT ( * ) SI_UNIT ( .MILLI., .METRE. ) );
#1784 =( LENGTH_UNIT ( ) NAMED_UNIT ( * ) SI_UNIT ( .MILLI., .METRE. ) );
#1785 = ADVANCED_FACE ( 'NONE', ( #1981 ), #1021, .T. ) ;
#1786 = CARTESIAN_POINT ( 'NONE',  ( -2.842549628532320405, 3.288568953902110348, -0.000000000000000000 ) ) ;
#1787 = STYLED_ITEM ( 'NONE', ( #2745 ), #343 ) ;
#1788 =( NAMED_UNIT ( * ) PLANE_ANGLE_UNIT ( ) SI_UNIT ( $, .RADIAN. ) );
#1789 = AXIS2_PLACEMENT_3D ( 'NONE', #165, #1960, #1896 ) ;
#1790 = DIRECTION ( 'NONE',  ( 0.000000000000000000, 0.000000000000000000, 1.000000000000000000 ) ) ;
#1791 = VERTEX_POINT ( 'NONE', #1771 ) ;
#1792 = CIRCLE ( 'NONE', #198, 0.1000000000000000056 ) ;
#1793 = SURFACE_SIDE_STYLE ('',( #1718 ) ) ;
#1794 = CARTESIAN_POINT ( 'NONE',  ( 2.999999999999999556, 3.899999999999999911, 0.8000000000000000444 ) ) ;
#1795 = CARTESIAN_POINT ( 'NONE',  ( -4.336808689942017736E-16, -1.999999999999999556, 0.000000000000000000 ) ) ;
#1796 = ORIENTED_EDGE ( 'NONE', *, *, #149, .F. ) ;
#1797 = SPHERICAL_SURFACE ( 'NONE', #2533, 0.2000000000000000111 ) ;
#1798 = SURFACE_SIDE_STYLE ('',( #685 ) ) ;
#1799 = UNCERTAINTY_MEASURE_WITH_UNIT (LENGTH_MEASURE( 1.000000000000000082E-05 ), #1221, 'distance_accuracy_value', 'NONE');
#1800 = COLOUR_RGB ( '',0.8039215686274510109, 0.8039215686274510109, 0.8039215686274510109 ) ;
#1801 = PRODUCT_DEFINITION ( 'UNKNOWN', '', #270, #396 ) ;
#1803 = CARTESIAN_POINT ( 'NONE',  ( -2.900000000000000799, 3.899999999999999911, 0.8000000000000000444 ) ) ;
#1802 = CIRCLE ( 'NONE', #1276, 0.2000000000000000111 ) ;
#1804 = CARTESIAN_POINT ( 'NONE',  ( -2.400000000000000799, 3.400000000000000355, 0.7900000000000000355 ) ) ;
#1805 = SURFACE_SIDE_STYLE ('',( #507 ) ) ;
#1806 = FILL_AREA_STYLE ('',( #1759 ) ) ;
#1807 = CARTESIAN_POINT ( 'NONE',  ( 2.900000000000000355, -3.999999999999999112, 0.1000000000000000472 ) ) ;
#1808 = STYLED_ITEM ( 'NONE', ( #1228 ), #2577 ) ;
#1809 = FACE_OUTER_BOUND ( 'NONE', #2190, .T. ) ;
#1810 = CARTESIAN_POINT ( 'NONE',  ( 0.9999999999999995559, 4.459273369856753279E-16, -0.2000000000000000111 ) ) ;
#1811 = PRESENTATION_STYLE_ASSIGNMENT (( #4 ) ) ;
#1812 = EDGE_LOOP ( 'NONE', ( #763, #1334, #2361, #451 ) ) ;
#1813 =( NAMED_UNIT ( * ) PLANE_ANGLE_UNIT ( ) SI_UNIT ( $, .RADIAN. ) );
#1814 = CIRCLE ( 'NONE', #537, 0.2000000000000000111 ) ;
#1815 =( LENGTH_UNIT ( ) NAMED_UNIT ( * ) SI_UNIT ( .MILLI., .METRE. ) );
#1816 = MECHANICAL_DESIGN_GEOMETRIC_PRESENTATION_REPRESENTATION (  '', ( #2605 ), #401 ) ;
#1817 = FILL_AREA_STYLE ('',( #7 ) ) ;
#1818 = STYLED_ITEM ( 'NONE', ( #1051 ), #2035 ) ;
#1819 =( LENGTH_UNIT ( ) NAMED_UNIT ( * ) SI_UNIT ( .MILLI., .METRE. ) );
#1820 = EDGE_CURVE ( 'NONE', #1791, #501, #2543, .T. ) ;
#1821 = DIRECTION ( 'NONE',  ( 1.000000000000000000, 0.000000000000000000, 0.000000000000000000 ) ) ;
#1822 =( LENGTH_UNIT ( ) NAMED_UNIT ( * ) SI_UNIT ( .MILLI., .METRE. ) );
#1823 = FACE_OUTER_BOUND ( 'NONE', #382, .T. ) ;
#1824 = CARTESIAN_POINT ( 'NONE',  ( 0.9999999999999995559, -0.9999999999999995559, -0.2000000000000000111 ) ) ;
#1825 = CARTESIAN_POINT ( 'NONE',  ( -2.400000000000000799, 3.400000000000000355, 0.7900000000000000355 ) ) ;
#1826 = SURFACE_SIDE_STYLE ('',( #1583 ) ) ;
#1827 = EDGE_LOOP ( 'NONE', ( #2750, #1105 ) ) ;
#1828 = SURFACE_STYLE_USAGE ( .BOTH. , #1839 ) ;
#1829 =( NAMED_UNIT ( * ) SI_UNIT ( $, .STERADIAN. ) SOLID_ANGLE_UNIT ( ) );
#1830 = ORIENTED_EDGE ( 'NONE', *, *, #2037, .T. ) ;
#1831 = CARTESIAN_POINT ( 'NONE',  ( -2.382946656790879025, 3.733246078336939444, 0.000000000000000000 ) ) ;
#1832 = DIRECTION ( 'NONE',  ( 0.000000000000000000, 1.000000000000000000, 0.000000000000000000 ) ) ;
#1833 = DIRECTION ( 'NONE',  ( 0.000000000000000000, 0.000000000000000000, 1.000000000000000000 ) ) ;
#1834 =( NAMED_UNIT ( * ) SI_UNIT ( $, .STERADIAN. ) SOLID_ANGLE_UNIT ( ) );
#1835 = VERTEX_POINT ( 'NONE', #1468 ) ;
#1836 = EDGE_CURVE ( 'NONE', #2837, #1539, #1802, .T. ) ;
#1837 = DIRECTION ( 'NONE',  ( -0.000000000000000000, -0.000000000000000000, 1.000000000000000000 ) ) ;
#1838 = ORIENTED_EDGE ( 'NONE', *, *, #648, .F. ) ;
#1839 = SURFACE_SIDE_STYLE ('',( #2274 ) ) ;
#1840 = MECHANICAL_DESIGN_GEOMETRIC_PRESENTATION_REPRESENTATION (  '', ( #475 ), #1458 ) ;
#1841 = SURFACE_STYLE_USAGE ( .BOTH. , #1340 ) ;
#1842 = EDGE_LOOP ( 'NONE', ( #853, #912 ) ) ;
#1843 = PRESENTATION_LAYER_ASSIGNMENT (  '', '', ( #2394 ) ) ;
#1844 = SURFACE_SIDE_STYLE ('',( #2469 ) ) ;
#1845 = SURFACE_STYLE_FILL_AREA ( #2266 ) ;
#1846 = AXIS2_PLACEMENT_3D ( 'NONE', #2848, #1477, #1698 ) ;
#1847 = FILL_AREA_STYLE ('',( #2293 ) ) ;
#1848 =( GEOMETRIC_REPRESENTATION_CONTEXT ( 3 ) GLOBAL_UNCERTAINTY_ASSIGNED_CONTEXT ( ( #1142 ) ) GLOBAL_UNIT_ASSIGNED_CONTEXT ( ( #1666, #1444, #2566 ) ) REPRESENTATION_CONTEXT ( 'NONE', 'WORKASPACE' ) );
#1849 = EDGE_LOOP ( 'NONE', ( #77, #367 ) ) ;
#1850 = FILL_AREA_STYLE ('',( #1379 ) ) ;
#1851 = CARTESIAN_POINT ( 'NONE',  ( -4.336808689942017736E-16, 1.000000000000000444, 0.000000000000000000 ) ) ;
#1852 = CARTESIAN_POINT ( 'NONE',  ( -4.336808689942017736E-16, 4.459273369856753279E-16, -0.2000000000000000111 ) ) ;
#1853 = EDGE_CURVE ( 'NONE', #2441, #1240, #755, .T. ) ;
#1854 = ORIENTED_EDGE ( 'NONE', *, *, #2292, .T. ) ;
#1855 = PRESENTATION_LAYER_ASSIGNMENT (  '', '', ( #949 ) ) ;
#1856 =( NAMED_UNIT ( * ) PLANE_ANGLE_UNIT ( ) SI_UNIT ( $, .RADIAN. ) );
#1857 = CARTESIAN_POINT ( 'NONE',  ( -1.000000000000000444, 1.000000000000000444, 0.000000000000000000 ) ) ;
#1858 = AXIS2_PLACEMENT_3D ( 'NONE', #2426, #1772, #1967 ) ;
#1859 = PRESENTATION_LAYER_ASSIGNMENT (  '', '', ( #2511 ) ) ;
#1860 = CARTESIAN_POINT ( 'NONE',  ( -4.336808689942017736E-16, 2.000000000000000444, 0.000000000000000000 ) ) ;
#1861 = SPHERICAL_SURFACE ( 'NONE', #2655, 0.2000000000000000111 ) ;
#1862 = AXIS2_PLACEMENT_3D ( 'NONE', #523, #2300, #295 ) ;
#1863 = DIRECTION ( 'NONE',  ( 1.000000000000000000, 0.000000000000000000, 0.000000000000000000 ) ) ;
#1864 = AXIS2_PLACEMENT_3D ( 'NONE', #931, #2690, #916 ) ;
#1865 = FACE_OUTER_BOUND ( 'NONE', #1091, .T. ) ;
#1866 = EDGE_LOOP ( 'NONE', ( #2764, #1081, #2536, #154 ) ) ;
#1867 = CARTESIAN_POINT ( 'NONE',  ( 0.9999999999999995559, -1.999999999999999556, 0.000000000000000000 ) ) ;
#1868 =( NAMED_UNIT ( * ) SI_UNIT ( $, .STERADIAN. ) SOLID_ANGLE_UNIT ( ) );
#1869 = ORIENTED_EDGE ( 'NONE', *, *, #2028, .F. ) ;
#1870 = DIRECTION ( 'NONE',  ( 1.000000000000000000, 0.000000000000000000, 0.000000000000000000 ) ) ;
#1871 = CARTESIAN_POINT ( 'NONE',  ( 0.9999999999999995559, -1.999999999999999556, -0.2000000000000000111 ) ) ;
#1872 = FACE_OUTER_BOUND ( 'NONE', #2231, .T. ) ;
#1873 = DIRECTION ( 'NONE',  ( 0.000000000000000000, 1.000000000000000000, 0.000000000000000000 ) ) ;
#1874 = DIRECTION ( 'NONE',  ( 1.000000000000000000, 0.000000000000000000, 0.000000000000000000 ) ) ;
#1875 = UNCERTAINTY_MEASURE_WITH_UNIT (LENGTH_MEASURE( 1.000000000000000082E-05 ), #35, 'distance_accuracy_value', 'NONE');
#1876 = CLOSED_SHELL ( 'NONE', ( #2177, #2577 ) ) ;
#1877 =( NAMED_UNIT ( * ) PLANE_ANGLE_UNIT ( ) SI_UNIT ( $, .RADIAN. ) );
#1878 = CARTESIAN_POINT ( 'NONE',  ( 0.9999999999999995559, -0.9999999999999995559, 0.2000000000000000111 ) ) ;
#1879 = DIRECTION ( 'NONE',  ( -0.000000000000000000, -1.000000000000000000, -0.000000000000000000 ) ) ;
#1880 = ORIENTED_EDGE ( 'NONE', *, *, #1580, .T. ) ;
#1881 = CARTESIAN_POINT ( 'NONE',  ( -3.000000000000000444, -3.899999999999999467, 0.8000000000000000444 ) ) ;
#1882 = AXIS2_PLACEMENT_3D ( 'NONE', #1128, #905, #676 ) ;
#1883 = PRESENTATION_STYLE_ASSIGNMENT (( #973 ) ) ;
#1884 = ORIENTED_EDGE ( 'NONE', *, *, #230, .T. ) ;
#1885 = ADVANCED_FACE ( 'NONE', ( #2614 ), #257, .T. ) ;
#1886 = DIRECTION ( 'NONE',  ( 0.000000000000000000, 0.000000000000000000, 1.000000000000000000 ) ) ;
#1887 = COLOUR_RGB ( '',0.2862745098039215508, 0.2862745098039215508, 0.2862745098039215508 ) ;
#1888 = EDGE_CURVE ( 'NONE', #1529, #1974, #718, .T. ) ;
#1889 = COLOUR_RGB ( '',0.8039215686274510109, 0.8039215686274510109, 0.8039215686274510109 ) ;
#1890 = SURFACE_STYLE_FILL_AREA ( #1612 ) ;
#1891 = SURFACE_STYLE_FILL_AREA ( #117 ) ;
#1892 = CIRCLE ( 'NONE', #1998, 0.2000000000000000111 ) ;
#1893 = CARTESIAN_POINT ( 'NONE',  ( 0.9999999999999995559, 2.000000000000000444, 0.2000000000000000111 ) ) ;
#1894 = DIRECTION ( 'NONE',  ( 1.000000000000000000, -0.000000000000000000, -0.000000000000000000 ) ) ;
#1895 = ORIENTED_EDGE ( 'NONE', *, *, #533, .T. ) ;
#1896 = DIRECTION ( 'NONE',  ( 0.000000000000000000, 1.000000000000000000, 0.000000000000000000 ) ) ;
#1897 = DIRECTION ( 'NONE',  ( 0.000000000000000000, 1.000000000000000000, 0.000000000000000000 ) ) ;
#1898 = UNCERTAINTY_MEASURE_WITH_UNIT (LENGTH_MEASURE( 1.000000000000000082E-05 ), #738, 'distance_accuracy_value', 'NONE');
#1899 = ORIENTED_EDGE ( 'NONE', *, *, #309, .F. ) ;
#1900 = SPHERICAL_SURFACE ( 'NONE', #2222, 0.2000000000000000111 ) ;
#1901 = VECTOR ( 'NONE', #1543, 1000.000000000000000 ) ;
#1902 =( LENGTH_UNIT ( ) NAMED_UNIT ( * ) SI_UNIT ( .MILLI., .METRE. ) );
#1903 = CIRCLE ( 'NONE', #351, 0.2000000000000000111 ) ;
#1904 = AXIS2_PLACEMENT_3D ( 'NONE', #1553, #2432, #2491 ) ;
#1905 =( LENGTH_UNIT ( ) NAMED_UNIT ( * ) SI_UNIT ( .MILLI., .METRE. ) );
#1906 = COLOUR_RGB ( '',0.8039215686274510109, 0.8039215686274510109, 0.8039215686274510109 ) ;
#1907 = PRESENTATION_LAYER_ASSIGNMENT (  '', '', ( #578 ) ) ;
#1908 = SURFACE_STYLE_FILL_AREA ( #2508 ) ;
#1909 = FILL_AREA_STYLE_COLOUR ( '', #158 ) ;
#1910 = ORIENTED_EDGE ( 'NONE', *, *, #1724, .F. ) ;
#1911 = SPHERICAL_SURFACE ( 'NONE', #1043, 0.2000000000000000111 ) ;
#1912 = VERTEX_POINT ( 'NONE', #1160 ) ;
#1913 = MANIFOLD_SOLID_BREP ( 'LPattern1[9]', #1305 ) ;
#1914 =( LENGTH_UNIT ( ) NAMED_UNIT ( * ) SI_UNIT ( .MILLI., .METRE. ) );
#1915 = DIRECTION ( 'NONE',  ( 1.000000000000000000, -0.000000000000000000, 4.336808689942016158E-15 ) ) ;
#1916 = UNCERTAINTY_MEASURE_WITH_UNIT (LENGTH_MEASURE( 1.000000000000000082E-05 ), #2272, 'distance_accuracy_value', 'NONE');
#1917 = DIRECTION ( 'NONE',  ( -1.000000000000000000, 0.000000000000000000, 0.000000000000000000 ) ) ;
#1918 = FILL_AREA_STYLE ('',( #1456 ) ) ;
#1919 = DIRECTION ( 'NONE',  ( 1.000000000000000000, 0.000000000000000000, 0.000000000000000000 ) ) ;
#1920 = DIRECTION ( 'NONE',  ( 0.000000000000000000, 0.000000000000000000, 1.000000000000000000 ) ) ;
#1921 = FILL_AREA_STYLE ('',( #1668 ) ) ;
#1922 = DIRECTION ( 'NONE',  ( 1.000000000000000000, 0.000000000000000000, 0.000000000000000000 ) ) ;
#1923 = SURFACE_SIDE_STYLE ('',( #2199 ) ) ;
#1924 = VERTEX_POINT ( 'NONE', #2064 ) ;
#1925 = ADVANCED_FACE ( 'NONE', ( #1601 ), #39, .T. ) ;
#1926 = COLOUR_RGB ( '',0.8039215686274510109, 0.8039215686274510109, 0.8039215686274510109 ) ;
#1927 = EDGE_LOOP ( 'NONE', ( #877, #1385 ) ) ;
#1928 =( GEOMETRIC_REPRESENTATION_CONTEXT ( 3 ) GLOBAL_UNCERTAINTY_ASSIGNED_CONTEXT ( ( #407 ) ) GLOBAL_UNIT_ASSIGNED_CONTEXT ( ( #368, #1965, #2580 ) ) REPRESENTATION_CONTEXT ( 'NONE', 'WORKASPACE' ) );
#1929 = MANIFOLD_SOLID_BREP ( 'LPattern1[14]', #1637 ) ;
#1930 = DIRECTION ( 'NONE',  ( -1.000000000000000000, 0.000000000000000000, 0.000000000000000000 ) ) ;
#1931 = DIRECTION ( 'NONE',  ( -1.000000000000000000, 0.000000000000000000, 0.000000000000000000 ) ) ;
#1932 = STYLED_ITEM ( 'NONE', ( #2751 ), #502 ) ;
#1933 = FILL_AREA_STYLE ('',( #2630 ) ) ;
#1934 = COLOUR_RGB ( '',0.8039215686274510109, 0.8039215686274510109, 0.8039215686274510109 ) ;
#1935 = DIRECTION ( 'NONE',  ( -0.000000000000000000, -0.000000000000000000, 1.000000000000000000 ) ) ;
#1936 = FILL_AREA_STYLE ('',( #2507 ) ) ;
#1937 = SURFACE_STYLE_USAGE ( .BOTH. , #1534 ) ;
#1938 = FILL_AREA_STYLE_COLOUR ( '', #1265 ) ;
#1939 = MANIFOLD_SOLID_BREP ( 'LPattern1[18]', #1544 ) ;
#1940 = EDGE_CURVE ( 'NONE', #2087, #2178, #1903, .T. ) ;
#1941 = MECHANICAL_DESIGN_GEOMETRIC_PRESENTATION_REPRESENTATION (  '', ( #575 ), #18 ) ;
#1942 =( NAMED_UNIT ( * ) PLANE_ANGLE_UNIT ( ) SI_UNIT ( $, .RADIAN. ) );
#1943 = ORIENTED_EDGE ( 'NONE', *, *, #1306, .F. ) ;
#1944 =( LENGTH_UNIT ( ) NAMED_UNIT ( * ) SI_UNIT ( .MILLI., .METRE. ) );
#1945 =( NAMED_UNIT ( * ) PLANE_ANGLE_UNIT ( ) SI_UNIT ( $, .RADIAN. ) );
#1946 = EDGE_CURVE ( 'NONE', #277, #20, #263, .T. ) ;
#1947 = DIRECTION ( 'NONE',  ( 1.000000000000000000, 0.000000000000000000, 0.000000000000000000 ) ) ;
#1948 = ORIENTED_EDGE ( 'NONE', *, *, #2349, .F. ) ;
#1949 = SURFACE_STYLE_USAGE ( .BOTH. , #821 ) ;
#1950 = DIRECTION ( 'NONE',  ( -0.000000000000000000, -0.000000000000000000, 1.000000000000000000 ) ) ;
#1951 = AXIS2_PLACEMENT_3D ( 'NONE', #2730, #2277, #1616 ) ;
#1952 = DIRECTION ( 'NONE',  ( 0.000000000000000000, 1.000000000000000000, 0.000000000000000000 ) ) ;
#1953 =( GEOMETRIC_REPRESENTATION_CONTEXT ( 3 ) GLOBAL_UNCERTAINTY_ASSIGNED_CONTEXT ( ( #318 ) ) GLOBAL_UNIT_ASSIGNED_CONTEXT ( ( #1507, #2203, #2403 ) ) REPRESENTATION_CONTEXT ( 'NONE', 'WORKASPACE' ) );
#1954 =( NAMED_UNIT ( * ) PLANE_ANGLE_UNIT ( ) SI_UNIT ( $, .RADIAN. ) );
#1955 = PRESENTATION_LAYER_ASSIGNMENT (  '', '', ( #308 ) ) ;
#1956 = STYLED_ITEM ( 'NONE', ( #1156 ), #2177 ) ;
#1957 = DIRECTION ( 'NONE',  ( -0.000000000000000000, 0.000000000000000000, 1.000000000000000000 ) ) ;
#1958 = DIRECTION ( 'NONE',  ( -1.000000000000000000, -0.000000000000000000, -0.000000000000000000 ) ) ;
#1959 = VERTEX_POINT ( 'NONE', #1674 ) ;
#1960 = DIRECTION ( 'NONE',  ( 1.000000000000000000, 0.000000000000000000, 0.000000000000000000 ) ) ;
#1961 = PRESENTATION_LAYER_ASSIGNMENT (  '', '', ( #313 ) ) ;
#1962 = SURFACE_STYLE_USAGE ( .BOTH. , #819 ) ;
#1963 =( LENGTH_UNIT ( ) NAMED_UNIT ( * ) SI_UNIT ( .MILLI., .METRE. ) );
#1964 = ORIENTED_EDGE ( 'NONE', *, *, #740, .T. ) ;
#1965 =( NAMED_UNIT ( * ) PLANE_ANGLE_UNIT ( ) SI_UNIT ( $, .RADIAN. ) );
#1966 =( NAMED_UNIT ( * ) SI_UNIT ( $, .STERADIAN. ) SOLID_ANGLE_UNIT ( ) );
#1967 = DIRECTION ( 'NONE',  ( 1.000000000000000000, 0.000000000000000000, 0.000000000000000000 ) ) ;
#1968 = ADVANCED_FACE ( 'NONE', ( #2120 ), #993, .T. ) ;
#1969 = DIRECTION ( 'NONE',  ( 0.000000000000000000, 1.000000000000000000, 0.000000000000000000 ) ) ;
#1970 = CARTESIAN_POINT ( 'NONE',  ( -2.000000000000000444, 1.000000000000000444, 0.000000000000000000 ) ) ;
#1971 = MANIFOLD_SOLID_BREP ( 'LPattern1[16]', #465 ) ;
#1972 = FILL_AREA_STYLE_COLOUR ( '', #355 ) ;
#1973 = DIRECTION ( 'NONE',  ( 0.000000000000000000, 1.000000000000000000, 0.000000000000000000 ) ) ;
#1974 = VERTEX_POINT ( 'NONE', #1871 ) ;
#1975 = DIRECTION ( 'NONE',  ( 4.336808689942025625E-15, -1.000000000000000000, 0.000000000000000000 ) ) ;
#1976 = UNCERTAINTY_MEASURE_WITH_UNIT (LENGTH_MEASURE( 1.000000000000000082E-05 ), #101, 'distance_accuracy_value', 'NONE');
#1977 = SURFACE_STYLE_FILL_AREA ( #2645 ) ;
#1978 = EDGE_LOOP ( 'NONE', ( #1009, #1158, #2417, #1076 ) ) ;
#1979 = MANIFOLD_SOLID_BREP ( 'LPattern1[21]', #1212 ) ;
#1980 = PRESENTATION_STYLE_ASSIGNMENT (( #1287 ) ) ;
#1981 = FACE_OUTER_BOUND ( 'NONE', #1866, .T. ) ;
#1982 = DIRECTION ( 'NONE',  ( -1.000000000000000000, 0.000000000000000000, 0.000000000000000000 ) ) ;
#1983 = UNCERTAINTY_MEASURE_WITH_UNIT (LENGTH_MEASURE( 1.000000000000000082E-05 ), #920, 'distance_accuracy_value', 'NONE');
#1984 = MECHANICAL_DESIGN_GEOMETRIC_PRESENTATION_REPRESENTATION (  '', ( #1546 ), #2248 ) ;
#1985 = AXIS2_PLACEMENT_3D ( 'NONE', #2456, #1391, #2067 ) ;
#1986 = DIRECTION ( 'NONE',  ( -1.000000000000000000, 0.000000000000000000, 0.000000000000000000 ) ) ;
#1987 = DIRECTION ( 'NONE',  ( 0.000000000000000000, 1.000000000000000000, 0.000000000000000000 ) ) ;
#1988 = AXIS2_PLACEMENT_3D ( 'NONE', #254, #1137, #38 ) ;
#1989 = PRESENTATION_STYLE_ASSIGNMENT (( #1775 ) ) ;
#1990 = SURFACE_STYLE_USAGE ( .BOTH. , #163 ) ;
#1991 = ORIENTED_EDGE ( 'NONE', *, *, #1467, .F. ) ;
#1992 =( GEOMETRIC_REPRESENTATION_CONTEXT ( 3 ) GLOBAL_UNCERTAINTY_ASSIGNED_CONTEXT ( ( #1396 ) ) GLOBAL_UNIT_ASSIGNED_CONTEXT ( ( #829, #1954, #1074 ) ) REPRESENTATION_CONTEXT ( 'NONE', 'WORKASPACE' ) );
#1993 =( NAMED_UNIT ( * ) SI_UNIT ( $, .STERADIAN. ) SOLID_ANGLE_UNIT ( ) );
#1994 =( GEOMETRIC_REPRESENTATION_CONTEXT ( 3 ) GLOBAL_UNCERTAINTY_ASSIGNED_CONTEXT ( ( #2156 ) ) GLOBAL_UNIT_ASSIGNED_CONTEXT ( ( #1197, #1672, #551 ) ) REPRESENTATION_CONTEXT ( 'NONE', 'WORKASPACE' ) );
#1995 = DIRECTION ( 'NONE',  ( 0.000000000000000000, 1.000000000000000000, 0.000000000000000000 ) ) ;
#1996 = UNCERTAINTY_MEASURE_WITH_UNIT (LENGTH_MEASURE( 1.000000000000000082E-05 ), #1311, 'distance_accuracy_value', 'NONE');
#1997 = EDGE_LOOP ( 'NONE', ( #1229, #2658 ) ) ;
#1998 = AXIS2_PLACEMENT_3D ( 'NONE', #2376, #2831, #816 ) ;
#1999 = DIRECTION ( 'NONE',  ( 0.000000000000000000, -1.000000000000000000, 0.000000000000000000 ) ) ;
#2000 = ADVANCED_FACE ( 'NONE', ( #597 ), #166, .T. ) ;
#2001 =( GEOMETRIC_REPRESENTATION_CONTEXT ( 3 ) GLOBAL_UNCERTAINTY_ASSIGNED_CONTEXT ( ( #571 ) ) GLOBAL_UNIT_ASSIGNED_CONTEXT ( ( #2701, #1356, #258 ) ) REPRESENTATION_CONTEXT ( 'NONE', 'WORKASPACE' ) );
#2002 = STYLED_ITEM ( 'NONE', ( #2011 ), #1929 ) ;
#2003 = EDGE_LOOP ( 'NONE', ( #1731, #1884 ) ) ;
#2004 = DIRECTION ( 'NONE',  ( -1.000000000000000000, 0.000000000000000000, 0.000000000000000000 ) ) ;
#2005 = MECHANICAL_DESIGN_GEOMETRIC_PRESENTATION_REPRESENTATION (  '', ( #2511 ), #2600 ) ;
#2006 = EDGE_CURVE ( 'NONE', #1642, #2268, #400, .T. ) ;
#2007 =( GEOMETRIC_REPRESENTATION_CONTEXT ( 3 ) GLOBAL_UNCERTAINTY_ASSIGNED_CONTEXT ( ( #2852 ) ) GLOBAL_UNIT_ASSIGNED_CONTEXT ( ( #2770, #968, #319 ) ) REPRESENTATION_CONTEXT ( 'NONE', 'WORKASPACE' ) );
#2008 = STYLED_ITEM ( 'NONE', ( #2744 ), #2379 ) ;
#2009 = EDGE_LOOP ( 'NONE', ( #2279, #1880, #2134, #1598, #2665 ) ) ;
#2010 = CARTESIAN_POINT ( 'NONE',  ( -2.000000000000000444, -0.9999999999999995559, 0.2000000000000000111 ) ) ;
#2011 = PRESENTATION_STYLE_ASSIGNMENT (( #646 ) ) ;
#2012 = CARTESIAN_POINT ( 'NONE',  ( -4.336808689942017736E-16, -0.9999999999999995559, 0.000000000000000000 ) ) ;
#2013 =( NAMED_UNIT ( * ) SI_UNIT ( $, .STERADIAN. ) SOLID_ANGLE_UNIT ( ) );
#2014 = FILL_AREA_STYLE ('',( #436 ) ) ;
#2015 = ORIENTED_EDGE ( 'NONE', *, *, #2768, .F. ) ;
#2016 = CARTESIAN_POINT ( 'NONE',  ( -1.000000000000000444, 1.000000000000000444, 0.000000000000000000 ) ) ;
#2017 = CARTESIAN_POINT ( 'NONE',  ( 2.900000000000000355, 4.000000000000000000, 0.6999999999999999556 ) ) ;
#2018 = FILL_AREA_STYLE_COLOUR ( '', #2860 ) ;
#2019 = EDGE_LOOP ( 'NONE', ( #2015, #2273, #544, #609 ) ) ;
#2020 = AXIS2_PLACEMENT_3D ( 'NONE', #1681, #1014, #1920 ) ;
#2021 = SURFACE_STYLE_FILL_AREA ( #2717 ) ;
#2022 = CARTESIAN_POINT ( 'NONE',  ( -2.900000000000000799, -3.899999999999999467, 0.1000000000000000333 ) ) ;
#2023 =( GEOMETRIC_REPRESENTATION_CONTEXT ( 3 ) GLOBAL_UNCERTAINTY_ASSIGNED_CONTEXT ( ( #2202 ) ) GLOBAL_UNIT_ASSIGNED_CONTEXT ( ( #1914, #1254, #2806 ) ) REPRESENTATION_CONTEXT ( 'NONE', 'WORKASPACE' ) );
#2024 = VECTOR ( 'NONE', #963, 1000.000000000000000 ) ;
#2025 =( NAMED_UNIT ( * ) PLANE_ANGLE_UNIT ( ) SI_UNIT ( $, .RADIAN. ) );
#2026 = EDGE_LOOP ( 'NONE', ( #1647, #751 ) ) ;
#2027 = SURFACE_STYLE_USAGE ( .BOTH. , #2314 ) ;
#2028 = EDGE_CURVE ( 'NONE', #1492, #2302, #408, .T. ) ;
#2029 =( NAMED_UNIT ( * ) PLANE_ANGLE_UNIT ( ) SI_UNIT ( $, .RADIAN. ) );
#2030 = DIRECTION ( 'NONE',  ( -1.000000000000000000, 0.000000000000000000, 0.000000000000000000 ) ) ;
#2031 = MECHANICAL_DESIGN_GEOMETRIC_PRESENTATION_REPRESENTATION (  '', ( #788 ), #2678 ) ;
#2032 = SURFACE_STYLE_USAGE ( .BOTH. , #1333 ) ;
#2033 = ORIENTED_EDGE ( 'NONE', *, *, #222, .T. ) ;
#2034 = DIRECTION ( 'NONE',  ( 0.000000000000000000, 1.000000000000000000, 0.000000000000000000 ) ) ;
#2035 = MANIFOLD_SOLID_BREP ( 'LPattern1[3]', #690 ) ;
#2036 = CIRCLE ( 'NONE', #479, 0.1000000000000000056 ) ;
#2037 = EDGE_CURVE ( 'NONE', #2434, #1587, #1387, .T. ) ;
#2038 = CARTESIAN_POINT ( 'NONE',  ( -3.000000000000000444, 4.000000000000000000, 0.6999999999999999556 ) ) ;
#2039 = UNCERTAINTY_MEASURE_WITH_UNIT (LENGTH_MEASURE( 1.000000000000000082E-05 ), #2290, 'distance_accuracy_value', 'NONE');
#2040 = AXIS2_PLACEMENT_3D ( 'NONE', #1323, #2211, #1969 ) ;
#2041 = AXIS2_PLACEMENT_3D ( 'NONE', #2179, #1513, #140 ) ;
#2042 = FACE_OUTER_BOUND ( 'NONE', #1165, .T. ) ;
#2043 = CARTESIAN_POINT ( 'NONE',  ( -2.900000000000000799, -3.899999999999999467, 0.8000000000000000444 ) ) ;
#2044 = PRESENTATION_STYLE_ASSIGNMENT (( #2520 ) ) ;
#2045 = EDGE_LOOP ( 'NONE', ( #935, #2761 ) ) ;
#2046 = CARTESIAN_POINT ( 'NONE',  ( -2.000000000000000444, 1.000000000000000444, 0.000000000000000000 ) ) ;
#2047 = CIRCLE ( 'NONE', #760, 0.1000000000000000472 ) ;
#2048 = PRESENTATION_STYLE_ASSIGNMENT (( #1568 ) ) ;
#2049 = CARTESIAN_POINT ( 'NONE',  ( -4.336808689942017736E-16, 4.336808689942017736E-16, 0.000000000000000000 ) ) ;
#2050 = ORIENTED_EDGE ( 'NONE', *, *, #2401, .T. ) ;
#2051 =( GEOMETRIC_REPRESENTATION_CONTEXT ( 3 ) GLOBAL_UNCERTAINTY_ASSIGNED_CONTEXT ( ( #1509 ) ) GLOBAL_UNIT_ASSIGNED_CONTEXT ( ( #2838, #1719, #1118 ) ) REPRESENTATION_CONTEXT ( 'NONE', 'WORKASPACE' ) );
#2052 =( GEOMETRIC_REPRESENTATION_CONTEXT ( 3 ) GLOBAL_UNCERTAINTY_ASSIGNED_CONTEXT ( ( #1636 ) ) GLOBAL_UNIT_ASSIGNED_CONTEXT ( ( #238, #22, #213 ) ) REPRESENTATION_CONTEXT ( 'NONE', 'WORKASPACE' ) );
#2053 = FILL_AREA_STYLE ('',( #658 ) ) ;
#2054 = AXIS2_PLACEMENT_3D ( 'NONE', #2709, #191, #2241 ) ;
#2055 = CARTESIAN_POINT ( 'NONE',  ( 2.899999999999999911, 3.900000000000000355, 0.6999999999999999556 ) ) ;
#2056 = ADVANCED_FACE ( 'NONE', ( #1244 ), #1767, .T. ) ;
#2057 =( NAMED_UNIT ( * ) SI_UNIT ( $, .STERADIAN. ) SOLID_ANGLE_UNIT ( ) );
#2058 = ORIENTED_EDGE ( 'NONE', *, *, #2349, .T. ) ;
#2059 = SPHERICAL_SURFACE ( 'NONE', #1618, 0.2000000000000000111 ) ;
#2060 = CARTESIAN_POINT ( 'NONE',  ( -1.000000000000000444, -0.9999999999999995559, 0.2000000000000000111 ) ) ;
#2061 =( NAMED_UNIT ( * ) PLANE_ANGLE_UNIT ( ) SI_UNIT ( $, .RADIAN. ) );
#2062 = EDGE_LOOP ( 'NONE', ( #29, #2308 ) ) ;
#2063 = DIRECTION ( 'NONE',  ( 1.000000000000000000, 0.000000000000000000, 0.000000000000000000 ) ) ;
#2064 = CARTESIAN_POINT ( 'NONE',  ( -4.336808689942017736E-16, 2.000000000000000444, -0.2000000000000000111 ) ) ;
#2065 = CARTESIAN_POINT ( 'NONE',  ( -4.336808689942017736E-16, 1.000000000000000444, 0.000000000000000000 ) ) ;
#2066 = EDGE_CURVE ( 'NONE', #1478, #919, #1523, .T. ) ;
#2067 = DIRECTION ( 'NONE',  ( 0.000000000000000000, 0.000000000000000000, 1.000000000000000000 ) ) ;
#2068 = FILL_AREA_STYLE_COLOUR ( '', #1461 ) ;
#2069 = CIRCLE ( 'NONE', #784, 0.1000000000000000056 ) ;
#2070 = ADVANCED_FACE ( 'NONE', ( #1809 ), #2215, .T. ) ;
#2071 = ORIENTED_EDGE ( 'NONE', *, *, #1325, .F. ) ;
#2072 = UNCERTAINTY_MEASURE_WITH_UNIT (LENGTH_MEASURE( 1.000000000000000082E-05 ), #2493, 'distance_accuracy_value', 'NONE');
#2073 = DIRECTION ( 'NONE',  ( 0.000000000000000000, 0.000000000000000000, 1.000000000000000000 ) ) ;
#2074 = FACE_OUTER_BOUND ( 'NONE', #2686, .T. ) ;
#2075 = VERTEX_POINT ( 'NONE', #1824 ) ;
#2076 = COLOUR_RGB ( '',0.8039215686274510109, 0.8039215686274510109, 0.8039215686274510109 ) ;
#2077 =( NAMED_UNIT ( * ) SI_UNIT ( $, .STERADIAN. ) SOLID_ANGLE_UNIT ( ) );
#2078 = CYLINDRICAL_SURFACE ( 'NONE', #1664, 0.2499999999999997780 ) ;
#2079 = PRESENTATION_LAYER_ASSIGNMENT (  '', '', ( #1268 ) ) ;
#2080 = PRESENTATION_STYLE_ASSIGNMENT (( #1218 ) ) ;
#2081 = AXIS2_PLACEMENT_3D ( 'NONE', #1532, #432, #2652 ) ;
#2082 =( GEOMETRIC_REPRESENTATION_CONTEXT ( 3 ) GLOBAL_UNCERTAINTY_ASSIGNED_CONTEXT ( ( #2039 ) ) GLOBAL_UNIT_ASSIGNED_CONTEXT ( ( #2290, #531, #995 ) ) REPRESENTATION_CONTEXT ( 'NONE', 'WORKASPACE' ) );
#2083 = VERTEX_POINT ( 'NONE', #2474 ) ;
#2084 = SPHERICAL_SURFACE ( 'NONE', #1080, 0.2000000000000000111 ) ;
#2085 = ADVANCED_FACE ( 'NONE', ( #232 ), #1596, .T. ) ;
#2086 = DIRECTION ( 'NONE',  ( 0.000000000000000000, 0.000000000000000000, -1.000000000000000000 ) ) ;
#2087 = VERTEX_POINT ( 'NONE', #851 ) ;
#2088 =( NAMED_UNIT ( * ) SI_UNIT ( $, .STERADIAN. ) SOLID_ANGLE_UNIT ( ) );
#2089 = EDGE_CURVE ( 'NONE', #2610, #1676, #2830, .T. ) ;
#2090 =( GEOMETRIC_REPRESENTATION_CONTEXT ( 3 ) GLOBAL_UNCERTAINTY_ASSIGNED_CONTEXT ( ( #1215 ) ) GLOBAL_UNIT_ASSIGNED_CONTEXT ( ( #389, #1072, #2013 ) ) REPRESENTATION_CONTEXT ( 'NONE', 'WORKASPACE' ) );
#2091 = SURFACE_STYLE_FILL_AREA ( #2344 ) ;
#2092 = CARTESIAN_POINT ( 'NONE',  ( -2.150000000000000799, 3.400000000000000355, 0.8000000000000000444 ) ) ;
#2093 = PRESENTATION_LAYER_ASSIGNMENT (  '', '', ( #445 ) ) ;
#2094 = AXIS2_PLACEMENT_3D ( 'NONE', #2674, #2220, #2713 ) ;
#2095 = ORIENTED_EDGE ( 'NONE', *, *, #1836, .T. ) ;
#2096 =( GEOMETRIC_REPRESENTATION_CONTEXT ( 3 ) GLOBAL_UNCERTAINTY_ASSIGNED_CONTEXT ( ( #1451 ) ) GLOBAL_UNIT_ASSIGNED_CONTEXT ( ( #513, #124, #753 ) ) REPRESENTATION_CONTEXT ( 'NONE', 'WORKASPACE' ) );
#2097 = MECHANICAL_DESIGN_GEOMETRIC_PRESENTATION_REPRESENTATION (  '', ( #1099 ), #1341 ) ;
#2098 = FILL_AREA_STYLE_COLOUR ( '', #892 ) ;
#2099 =( GEOMETRIC_REPRESENTATION_CONTEXT ( 3 ) GLOBAL_UNCERTAINTY_ASSIGNED_CONTEXT ( ( #2137 ) ) GLOBAL_UNIT_ASSIGNED_CONTEXT ( ( #1902, #359, #559 ) ) REPRESENTATION_CONTEXT ( 'NONE', 'WORKASPACE' ) );
#2100 = SURFACE_SIDE_STYLE ('',( #1472 ) ) ;
#2101 =( NAMED_UNIT ( * ) SI_UNIT ( $, .STERADIAN. ) SOLID_ANGLE_UNIT ( ) );
#2102 = DIRECTION ( 'NONE',  ( 1.000000000000000000, 0.000000000000000000, 0.000000000000000000 ) ) ;
#2103 = EDGE_CURVE ( 'NONE', #840, #1550, #2601, .T. ) ;
#2104 = CARTESIAN_POINT ( 'NONE',  ( -2.900000000000000799, 3.899999999999999911, 0.1000000000000000472 ) ) ;
#2105 = DIRECTION ( 'NONE',  ( -0.000000000000000000, -1.000000000000000000, 4.336808689942016158E-15 ) ) ;
#2106 = SURFACE_STYLE_FILL_AREA ( #2539 ) ;
#2107 = ADVANCED_FACE ( 'NONE', ( #441 ), #1, .T. ) ;
#2108 =( NAMED_UNIT ( * ) PLANE_ANGLE_UNIT ( ) SI_UNIT ( $, .RADIAN. ) );
#2109 = EDGE_CURVE ( 'NONE', #2805, #2075, #1575, .T. ) ;
#2110 = EDGE_LOOP ( 'NONE', ( #350, #737, #420, #1442 ) ) ;
#2111 = FACE_OUTER_BOUND ( 'NONE', #2460, .T. ) ;
#2112 = FILL_AREA_STYLE ('',( #2708 ) ) ;
#2113 = UNCERTAINTY_MEASURE_WITH_UNIT (LENGTH_MEASURE( 1.000000000000000082E-05 ), #2385, 'distance_accuracy_value', 'NONE');
#2114 = CLOSED_SHELL ( 'NONE', ( #1233, #2597 ) ) ;
#2115 = DIRECTION ( 'NONE',  ( 0.000000000000000000, 1.000000000000000000, 0.000000000000000000 ) ) ;
#2116 =( NAMED_UNIT ( * ) SI_UNIT ( $, .STERADIAN. ) SOLID_ANGLE_UNIT ( ) );
#2117 = ORIENTED_EDGE ( 'NONE', *, *, #222, .F. ) ;
#2118 =( NAMED_UNIT ( * ) SI_UNIT ( $, .STERADIAN. ) SOLID_ANGLE_UNIT ( ) );
#2119 = CIRCLE ( 'NONE', #1985, 0.2000000000000000111 ) ;
#2120 = FACE_OUTER_BOUND ( 'NONE', #2375, .T. ) ;
#2121 = AXIS2_PLACEMENT_3D ( 'NONE', #567, #1463, #1975 ) ;
#2122 = ORIENTED_EDGE ( 'NONE', *, *, #2473, .F. ) ;
#2123 = ADVANCED_FACE ( 'NONE', ( #316 ), #562, .T. ) ;
#2124 = CIRCLE ( 'NONE', #1222, 0.2000000000000000111 ) ;
#2125 = CARTESIAN_POINT ( 'NONE',  ( 0.9999999999999995559, 4.336808689942017736E-16, 0.000000000000000000 ) ) ;
#2126 =( NAMED_UNIT ( * ) SI_UNIT ( $, .STERADIAN. ) SOLID_ANGLE_UNIT ( ) );
#2127 =( GEOMETRIC_REPRESENTATION_CONTEXT ( 3 ) GLOBAL_UNCERTAINTY_ASSIGNED_CONTEXT ( ( #938 ) ) GLOBAL_UNIT_ASSIGNED_CONTEXT ( ( #2485, #2503, #1834 ) ) REPRESENTATION_CONTEXT ( 'NONE', 'WORKASPACE' ) );
#2128 = EDGE_CURVE ( 'NONE', #2735, #794, #172, .T. ) ;
#2130 = CIRCLE ( 'NONE', #1508, 0.1000000000000000472 ) ;
#2129 = CYLINDRICAL_SURFACE ( 'NONE', #2683, 0.2499999999999997780 ) ;
#2131 = DIRECTION ( 'NONE',  ( 0.000000000000000000, 0.000000000000000000, 1.000000000000000000 ) ) ;
#2132 = DIRECTION ( 'NONE',  ( 1.000000000000000000, 0.000000000000000000, 0.000000000000000000 ) ) ;
#2133 = FILL_AREA_STYLE ('',( #1626 ) ) ;
#2134 = ORIENTED_EDGE ( 'NONE', *, *, #1070, .T. ) ;
#2135 =( LENGTH_UNIT ( ) NAMED_UNIT ( * ) SI_UNIT ( .MILLI., .METRE. ) );
#2136 = SURFACE_SIDE_STYLE ('',( #779 ) ) ;
#2137 = UNCERTAINTY_MEASURE_WITH_UNIT (LENGTH_MEASURE( 1.000000000000000082E-05 ), #1902, 'distance_accuracy_value', 'NONE');
#2138 = VERTEX_POINT ( 'NONE', #2567 ) ;
#2139 = FILL_AREA_STYLE ('',( #950 ) ) ;
#2140 = DIRECTION ( 'NONE',  ( -0.000000000000000000, -0.000000000000000000, 1.000000000000000000 ) ) ;
#2141 = VECTOR ( 'NONE', #1754, 1000.000000000000000 ) ;
#2142 = SURFACE_STYLE_USAGE ( .BOTH. , #1663 ) ;
#2143 = MECHANICAL_DESIGN_GEOMETRIC_PRESENTATION_REPRESENTATION (  '', ( #1475 ), #1521 ) ;
#2144 = CIRCLE ( 'NONE', #1238, 0.09999999999999999167 ) ;
#2145 = MECHANICAL_DESIGN_GEOMETRIC_PRESENTATION_REPRESENTATION (  '', ( #1765 ), #1093 ) ;
#2146 = COLOUR_RGB ( '',0.8039215686274510109, 0.8039215686274510109, 0.8039215686274510109 ) ;
#2147 = MECHANICAL_DESIGN_GEOMETRIC_PRESENTATION_REPRESENTATION (  '', ( #1769 ), #1243 ) ;
#2148 =( NAMED_UNIT ( * ) PLANE_ANGLE_UNIT ( ) SI_UNIT ( $, .RADIAN. ) );
#2149 = PRESENTATION_STYLE_ASSIGNMENT (( #1028 ) ) ;
#2150 = FACE_OUTER_BOUND ( 'NONE', #1296, .T. ) ;
#2151 =( LENGTH_UNIT ( ) NAMED_UNIT ( * ) SI_UNIT ( .MILLI., .METRE. ) );
#2152 = CARTESIAN_POINT ( 'NONE',  ( -1.000000000000000444, 4.336808689942017736E-16, 0.000000000000000000 ) ) ;
#2153 = ORIENTED_EDGE ( 'NONE', *, *, #2109, .T. ) ;
#2154 = DIRECTION ( 'NONE',  ( 0.000000000000000000, 0.000000000000000000, 1.000000000000000000 ) ) ;
#2155 = CARTESIAN_POINT ( 'NONE',  ( 0.9999999999999995559, 2.000000000000000444, 0.000000000000000000 ) ) ;
#2156 = UNCERTAINTY_MEASURE_WITH_UNIT (LENGTH_MEASURE( 1.000000000000000082E-05 ), #1197, 'distance_accuracy_value', 'NONE');
#2157 = CARTESIAN_POINT ( 'NONE',  ( -3.000000000000000444, 3.900000000000000355, 0.1000000000000000472 ) ) ;
#2158 = CARTESIAN_POINT ( 'NONE',  ( -4.336808689942017736E-16, -1.999999999999999556, -0.2000000000000000111 ) ) ;
#2159 = ADVANCED_FACE ( 'NONE', ( #1026 ), #2793, .T. ) ;
#2160 = FILL_AREA_STYLE_COLOUR ( '', #1906 ) ;
#2161 = PRESENTATION_STYLE_ASSIGNMENT (( #135 ) ) ;
#2162 = PLANE ( 'NONE',  #1412 ) ;
#2163 = COLOUR_RGB ( '',0.8039215686274510109, 0.8039215686274510109, 0.8039215686274510109 ) ;
#2164 = ORIENTED_EDGE ( 'NONE', *, *, #1497, .T. ) ;
#2165 = CIRCLE ( 'NONE', #1882, 0.2000000000000000111 ) ;
#2166 = SPHERICAL_SURFACE ( 'NONE', #665, 0.2000000000000000111 ) ;
#2167 = VECTOR ( 'NONE', #2884, 1000.000000000000000 ) ;
#2168 = CARTESIAN_POINT ( 'NONE',  ( 2.899999999999999911, 0.000000000000000000, 0.8000000000000000444 ) ) ;
#2169 = COLOUR_RGB ( '',0.8039215686274510109, 0.8039215686274510109, 0.8039215686274510109 ) ;
#2170 = SPHERICAL_SURFACE ( 'NONE', #1558, 0.1000000000000000056 ) ;
#2171 =( GEOMETRIC_REPRESENTATION_CONTEXT ( 3 ) GLOBAL_UNCERTAINTY_ASSIGNED_CONTEXT ( ( #1916 ) ) GLOBAL_UNIT_ASSIGNED_CONTEXT ( ( #2272, #2061, #2888 ) ) REPRESENTATION_CONTEXT ( 'NONE', 'WORKASPACE' ) );
#2172 =( NAMED_UNIT ( * ) PLANE_ANGLE_UNIT ( ) SI_UNIT ( $, .RADIAN. ) );
#2173 = FILL_AREA_STYLE_COLOUR ( '', #2811 ) ;
#2174 = EDGE_LOOP ( 'NONE', ( #1657, #253 ) ) ;
#2175 = AXIS2_PLACEMENT_3D ( 'NONE', #68, #1915, #2542 ) ;
#2176 = SPHERICAL_SURFACE ( 'NONE', #2366, 0.2000000000000000111 ) ;
#2177 = ADVANCED_FACE ( 'NONE', ( #2111 ), #2059, .T. ) ;
#2178 = VERTEX_POINT ( 'NONE', #2781 ) ;
#2179 = CARTESIAN_POINT ( 'NONE',  ( -2.000000000000000444, 4.336808689942017736E-16, 0.000000000000000000 ) ) ;
#2180 = CARTESIAN_POINT ( 'NONE',  ( -1.000000000000000444, -1.999999999999999556, 0.000000000000000000 ) ) ;
#2181 = CARTESIAN_POINT ( 'NONE',  ( -2.900000000000000799, 3.899999999999999911, 0.000000000000000000 ) ) ;
#2182 = COLOUR_RGB ( '',0.8039215686274510109, 0.8039215686274510109, 0.8039215686274510109 ) ;
#2183 = SURFACE_SIDE_STYLE ('',( #1756 ) ) ;
#2184 = COLOUR_RGB ( '',0.8039215686274510109, 0.8039215686274510109, 0.8039215686274510109 ) ;
#2185 =( NAMED_UNIT ( * ) SI_UNIT ( $, .STERADIAN. ) SOLID_ANGLE_UNIT ( ) );
#2186 = COLOUR_RGB ( '',0.8039215686274510109, 0.8039215686274510109, 0.8039215686274510109 ) ;
#2187 = PRESENTATION_LAYER_ASSIGNMENT (  '', '', ( #858 ) ) ;
#2188 = DIRECTION ( 'NONE',  ( 1.000000000000000000, 0.000000000000000000, 0.000000000000000000 ) ) ;
#2189 = DIRECTION ( 'NONE',  ( 0.000000000000000000, 1.000000000000000000, 0.000000000000000000 ) ) ;
#2190 = EDGE_LOOP ( 'NONE', ( #1689, #1522, #2033, #1565 ) ) ;
#2191 = FILL_AREA_STYLE_COLOUR ( '', #60 ) ;
#2192 = CARTESIAN_POINT ( 'NONE',  ( 1.999999999999999556, 1.000000000000000444, 0.000000000000000000 ) ) ;
#2193 = ORIENTED_EDGE ( 'NONE', *, *, #150, .F. ) ;
#2194 = EDGE_CURVE ( 'NONE', #1912, #540, #1153, .T. ) ;
#2195 = CARTESIAN_POINT ( 'NONE',  ( -3.000000000000000444, -3.999999999999999112, 0.6999999999999999556 ) ) ;
#2196 = CARTESIAN_POINT ( 'NONE',  ( 0.000000000000000000, 0.000000000000000000, 0.8000000000000000444 ) ) ;
#2197 = SURFACE_STYLE_USAGE ( .BOTH. , #2662 ) ;
#2198 = LINE ( 'NONE', #1239, #1717 ) ;
#2199 = SURFACE_STYLE_FILL_AREA ( #1716 ) ;
#2200 = ORIENTED_EDGE ( 'NONE', *, *, #2128, .F. ) ;
#2201 =( LENGTH_UNIT ( ) NAMED_UNIT ( * ) SI_UNIT ( .MILLI., .METRE. ) );
#2202 = UNCERTAINTY_MEASURE_WITH_UNIT (LENGTH_MEASURE( 1.000000000000000082E-05 ), #1914, 'distance_accuracy_value', 'NONE');
#2203 =( NAMED_UNIT ( * ) PLANE_ANGLE_UNIT ( ) SI_UNIT ( $, .RADIAN. ) );
#2204 = DIRECTION ( 'NONE',  ( 0.000000000000000000, -1.000000000000000000, 0.000000000000000000 ) ) ;
#2205 = EDGE_LOOP ( 'NONE', ( #2239, #598 ) ) ;
#2206 = CIRCLE ( 'NONE', #2020, 0.2000000000000000111 ) ;
#2207 = FILL_AREA_STYLE_COLOUR ( '', #122 ) ;
#2208 = STYLED_ITEM ( 'NONE', ( #781 ), #406 ) ;
#2209 = ADVANCED_FACE ( 'NONE', ( #2270 ), #2723, .T. ) ;
#2210 = AXIS2_PLACEMENT_3D ( 'NONE', #1302, #1335, #868 ) ;
#2211 = DIRECTION ( 'NONE',  ( 1.000000000000000000, 1.224646799147353207E-16, -0.000000000000000000 ) ) ;
#2212 = ADVANCED_FACE ( 'NONE', ( #327 ), #1726, .T. ) ;
#2213 = SURFACE_STYLE_USAGE ( .BOTH. , #2229 ) ;
#2214 = ORIENTED_EDGE ( 'NONE', *, *, #1580, .F. ) ;
#2215 = CYLINDRICAL_SURFACE ( 'NONE', #265, 0.1000000000000000472 ) ;
#2216 = COLOUR_RGB ( '',0.8039215686274510109, 0.8039215686274510109, 0.8039215686274510109 ) ;
#2217 = DIRECTION ( 'NONE',  ( 0.000000000000000000, 1.000000000000000000, 0.000000000000000000 ) ) ;
#2218 = ORIENTED_EDGE ( 'NONE', *, *, #975, .F. ) ;
#2219 = AXIS2_PLACEMENT_3D ( 'NONE', #1803, #1161, #674 ) ;
#2220 = DIRECTION ( 'NONE',  ( 0.000000000000000000, 0.000000000000000000, -1.000000000000000000 ) ) ;
#2221 = PRESENTATION_STYLE_ASSIGNMENT (( #1083 ) ) ;
#2222 = AXIS2_PLACEMENT_3D ( 'NONE', #1860, #315, #1873 ) ;
#2223 = FILL_AREA_STYLE_COLOUR ( '', #387 ) ;
#2224 = DIRECTION ( 'NONE',  ( -1.000000000000000000, 0.000000000000000000, 0.000000000000000000 ) ) ;
#2225 = SURFACE_STYLE_USAGE ( .BOTH. , #2619 ) ;
#2226 = AXIS2_PLACEMENT_3D ( 'NONE', #603, #1087, #2893 ) ;
#2227 = PRODUCT_RELATED_PRODUCT_CATEGORY ( 'part', '', ( #1658 ) ) ;
#2228 = VECTOR ( 'NONE', #797, 1000.000000000000000 ) ;
#2229 = SURFACE_SIDE_STYLE ('',( #664 ) ) ;
#2230 = PRESENTATION_LAYER_ASSIGNMENT (  '', '', ( #170 ) ) ;
#2231 = EDGE_LOOP ( 'NONE', ( #1991, #2790 ) ) ;
#2232 = MECHANICAL_DESIGN_GEOMETRIC_PRESENTATION_REPRESENTATION (  '', ( #1818 ), #2463 ) ;
#2233 = DIRECTION ( 'NONE',  ( -0.000000000000000000, -0.000000000000000000, 1.000000000000000000 ) ) ;
#2234 = FILL_AREA_STYLE_COLOUR ( '', #2728 ) ;
#2235 = AXIS2_PLACEMENT_3D ( 'NONE', #1589, #69, #26 ) ;
#2236 = VERTEX_POINT ( 'NONE', #49 ) ;
#2237 =( LENGTH_UNIT ( ) NAMED_UNIT ( * ) SI_UNIT ( .MILLI., .METRE. ) );
#2238 = LINE ( 'NONE', #1111, #2757 ) ;
#2239 = ORIENTED_EDGE ( 'NONE', *, *, #1164, .F. ) ;
#2240 = ADVANCED_FACE ( 'NONE', ( #871 ), #2677, .T. ) ;
#2241 = DIRECTION ( 'NONE',  ( 0.000000000000000000, 1.000000000000000000, 0.000000000000000000 ) ) ;
#2242 = SPHERICAL_SURFACE ( 'NONE', #1283, 0.1000000000000000056 ) ;
#2243 = ORIENTED_EDGE ( 'NONE', *, *, #201, .F. ) ;
#2244 = CARTESIAN_POINT ( 'NONE',  ( -2.000000000000000444, 4.459273369856753279E-16, 0.2000000000000000111 ) ) ;
#2245 = FILL_AREA_STYLE_COLOUR ( '', #2552 ) ;
#2246 =( NAMED_UNIT ( * ) SI_UNIT ( $, .STERADIAN. ) SOLID_ANGLE_UNIT ( ) );
#2247 = PRESENTATION_STYLE_ASSIGNMENT (( #2500 ) ) ;
#2248 =( GEOMETRIC_REPRESENTATION_CONTEXT ( 3 ) GLOBAL_UNCERTAINTY_ASSIGNED_CONTEXT ( ( #1078 ) ) GLOBAL_UNIT_ASSIGNED_CONTEXT ( ( #802, #1518, #1263 ) ) REPRESENTATION_CONTEXT ( 'NONE', 'WORKASPACE' ) );
#2249 = DIRECTION ( 'NONE',  ( 0.000000000000000000, 1.000000000000000000, 0.000000000000000000 ) ) ;
#2250 = AXIS2_PLACEMENT_3D ( 'NONE', #2467, #684, #2687 ) ;
#2251 = CARTESIAN_POINT ( 'NONE',  ( -2.900000000000000799, -3.999999999999999112, 0.6999999999999999556 ) ) ;
#2252 =( NAMED_UNIT ( * ) PLANE_ANGLE_UNIT ( ) SI_UNIT ( $, .RADIAN. ) );
#2253 = ADVANCED_FACE ( 'NONE', ( #174 ), #1292, .T. ) ;
#2254 = SURFACE_STYLE_FILL_AREA ( #1332 ) ;
#2255 = COLOUR_RGB ( '',0.8039215686274510109, 0.8039215686274510109, 0.8039215686274510109 ) ;
#2256 =( NAMED_UNIT ( * ) SI_UNIT ( $, .STERADIAN. ) SOLID_ANGLE_UNIT ( ) );
#2257 = ORIENTED_EDGE ( 'NONE', *, *, #1497, .F. ) ;
#2258 = SPHERICAL_SURFACE ( 'NONE', #1988, 0.1000000000000000056 ) ;
#2259 = AXIS2_PLACEMENT_3D ( 'NONE', #1795, #2698, #1555 ) ;
#2260 = DIRECTION ( 'NONE',  ( 1.000000000000000000, 0.000000000000000000, 0.000000000000000000 ) ) ;
#2261 =( LENGTH_UNIT ( ) NAMED_UNIT ( * ) SI_UNIT ( .MILLI., .METRE. ) );
#2262 = ADVANCED_FACE ( 'NONE', ( #1533 ), #1861, .T. ) ;
#2263 = ORIENTED_EDGE ( 'NONE', *, *, #430, .F. ) ;
#2264 = PRESENTATION_LAYER_ASSIGNMENT (  '', '', ( #2396 ) ) ;
#2265 = AXIS2_PLACEMENT_3D ( 'NONE', #2323, #1648, #2564 ) ;
#2266 = FILL_AREA_STYLE ('',( #2633 ) ) ;
#2267 =( NAMED_UNIT ( * ) SI_UNIT ( $, .STERADIAN. ) SOLID_ANGLE_UNIT ( ) );
#2268 = VERTEX_POINT ( 'NONE', #826 ) ;
#2269 =( NAMED_UNIT ( * ) SI_UNIT ( $, .STERADIAN. ) SOLID_ANGLE_UNIT ( ) );
#2270 = FACE_OUTER_BOUND ( 'NONE', #2009, .T. ) ;
#2271 = DIRECTION ( 'NONE',  ( 1.000000000000000000, 0.000000000000000000, 0.000000000000000000 ) ) ;
#2272 =( LENGTH_UNIT ( ) NAMED_UNIT ( * ) SI_UNIT ( .MILLI., .METRE. ) );
#2273 = ORIENTED_EDGE ( 'NONE', *, *, #536, .F. ) ;
#2274 = SURFACE_STYLE_FILL_AREA ( #712 ) ;
#2275 = AXIS2_PLACEMENT_3D ( 'NONE', #2540, #95, #298 ) ;
#2276 = AXIS2_PLACEMENT_3D ( 'NONE', #1710, #268, #2604 ) ;
#2277 = DIRECTION ( 'NONE',  ( 1.000000000000000000, 0.000000000000000000, 0.000000000000000000 ) ) ;
#2278 = STYLED_ITEM ( 'NONE', ( #433 ), #2253 ) ;
#2279 = ORIENTED_EDGE ( 'NONE', *, *, #1388, .T. ) ;
#2280 = EDGE_CURVE ( 'NONE', #1529, #1974, #2822, .T. ) ;
#2281 = CARTESIAN_POINT ( 'NONE',  ( -2.650000000000000355, 3.400000000000000355, 0.7900000000000000355 ) ) ;
#2282 =( NAMED_UNIT ( * ) SI_UNIT ( $, .STERADIAN. ) SOLID_ANGLE_UNIT ( ) );
#2283 = FACE_OUTER_BOUND ( 'NONE', #2430, .T. ) ;
#2284 = ORIENTED_EDGE ( 'NONE', *, *, #2455, .F. ) ;
#2285 =( NAMED_UNIT ( * ) PLANE_ANGLE_UNIT ( ) SI_UNIT ( $, .RADIAN. ) );
#2286 = SURFACE_STYLE_USAGE ( .BOTH. , #723 ) ;
#2287 = EDGE_LOOP ( 'NONE', ( #2853, #1046 ) ) ;
#2288 = CARTESIAN_POINT ( 'NONE',  ( -2.400000000000000799, 3.400000000000000355, 0.8000000000000000444 ) ) ;
#2289 = EDGE_LOOP ( 'NONE', ( #790, #2889 ) ) ;
#2290 =( LENGTH_UNIT ( ) NAMED_UNIT ( * ) SI_UNIT ( .MILLI., .METRE. ) );
#2291 = SURFACE_SIDE_STYLE ('',( #2021 ) ) ;
#2292 = EDGE_CURVE ( 'NONE', #1465, #1535, #2370, .T. ) ;
#2293 = FILL_AREA_STYLE_COLOUR ( '', #2163 ) ;
#2294 = SURFACE_SIDE_STYLE ('',( #71 ) ) ;
#2295 =( GEOMETRIC_REPRESENTATION_CONTEXT ( 3 ) GLOBAL_UNCERTAINTY_ASSIGNED_CONTEXT ( ( #1524 ) ) GLOBAL_UNIT_ASSIGNED_CONTEXT ( ( #604, #2663, #1547 ) ) REPRESENTATION_CONTEXT ( 'NONE', 'WORKASPACE' ) );
#2296 = ADVANCED_FACE ( 'NONE', ( #903 ), #1126, .T. ) ;
#2297 = COLOUR_RGB ( '',0.8039215686274510109, 0.8039215686274510109, 0.8039215686274510109 ) ;
#2298 = ORIENTED_EDGE ( 'NONE', *, *, #1836, .F. ) ;
#2299 = MECHANICAL_DESIGN_GEOMETRIC_PRESENTATION_REPRESENTATION (  '', ( #1646 ), #151 ) ;
#2300 = DIRECTION ( 'NONE',  ( -1.000000000000000000, 0.000000000000000000, 0.000000000000000000 ) ) ;
#2301 = SURFACE_SIDE_STYLE ('',( #332 ) ) ;
#2302 = VERTEX_POINT ( 'NONE', #447 ) ;
#2303 = PRESENTATION_LAYER_ASSIGNMENT (  '', '', ( #839 ) ) ;
#2304 = CYLINDRICAL_SURFACE ( 'NONE', #1691, 0.09999999999999982514 ) ;
#2305 = CARTESIAN_POINT ( 'NONE',  ( -1.000000000000000444, 1.000000000000000444, 0.000000000000000000 ) ) ;
#2306 = STYLED_ITEM ( 'NONE', ( #873 ), #956 ) ;
#2307 = DIRECTION ( 'NONE',  ( 1.000000000000000000, 0.000000000000000000, 0.000000000000000000 ) ) ;
#2308 = ORIENTED_EDGE ( 'NONE', *, *, #2804, .T. ) ;
#2309 = AXIS2_PLACEMENT_3D ( 'NONE', #547, #577, #733 ) ;
#2310 = SURFACE_SIDE_STYLE ('',( #2531 ) ) ;
#2311 = STYLED_ITEM ( 'NONE', ( #2756 ), #1683 ) ;
#2312 = SURFACE_STYLE_FILL_AREA ( #1918 ) ;
#2313 = UNCERTAINTY_MEASURE_WITH_UNIT (LENGTH_MEASURE( 1.000000000000000082E-05 ), #1680, 'distance_accuracy_value', 'NONE');
#2314 = SURFACE_SIDE_STYLE ('',( #1638 ) ) ;
#2315 = EDGE_CURVE ( 'NONE', #2805, #2075, #2465, .T. ) ;
#2316 = ADVANCED_FACE ( 'NONE', ( #2042 ), #2703, .T. ) ;
#2317 =( LENGTH_UNIT ( ) NAMED_UNIT ( * ) SI_UNIT ( .MILLI., .METRE. ) );
#2318 =( NAMED_UNIT ( * ) PLANE_ANGLE_UNIT ( ) SI_UNIT ( $, .RADIAN. ) );
#2319 = EDGE_LOOP ( 'NONE', ( #1067, #680 ) ) ;
#2320 = DIRECTION ( 'NONE',  ( 0.000000000000000000, 1.000000000000000000, 0.000000000000000000 ) ) ;
#2321 = FILL_AREA_STYLE_COLOUR ( '', #493 ) ;
#2322 = COLOUR_RGB ( '',0.8039215686274510109, 0.8039215686274510109, 0.8039215686274510109 ) ;
#2323 = CARTESIAN_POINT ( 'NONE',  ( 1.999999999999999556, -1.999999999999999556, 0.000000000000000000 ) ) ;
#2324 = STYLED_ITEM ( 'NONE', ( #2796 ), #2878 ) ;
#2325 = AXIS2_PLACEMENT_3D ( 'NONE', #2565, #1469, #1886 ) ;
#2326 = DIRECTION ( 'NONE',  ( -0.000000000000000000, -0.000000000000000000, 1.000000000000000000 ) ) ;
#2327 =( NAMED_UNIT ( * ) PLANE_ANGLE_UNIT ( ) SI_UNIT ( $, .RADIAN. ) );
#2328 = SURFACE_SIDE_STYLE ('',( #362 ) ) ;
#2329 = DIRECTION ( 'NONE',  ( -0.000000000000000000, 1.000000000000000000, 0.000000000000000000 ) ) ;
#2330 = DIRECTION ( 'NONE',  ( 0.000000000000000000, -1.000000000000000000, 0.000000000000000000 ) ) ;
#2331 = ADVANCED_FACE ( 'NONE', ( #325 ), #1013, .T. ) ;
#2332 = DIRECTION ( 'NONE',  ( 0.000000000000000000, 0.000000000000000000, 1.000000000000000000 ) ) ;
#2333 = FILL_AREA_STYLE_COLOUR ( '', #2651 ) ;
#2334 =( NAMED_UNIT ( * ) SI_UNIT ( $, .STERADIAN. ) SOLID_ANGLE_UNIT ( ) );
#2335 = ORIENTED_EDGE ( 'NONE', *, *, #1670, .T. ) ;
#2336 = FILL_AREA_STYLE ('',( #1678 ) ) ;
#2337 = FILL_AREA_STYLE ('',( #744 ) ) ;
#2338 = SURFACE_STYLE_FILL_AREA ( #1936 ) ;
#2339 = CLOSED_SHELL ( 'NONE', ( #2755, #502 ) ) ;
#2340 = FACE_OUTER_BOUND ( 'NONE', #2287, .T. ) ;
#2341 = MECHANICAL_DESIGN_GEOMETRIC_PRESENTATION_REPRESENTATION (  '', ( #1592 ), #2481 ) ;
#2342 = CARTESIAN_POINT ( 'NONE',  ( -2.000000000000000444, -1.999999999999999556, 0.2000000000000000111 ) ) ;
#2343 = PRESENTATION_STYLE_ASSIGNMENT (( #148 ) ) ;
#2344 = FILL_AREA_STYLE ('',( #2729 ) ) ;
#2345 = DIRECTION ( 'NONE',  ( -0.000000000000000000, -1.000000000000000000, -0.000000000000000000 ) ) ;
#2346 = STYLED_ITEM ( 'NONE', ( #2850 ), #777 ) ;
#2347 = ORIENTED_EDGE ( 'NONE', *, *, #740, .F. ) ;
#2348 =( GEOMETRIC_REPRESENTATION_CONTEXT ( 3 ) GLOBAL_UNCERTAINTY_ASSIGNED_CONTEXT ( ( #2872 ) ) GLOBAL_UNIT_ASSIGNED_CONTEXT ( ( #2201, #2399, #1993 ) ) REPRESENTATION_CONTEXT ( 'NONE', 'WORKASPACE' ) );
#2349 = EDGE_CURVE ( 'NONE', #2817, #693, #960, .T. ) ;
#2350 =( GEOMETRIC_REPRESENTATION_CONTEXT ( 3 ) GLOBAL_UNCERTAINTY_ASSIGNED_CONTEXT ( ( #481 ) ) GLOBAL_UNIT_ASSIGNED_CONTEXT ( ( #606, #951, #918 ) ) REPRESENTATION_CONTEXT ( 'NONE', 'WORKASPACE' ) );
#2351 = AXIS2_PLACEMENT_3D ( 'NONE', #1424, #2416, #2591 ) ;
#2352 = DIRECTION ( 'NONE',  ( -1.000000000000000000, 0.000000000000000000, 0.000000000000000000 ) ) ;
#2353 =( LENGTH_UNIT ( ) NAMED_UNIT ( * ) SI_UNIT ( .MILLI., .METRE. ) );
#2354 = CIRCLE ( 'NONE', #2175, 0.1000000000000000472 ) ;
#2355 = SURFACE_SIDE_STYLE ('',( #176 ) ) ;
#2356 = EDGE_LOOP ( 'NONE', ( #109, #104 ) ) ;
#2357 = DIRECTION ( 'NONE',  ( 1.000000000000000000, 0.000000000000000000, 0.000000000000000000 ) ) ;
#2358 = SURFACE_STYLE_FILL_AREA ( #612 ) ;
#2359 = FILL_AREA_STYLE_COLOUR ( '', #761 ) ;
#2360 = UNCERTAINTY_MEASURE_WITH_UNIT (LENGTH_MEASURE( 1.000000000000000082E-05 ), #1784, 'distance_accuracy_value', 'NONE');
#2361 = ORIENTED_EDGE ( 'NONE', *, *, #1270, .F. ) ;
#2362 = CARTESIAN_POINT ( 'NONE',  ( 1.999999999999999556, 1.000000000000000444, 0.000000000000000000 ) ) ;
#2363 = VECTOR ( 'NONE', #1059, 1000.000000000000000 ) ;
#2364 = SURFACE_SIDE_STYLE ('',( #341 ) ) ;
#2365 = EDGE_CURVE ( 'NONE', #2302, #1031, #783, .T. ) ;
#2366 = AXIS2_PLACEMENT_3D ( 'NONE', #1034, #1947, #2819 ) ;
#2367 = PRESENTATION_LAYER_ASSIGNMENT (  '', '', ( #1818 ) ) ;
#2368 = SURFACE_STYLE_USAGE ( .BOTH. , #2100 ) ;
#2369 = DIRECTION ( 'NONE',  ( 1.000000000000000000, 0.000000000000000000, 0.000000000000000000 ) ) ;
#2370 = CIRCLE ( 'NONE', #127, 0.2000000000000000944 ) ;
#2371 =( NAMED_UNIT ( * ) PLANE_ANGLE_UNIT ( ) SI_UNIT ( $, .RADIAN. ) );
#2372 = SURFACE_STYLE_USAGE ( .BOTH. , #1460 ) ;
#2373 =( NAMED_UNIT ( * ) SI_UNIT ( $, .STERADIAN. ) SOLID_ANGLE_UNIT ( ) );
#2374 = PRESENTATION_STYLE_ASSIGNMENT (( #395 ) ) ;
#2375 = EDGE_LOOP ( 'NONE', ( #393, #1394, #2525 ) ) ;
#2376 = CARTESIAN_POINT ( 'NONE',  ( -1.000000000000000444, 2.000000000000000444, 0.000000000000000000 ) ) ;
#2377 = FACE_OUTER_BOUND ( 'NONE', #2110, .T. ) ;
#2378 = FILL_AREA_STYLE_COLOUR ( '', #1934 ) ;
#2379 = ADVANCED_FACE ( 'NONE', ( #1692 ), #2528, .T. ) ;
#2380 =( LENGTH_UNIT ( ) NAMED_UNIT ( * ) SI_UNIT ( .MILLI., .METRE. ) );
#2381 = COLOUR_RGB ( '',0.8039215686274510109, 0.8039215686274510109, 0.8039215686274510109 ) ;
#2382 = CYLINDRICAL_SURFACE ( 'NONE', #1846, 0.1000000000000000472 ) ;
#2383 = ORIENTED_EDGE ( 'NONE', *, *, #201, .T. ) ;
#2384 = DIRECTION ( 'NONE',  ( 1.000000000000000000, 1.224646799147353207E-16, -0.000000000000000000 ) ) ;
#2385 =( LENGTH_UNIT ( ) NAMED_UNIT ( * ) SI_UNIT ( .MILLI., .METRE. ) );
#2386 = PRESENTATION_STYLE_ASSIGNMENT (( #838 ) ) ;
#2387 = ORIENTED_EDGE ( 'NONE', *, *, #2109, .F. ) ;
#2388 = VECTOR ( 'NONE', #1381, 1000.000000000000000 ) ;
#2389 = CARTESIAN_POINT ( 'NONE',  ( 2.899999999999999911, -3.899999999999999467, 0.6999999999999999556 ) ) ;
#2390 = SURFACE_SIDE_STYLE ('',( #1058 ) ) ;
#2391 = AXIS2_PLACEMENT_3D ( 'NONE', #2548, #541, #378 ) ;
#2392 = CARTESIAN_POINT ( 'NONE',  ( 2.899999999999999911, -3.899999999999999467, 0.1000000000000000472 ) ) ;
#2393 = PRESENTATION_STYLE_ASSIGNMENT (( #2197 ) ) ;
#2394 = STYLED_ITEM ( 'NONE', ( #2044 ), #983 ) ;
#2395 = ADVANCED_FACE ( 'NONE', ( #1649 ), #2842, .T. ) ;
#2396 = STYLED_ITEM ( 'NONE', ( #1560 ), #1594 ) ;
#2397 = FILL_AREA_STYLE ('',( #2173 ) ) ;
#2398 = VERTEX_POINT ( 'NONE', #516 ) ;
#2399 =( NAMED_UNIT ( * ) PLANE_ANGLE_UNIT ( ) SI_UNIT ( $, .RADIAN. ) );
#2400 = EDGE_CURVE ( 'NONE', #20, #794, #815, .T. ) ;
#2401 = EDGE_CURVE ( 'NONE', #467, #1017, #717, .T. ) ;
#2402 = AXIS2_PLACEMENT_3D ( 'NONE', #1038, #1950, #1722 ) ;
#2403 =( NAMED_UNIT ( * ) SI_UNIT ( $, .STERADIAN. ) SOLID_ANGLE_UNIT ( ) );
#2404 = LINE ( 'NONE', #808, #1191 ) ;
#2405 = ORIENTED_EDGE ( 'NONE', *, *, #504, .T. ) ;
#2406 = SURFACE_SIDE_STYLE ('',( #898 ) ) ;
#2407 = DIRECTION ( 'NONE',  ( 1.000000000000000000, 1.224646799147353207E-16, -0.000000000000000000 ) ) ;
#2408 = CARTESIAN_POINT ( 'NONE',  ( -2.000000000000000444, -0.9999999999999995559, 0.000000000000000000 ) ) ;
#2409 = STYLED_ITEM ( 'NONE', ( #914 ), #2576 ) ;
#2410 = DIRECTION ( 'NONE',  ( -1.000000000000000000, 0.000000000000000000, 0.000000000000000000 ) ) ;
#2411 = AXIS2_PLACEMENT_3D ( 'NONE', #1351, #1367, #1316 ) ;
#2412 = VECTOR ( 'NONE', #1464, 1000.000000000000000 ) ;
#2413 = AXIS2_PLACEMENT_3D ( 'NONE', #1743, #607, #2188 ) ;
#2414 =( GEOMETRIC_REPRESENTATION_CONTEXT ( 3 ) GLOBAL_UNCERTAINTY_ASSIGNED_CONTEXT ( ( #2313 ) ) GLOBAL_UNIT_ASSIGNED_CONTEXT ( ( #1680, #2814, #116 ) ) REPRESENTATION_CONTEXT ( 'NONE', 'WORKASPACE' ) );
#2415 = CYLINDRICAL_SURFACE ( 'NONE', #2413, 0.2499999999999997780 ) ;
#2416 = DIRECTION ( 'NONE',  ( 1.000000000000000000, 0.000000000000000000, 0.000000000000000000 ) ) ;
#2417 = ORIENTED_EDGE ( 'NONE', *, *, #1633, .T. ) ;
#2418 = DIRECTION ( 'NONE',  ( 0.000000000000000000, -1.000000000000000000, 0.000000000000000000 ) ) ;
#2419 = DIRECTION ( 'NONE',  ( 0.000000000000000000, 1.000000000000000000, 0.000000000000000000 ) ) ;
#2420 = ADVANCED_FACE ( 'NONE', ( #1733 ), #1514, .T. ) ;
#2421 = SURFACE_STYLE_FILL_AREA ( #2868 ) ;
#2422 = UNCERTAINTY_MEASURE_WITH_UNIT (LENGTH_MEASURE( 1.000000000000000082E-05 ), #1520, 'distance_accuracy_value', 'NONE');
#2423 = ORIENTED_EDGE ( 'NONE', *, *, #648, .T. ) ;
#2424 =( NAMED_UNIT ( * ) PLANE_ANGLE_UNIT ( ) SI_UNIT ( $, .RADIAN. ) );
#2425 =( NAMED_UNIT ( * ) PLANE_ANGLE_UNIT ( ) SI_UNIT ( $, .RADIAN. ) );
#2426 = CARTESIAN_POINT ( 'NONE',  ( -2.900000000000000799, 3.900000000000000355, 0.6999999999999999556 ) ) ;
#2427 = EDGE_CURVE ( 'NONE', #314, #2735, #1289, .T. ) ;
#2428 = CARTESIAN_POINT ( 'NONE',  ( -4.336808689942017736E-16, 1.000000000000000444, 0.2000000000000000111 ) ) ;
#2429 = SURFACE_STYLE_FILL_AREA ( #2014 ) ;
#2430 = EDGE_LOOP ( 'NONE', ( #2387, #511 ) ) ;
#2431 = UNCERTAINTY_MEASURE_WITH_UNIT (LENGTH_MEASURE( 1.000000000000000082E-05 ), #2353, 'distance_accuracy_value', 'NONE');
#2432 = DIRECTION ( 'NONE',  ( 1.000000000000000000, 0.000000000000000000, 0.000000000000000000 ) ) ;
#2433 = SURFACE_STYLE_USAGE ( .BOTH. , #865 ) ;
#2434 = VERTEX_POINT ( 'NONE', #2871 ) ;
#2435 = AXIS2_PLACEMENT_3D ( 'NONE', #2016, #2641, #394 ) ;
#2436 = CARTESIAN_POINT ( 'NONE',  ( 2.899999999999999911, -3.899999999999999467, 0.8000000000000000444 ) ) ;
#2437 = SURFACE_SIDE_STYLE ('',( #847 ) ) ;
#2438 = CIRCLE ( 'NONE', #1741, 0.1999999999999999833 ) ;
#2439 = LINE ( 'NONE', #2835, #1604 ) ;
#2440 =( NAMED_UNIT ( * ) SI_UNIT ( $, .STERADIAN. ) SOLID_ANGLE_UNIT ( ) );
#2441 = VERTEX_POINT ( 'NONE', #601 ) ;
#2442 = CIRCLE ( 'NONE', #2259, 0.2000000000000000111 ) ;
#2443 =( NAMED_UNIT ( * ) SI_UNIT ( $, .STERADIAN. ) SOLID_ANGLE_UNIT ( ) );
#2444 = DIRECTION ( 'NONE',  ( 0.000000000000000000, 1.000000000000000000, 0.000000000000000000 ) ) ;
#2445 = MECHANICAL_DESIGN_GEOMETRIC_PRESENTATION_REPRESENTATION (  '', ( #618 ), #2171 ) ;
#2446 = DIRECTION ( 'NONE',  ( 0.000000000000000000, 0.000000000000000000, 1.000000000000000000 ) ) ;
#2447 = LINE ( 'NONE', #2524, #1419 ) ;
#2448 = ORIENTED_EDGE ( 'NONE', *, *, #2727, .T. ) ;
#2449 = CARTESIAN_POINT ( 'NONE',  ( 0.9999999999999995559, 4.336808689942017736E-16, 0.000000000000000000 ) ) ;
#2450 = AXIS2_PLACEMENT_3D ( 'NONE', #415, #142, #1952 ) ;
#2451 = SURFACE_STYLE_USAGE ( .BOTH. , #1798 ) ;
#2452 =( NAMED_UNIT ( * ) PLANE_ANGLE_UNIT ( ) SI_UNIT ( $, .RADIAN. ) );
#2453 = STYLED_ITEM ( 'NONE', ( #195 ), #1779 ) ;
#2454 =( LENGTH_UNIT ( ) NAMED_UNIT ( * ) SI_UNIT ( .MILLI., .METRE. ) );
#2455 = EDGE_CURVE ( 'NONE', #1481, #585, #857, .T. ) ;
#2456 = CARTESIAN_POINT ( 'NONE',  ( 1.999999999999999556, 2.000000000000000444, 0.000000000000000000 ) ) ;
#2457 = FILL_AREA_STYLE ('',( #1623 ) ) ;
#2458 = PRESENTATION_LAYER_ASSIGNMENT (  '', '', ( #2409 ) ) ;
#2459 =( LENGTH_UNIT ( ) NAMED_UNIT ( * ) SI_UNIT ( .MILLI., .METRE. ) );
#2460 = EDGE_LOOP ( 'NONE', ( #1378, #139 ) ) ;
#2461 = SURFACE_STYLE_FILL_AREA ( #2666 ) ;
#2462 = COLOUR_RGB ( '',0.8039215686274510109, 0.8039215686274510109, 0.8039215686274510109 ) ;
#2463 =( GEOMETRIC_REPRESENTATION_CONTEXT ( 3 ) GLOBAL_UNCERTAINTY_ASSIGNED_CONTEXT ( ( #2748 ) ) GLOBAL_UNIT_ASSIGNED_CONTEXT ( ( #1702, #582, #180 ) ) REPRESENTATION_CONTEXT ( 'NONE', 'WORKASPACE' ) );
#2464 = PRESENTATION_LAYER_ASSIGNMENT (  '', '', ( #2699 ) ) ;
#2465 = CIRCLE ( 'NONE', #1864, 0.1999999999999999833 ) ;
#2466 = EDGE_LOOP ( 'NONE', ( #614, #1895 ) ) ;
#2467 = CARTESIAN_POINT ( 'NONE',  ( -2.400000000000000799, 3.400000000000000355, 0.8000000000000000444 ) ) ;
#2468 = UNCERTAINTY_MEASURE_WITH_UNIT (LENGTH_MEASURE( 1.000000000000000082E-05 ), #1819, 'distance_accuracy_value', 'NONE');
#2469 = SURFACE_STYLE_FILL_AREA ( #1149 ) ;
#2470 =( NAMED_UNIT ( * ) PLANE_ANGLE_UNIT ( ) SI_UNIT ( $, .RADIAN. ) );
#2471 = ORIENTED_EDGE ( 'NONE', *, *, #758, .F. ) ;
#2472 = PRESENTATION_STYLE_ASSIGNMENT (( #2027 ) ) ;
#2473 = EDGE_CURVE ( 'NONE', #639, #314, #635, .T. ) ;
#2474 = CARTESIAN_POINT ( 'NONE',  ( -2.900000000000000799, -3.899999999999999467, 0.000000000000000000 ) ) ;
#2475 = PLANE ( 'NONE',  #2740 ) ;
#2476 = ORIENTED_EDGE ( 'NONE', *, *, #134, .T. ) ;
#2477 = CARTESIAN_POINT ( 'NONE',  ( 0.9999999999999995559, 2.000000000000000444, 0.000000000000000000 ) ) ;
#2478 = EDGE_LOOP ( 'NONE', ( #73, #2553 ) ) ;
#2479 = CLOSED_SHELL ( 'NONE', ( #1139, #1594 ) ) ;
#2480 = CARTESIAN_POINT ( 'NONE',  ( -2.210595542387839174, 3.900000000000000355, 0.000000000000000000 ) ) ;
#2481 =( GEOMETRIC_REPRESENTATION_CONTEXT ( 3 ) GLOBAL_UNCERTAINTY_ASSIGNED_CONTEXT ( ( #1976 ) ) GLOBAL_UNIT_ASSIGNED_CONTEXT ( ( #101, #2148, #2101 ) ) REPRESENTATION_CONTEXT ( 'NONE', 'WORKASPACE' ) );
#2482 =( NAMED_UNIT ( * ) PLANE_ANGLE_UNIT ( ) SI_UNIT ( $, .RADIAN. ) );
#2483 = DIRECTION ( 'NONE',  ( 0.000000000000000000, 0.000000000000000000, -1.000000000000000000 ) ) ;
#2484 = AXIS2_PLACEMENT_3D ( 'NONE', #2389, #1273, #1706 ) ;
#2485 =( LENGTH_UNIT ( ) NAMED_UNIT ( * ) SI_UNIT ( .MILLI., .METRE. ) );
#2486 = CIRCLE ( 'NONE', #1310, 0.2000000000000000111 ) ;
#2487 = CARTESIAN_POINT ( 'NONE',  ( 0.000000000000000000, 0.000000000000000000, 0.000000000000000000 ) ) ;
#2488 = ORIENTED_EDGE ( 'NONE', *, *, #374, .F. ) ;
#2489 = DIRECTION ( 'NONE',  ( 0.000000000000000000, 0.000000000000000000, -1.000000000000000000 ) ) ;
#2490 = MECHANICAL_DESIGN_GEOMETRIC_PRESENTATION_REPRESENTATION (  '', ( #839 ), #2348 ) ;
#2491 = DIRECTION ( 'NONE',  ( 0.000000000000000000, 1.000000000000000000, 0.000000000000000000 ) ) ;
#2492 = COLOUR_RGB ( '',0.8039215686274510109, 0.8039215686274510109, 0.8039215686274510109 ) ;
#2493 =( LENGTH_UNIT ( ) NAMED_UNIT ( * ) SI_UNIT ( .MILLI., .METRE. ) );
#2494 = EDGE_CURVE ( 'NONE', #285, #639, #1519, .T. ) ;
#2495 = EDGE_LOOP ( 'NONE', ( #1380, #849 ) ) ;
#2496 = PRESENTATION_LAYER_ASSIGNMENT (  '', '', ( #2861 ) ) ;
#2497 = FILL_AREA_STYLE ('',( #1274 ) ) ;
#2498 = CIRCLE ( 'NONE', #2040, 0.2000000000000000944 ) ;
#2500 = SURFACE_STYLE_USAGE ( .BOTH. , #1844 ) ;
#2499 = PRESENTATION_LAYER_ASSIGNMENT (  '', '', ( #576 ) ) ;
#2501 = CARTESIAN_POINT ( 'NONE',  ( 0.9999999999999995559, -1.999999999999999556, 0.000000000000000000 ) ) ;
#2502 = CARTESIAN_POINT ( 'NONE',  ( -2.650000000000000355, 3.400000000000000355, 0.7900000000000000355 ) ) ;
#2503 =( NAMED_UNIT ( * ) PLANE_ANGLE_UNIT ( ) SI_UNIT ( $, .RADIAN. ) );
#2504 = LINE ( 'NONE', #1807, #1449 ) ;
#2505 = DIRECTION ( 'NONE',  ( -1.000000000000000000, 0.000000000000000000, 0.000000000000000000 ) ) ;
#2506 = AXIS2_PLACEMENT_3D ( 'NONE', #488, #2260, #899 ) ;
#2507 = FILL_AREA_STYLE_COLOUR ( '', #32 ) ;
#2508 = FILL_AREA_STYLE ('',( #1671 ) ) ;
#2509 = VERTEX_POINT ( 'NONE', #1039 ) ;
#2510 = DIRECTION ( 'NONE',  ( 0.000000000000000000, 0.000000000000000000, 1.000000000000000000 ) ) ;
#2511 = STYLED_ITEM ( 'NONE', ( #2386 ), #2617 ) ;
#2512 = EDGE_CURVE ( 'NONE', #277, #1481, #1495, .T. ) ;
#2513 = STYLED_ITEM ( 'NONE', ( #1360 ), #978 ) ;
#2514 = MECHANICAL_DESIGN_GEOMETRIC_PRESENTATION_REPRESENTATION (  '', ( #949 ), #2090 ) ;
#2515 = ORIENTED_EDGE ( 'NONE', *, *, #2572, .F. ) ;
#2516 = MECHANICAL_DESIGN_GEOMETRIC_PRESENTATION_REPRESENTATION (  '', ( #2513 ), #861 ) ;
#2517 = EDGE_CURVE ( 'NONE', #354, #639, #1275, .T. ) ;
#2518 = CARTESIAN_POINT ( 'NONE',  ( -2.268045913855519569, 3.844415359445647606, -0.000000000000000000 ) ) ;
#2519 =( NAMED_UNIT ( * ) SI_UNIT ( $, .STERADIAN. ) SOLID_ANGLE_UNIT ( ) );
#2520 = SURFACE_STYLE_USAGE ( .BOTH. , #1608 ) ;
#2521 = ORIENTED_EDGE ( 'NONE', *, *, #2843, .T. ) ;
#2522 = SURFACE_STYLE_FILL_AREA ( #1850 ) ;
#2523 = DIRECTION ( 'NONE',  ( -1.000000000000000000, 0.000000000000000000, 0.000000000000000000 ) ) ;
#2524 = CARTESIAN_POINT ( 'NONE',  ( 2.899999999999999911, -3.899999999999999467, 0.000000000000000000 ) ) ;
#2525 = ORIENTED_EDGE ( 'NONE', *, *, #1946, .F. ) ;
#2526 = FILL_AREA_STYLE_COLOUR ( '', #1116 ) ;
#2527 = FACE_OUTER_BOUND ( 'NONE', #1144, .T. ) ;
#2528 = SPHERICAL_SURFACE ( 'NONE', #2833, 0.2000000000000000111 ) ;
#2529 = CLOSED_SHELL ( 'NONE', ( #1885, #1232 ) ) ;
#2530 = ADVANCED_FACE ( 'NONE', ( #429 ), #900, .T. ) ;
#2531 = SURFACE_STYLE_FILL_AREA ( #2139 ) ;
#2532 = COLOUR_RGB ( '',0.8039215686274510109, 0.8039215686274510109, 0.8039215686274510109 ) ;
#2533 = AXIS2_PLACEMENT_3D ( 'NONE', #2449, #410, #2034 ) ;
#2534 = SURFACE_SIDE_STYLE ('',( #1459 ) ) ;
#2535 = LINE ( 'NONE', #1613, #1431 ) ;
#2536 = ORIENTED_EDGE ( 'NONE', *, *, #2400, .F. ) ;
#2537 = PRESENTATION_LAYER_ASSIGNMENT (  '', '', ( #381 ) ) ;
#2538 = DIRECTION ( 'NONE',  ( 0.000000000000000000, 0.000000000000000000, 1.000000000000000000 ) ) ;
#2539 = FILL_AREA_STYLE ('',( #1644 ) ) ;
#2540 = CARTESIAN_POINT ( 'NONE',  ( -1.000000000000000444, 2.000000000000000444, 0.000000000000000000 ) ) ;
#2541 = ORIENTED_EDGE ( 'NONE', *, *, #2585, .F. ) ;
#2542 = DIRECTION ( 'NONE',  ( 4.336808689942015369E-15, 0.000000000000000000, -1.000000000000000000 ) ) ;
#2543 = CIRCLE ( 'NONE', #1423, 0.2000000000000000111 ) ;
#2544 = UNCERTAINTY_MEASURE_WITH_UNIT (LENGTH_MEASURE( 1.000000000000000082E-05 ), #1288, 'distance_accuracy_value', 'NONE');
#2545 = DIRECTION ( 'NONE',  ( 1.000000000000000000, 0.000000000000000000, 0.000000000000000000 ) ) ;
#2546 = DIRECTION ( 'NONE',  ( 0.000000000000000000, 0.000000000000000000, -1.000000000000000000 ) ) ;
#2547 = ORIENTED_EDGE ( 'NONE', *, *, #2028, .T. ) ;
#2548 = CARTESIAN_POINT ( 'NONE',  ( -2.400000000000000799, 3.400000000000000355, 0.7900000000000000355 ) ) ;
#2549 =( GEOMETRIC_REPRESENTATION_CONTEXT ( 3 ) GLOBAL_UNCERTAINTY_ASSIGNED_CONTEXT ( ( #1898 ) ) GLOBAL_UNIT_ASSIGNED_CONTEXT ( ( #738, #2108, #2334 ) ) REPRESENTATION_CONTEXT ( 'NONE', 'WORKASPACE' ) );
#2550 =( NAMED_UNIT ( * ) SI_UNIT ( $, .STERADIAN. ) SOLID_ANGLE_UNIT ( ) );
#2551 = STYLED_ITEM ( 'NONE', ( #107 ), #2597 ) ;
#2552 = COLOUR_RGB ( '',0.8039215686274510109, 0.8039215686274510109, 0.8039215686274510109 ) ;
#2553 = ORIENTED_EDGE ( 'NONE', *, *, #1888, .T. ) ;
#2554 = PRESENTATION_LAYER_ASSIGNMENT (  '', '', ( #904 ) ) ;
#2555 = COLOUR_RGB ( '',0.8039215686274510109, 0.8039215686274510109, 0.8039215686274510109 ) ;
#2556 = FILL_AREA_STYLE ('',( #2098 ) ) ;
#2557 = PRESENTATION_STYLE_ASSIGNMENT (( #510 ) ) ;
#2558 = EDGE_LOOP ( 'NONE', ( #1452, #1556 ) ) ;
#2559 = CARTESIAN_POINT ( 'NONE',  ( 0.000000000000000000, 0.000000000000000000, 0.000000000000000000 ) ) ;
#2560 = ADVANCED_FACE ( 'NONE', ( #1304 ), #1371, .T. ) ;
#2561 = DIRECTION ( 'NONE',  ( 0.000000000000000000, 0.000000000000000000, 1.000000000000000000 ) ) ;
#2562 = UNCERTAINTY_MEASURE_WITH_UNIT (LENGTH_MEASURE( 1.000000000000000082E-05 ), #2454, 'distance_accuracy_value', 'NONE');
#2563 = ORIENTED_EDGE ( 'NONE', *, *, #23, .T. ) ;
#2564 = DIRECTION ( 'NONE',  ( 0.000000000000000000, 1.000000000000000000, 0.000000000000000000 ) ) ;
#2565 = CARTESIAN_POINT ( 'NONE',  ( -2.900000000000000799, -3.999999999999999112, 0.1000000000000000472 ) ) ;
#2566 =( NAMED_UNIT ( * ) SI_UNIT ( $, .STERADIAN. ) SOLID_ANGLE_UNIT ( ) );
#2567 = CARTESIAN_POINT ( 'NONE',  ( -2.650000000000000355, 3.400000000000000355, 0.8000000000000000444 ) ) ;
#2568 = UNCERTAINTY_MEASURE_WITH_UNIT (LENGTH_MEASURE( 1.000000000000000082E-05 ), #1403, 'distance_accuracy_value', 'NONE');
#2569 =( NAMED_UNIT ( * ) SI_UNIT ( $, .STERADIAN. ) SOLID_ANGLE_UNIT ( ) );
#2570 =( LENGTH_UNIT ( ) NAMED_UNIT ( * ) SI_UNIT ( .MILLI., .METRE. ) );
#2571 =( GEOMETRIC_REPRESENTATION_CONTEXT ( 3 ) GLOBAL_UNCERTAINTY_ASSIGNED_CONTEXT ( ( #2644 ) ) GLOBAL_UNIT_ASSIGNED_CONTEXT ( ( #872, #13, #2519 ) ) REPRESENTATION_CONTEXT ( 'NONE', 'WORKASPACE' ) );
#2572 = EDGE_CURVE ( 'NONE', #285, #2725, #470, .T. ) ;
#2573 = SURFACE_SIDE_STYLE ('',( #724 ) ) ;
#2574 = ORIENTED_EDGE ( 'NONE', *, *, #2315, .F. ) ;
#2575 = DIRECTION ( 'NONE',  ( -1.224646799147351235E-16, 1.000000000000000000, 0.000000000000000000 ) ) ;
#2576 = ADVANCED_FACE ( 'NONE', ( #239 ), #1911, .T. ) ;
#2577 = ADVANCED_FACE ( 'NONE', ( #1141 ), #947, .T. ) ;
#2578 =( GEOMETRIC_REPRESENTATION_CONTEXT ( 3 ) GLOBAL_UNCERTAINTY_ASSIGNED_CONTEXT ( ( #1084 ) ) GLOBAL_UNIT_ASSIGNED_CONTEXT ( ( #1536, #421, #2443 ) ) REPRESENTATION_CONTEXT ( 'NONE', 'WORKASPACE' ) );
#2579 = EDGE_LOOP ( 'NONE', ( #271, #364 ) ) ;
#2580 =( NAMED_UNIT ( * ) SI_UNIT ( $, .STERADIAN. ) SOLID_ANGLE_UNIT ( ) );
#2581 = CARTESIAN_POINT ( 'NONE',  ( -2.150000000000000799, 3.400000000000000355, 0.7900000000000000355 ) ) ;
#2582 = MECHANICAL_DESIGN_GEOMETRIC_PRESENTATION_REPRESENTATION (  '', ( #1416 ), #1032 ) ;
#2584 = MECHANICAL_DESIGN_GEOMETRIC_PRESENTATION_REPRESENTATION (  '', ( #936 ), #15 ) ;
#2583 =( NAMED_UNIT ( * ) SI_UNIT ( $, .STERADIAN. ) SOLID_ANGLE_UNIT ( ) );
#2585 = EDGE_CURVE ( 'NONE', #2398, #585, #2047, .T. ) ;
#2586 =( LENGTH_UNIT ( ) NAMED_UNIT ( * ) SI_UNIT ( .MILLI., .METRE. ) );
#2587 = CIRCLE ( 'NONE', #752, 0.2000000000000000944 ) ;
#2588 = DIRECTION ( 'NONE',  ( 0.000000000000000000, 1.000000000000000000, 0.000000000000000000 ) ) ;
#2589 = AXIS2_PLACEMENT_3D ( 'NONE', #856, #2407, #574 ) ;
#2590 = SURFACE_SIDE_STYLE ('',( #1030 ) ) ;
#2591 = DIRECTION ( 'NONE',  ( 0.000000000000000000, 1.000000000000000000, 0.000000000000000000 ) ) ;
#2592 = ORIENTED_EDGE ( 'NONE', *, *, #2692, .T. ) ;
#2593 = FACE_OUTER_BOUND ( 'NONE', #1997, .T. ) ;
#2594 = ORIENTED_EDGE ( 'NONE', *, *, #1388, .F. ) ;
#2595 = FACE_OUTER_BOUND ( 'NONE', #2627, .T. ) ;
#2596 = PRESENTATION_LAYER_ASSIGNMENT (  '', '', ( #2278 ) ) ;
#2597 = ADVANCED_FACE ( 'NONE', ( #1687 ), #1631, .T. ) ;
#2598 = PRESENTATION_STYLE_ASSIGNMENT (( #590 ) ) ;
#2599 =( GEOMETRIC_REPRESENTATION_CONTEXT ( 3 ) GLOBAL_UNCERTAINTY_ASSIGNED_CONTEXT ( ( #747 ) ) GLOBAL_UNIT_ASSIGNED_CONTEXT ( ( #1783, #670, #2550 ) ) REPRESENTATION_CONTEXT ( 'NONE', 'WORKASPACE' ) );
#2600 =( GEOMETRIC_REPRESENTATION_CONTEXT ( 3 ) GLOBAL_UNCERTAINTY_ASSIGNED_CONTEXT ( ( #336 ) ) GLOBAL_UNIT_ASSIGNED_CONTEXT ( ( #1963, #138, #1018 ) ) REPRESENTATION_CONTEXT ( 'NONE', 'WORKASPACE' ) );
#2601 = CIRCLE ( 'NONE', #80, 0.1999999999999999833 ) ;
#2602 = ADVANCED_FACE ( 'NONE', ( #1171 ), #2078, .F. ) ;
#2603 = DIRECTION ( 'NONE',  ( -1.000000000000000000, 0.000000000000000000, 0.000000000000000000 ) ) ;
#2604 = DIRECTION ( 'NONE',  ( -1.000000000000000000, 0.000000000000000000, -0.000000000000000000 ) ) ;
#2605 = STYLED_ITEM ( 'NONE', ( #280 ), #2824 ) ;
#2606 = VECTOR ( 'NONE', #757, 1000.000000000000000 ) ;
#2607 = DIRECTION ( 'NONE',  ( 0.000000000000000000, 0.000000000000000000, 1.000000000000000000 ) ) ;
#2608 =( NAMED_UNIT ( * ) SI_UNIT ( $, .STERADIAN. ) SOLID_ANGLE_UNIT ( ) );
#2609 =( LENGTH_UNIT ( ) NAMED_UNIT ( * ) SI_UNIT ( .MILLI., .METRE. ) );
#2610 = VERTEX_POINT ( 'NONE', #1186 ) ;
#2611 = SURFACE_STYLE_USAGE ( .BOTH. , #352 ) ;
#2612 = VERTEX_POINT ( 'NONE', #2092 ) ;
#2613 = DIRECTION ( 'NONE',  ( 0.000000000000000000, 1.000000000000000000, 0.000000000000000000 ) ) ;
#2614 = FACE_OUTER_BOUND ( 'NONE', #2579, .T. ) ;
#2615 =( NAMED_UNIT ( * ) SI_UNIT ( $, .STERADIAN. ) SOLID_ANGLE_UNIT ( ) );
#2616 = DIRECTION ( 'NONE',  ( -1.000000000000000000, 0.000000000000000000, 0.000000000000000000 ) ) ;
#2617 = ADVANCED_FACE ( 'NONE', ( #964 ), #1768, .T. ) ;
#2618 = ADVANCED_FACE ( 'NONE', ( #1872 ), #2176, .T. ) ;
#2619 = SURFACE_SIDE_STYLE ('',( #2429 ) ) ;
#2620 = CLOSED_SHELL ( 'NONE', ( #2253, #2560 ) ) ;
#2621 = CARTESIAN_POINT ( 'NONE',  ( -1.000000000000000444, -0.9999999999999995559, 0.000000000000000000 ) ) ;
#2622 = ORIENTED_EDGE ( 'NONE', *, *, #2427, .F. ) ;
#2623 = DIRECTION ( 'NONE',  ( -1.000000000000000000, 0.000000000000000000, 0.000000000000000000 ) ) ;
#2624 = MECHANICAL_DESIGN_GEOMETRIC_PRESENTATION_REPRESENTATION (  '', ( #1114 ), #1073 ) ;
#2625 = FILL_AREA_STYLE_COLOUR ( '', #955 ) ;
#2626 = UNCERTAINTY_MEASURE_WITH_UNIT (LENGTH_MEASURE( 1.000000000000000082E-05 ), #2459, 'distance_accuracy_value', 'NONE');
#2627 = EDGE_LOOP ( 'NONE', ( #485, #235, #2820 ) ) ;
#2628 = COLOUR_RGB ( '',0.8039215686274510109, 0.8039215686274510109, 0.8039215686274510109 ) ;
#2629 = AXIS2_PLACEMENT_3D ( 'NONE', #121, #1490, #2357 ) ;
#2630 = FILL_AREA_STYLE_COLOUR ( '', #2771 ) ;
#2631 = COLOUR_RGB ( '',0.8039215686274510109, 0.8039215686274510109, 0.8039215686274510109 ) ;
#2632 = DIRECTION ( 'NONE',  ( -1.224646799147351482E-16, 1.000000000000000000, 0.000000000000000000 ) ) ;
#2633 = FILL_AREA_STYLE_COLOUR ( '', #219 ) ;
#2634 = AXIS2_PLACEMENT_3D ( 'NONE', #710, #1837, #692 ) ;
#2635 =( NAMED_UNIT ( * ) SI_UNIT ( $, .STERADIAN. ) SOLID_ANGLE_UNIT ( ) );
#2636 = STYLED_ITEM ( 'NONE', ( #305 ), #1139 ) ;
#2637 = EDGE_CURVE ( 'NONE', #1182, #277, #2404, .T. ) ;
#2638 = FILL_AREA_STYLE_COLOUR ( '', #2654 ) ;
#2639 = FILL_AREA_STYLE_COLOUR ( '', #2216 ) ;
#2640 = ORIENTED_EDGE ( 'NONE', *, *, #1665, .F. ) ;
#2641 = DIRECTION ( 'NONE',  ( 1.000000000000000000, 1.224646799147353207E-16, -0.000000000000000000 ) ) ;
#2642 = ADVANCED_FACE ( 'NONE', ( #583 ), #881, .T. ) ;
#2643 = CIRCLE ( 'NONE', #391, 0.2000000000000000944 ) ;
#2644 = UNCERTAINTY_MEASURE_WITH_UNIT (LENGTH_MEASURE( 1.000000000000000082E-05 ), #872, 'distance_accuracy_value', 'NONE');
#2645 = FILL_AREA_STYLE ('',( #1730 ) ) ;
#2646 = ORIENTED_EDGE ( 'NONE', *, *, #1162, .F. ) ;
#2647 = DIRECTION ( 'NONE',  ( 0.000000000000000000, 1.000000000000000000, 0.000000000000000000 ) ) ;
#2648 = FILL_AREA_STYLE ('',( #1303 ) ) ;
#2649 = UNCERTAINTY_MEASURE_WITH_UNIT (LENGTH_MEASURE( 1.000000000000000082E-05 ), #2151, 'distance_accuracy_value', 'NONE');
#2650 = VECTOR ( 'NONE', #869, 1000.000000000000000 ) ;
#2651 = COLOUR_RGB ( '',0.8039215686274510109, 0.8039215686274510109, 0.8039215686274510109 ) ;
#2652 = DIRECTION ( 'NONE',  ( 1.000000000000000000, 0.000000000000000000, 0.000000000000000000 ) ) ;
#2653 = CIRCLE ( 'NONE', #2411, 0.2499999999999997780 ) ;
#2654 = COLOUR_RGB ( '',0.8039215686274510109, 0.8039215686274510109, 0.8039215686274510109 ) ;
#2655 = AXIS2_PLACEMENT_3D ( 'NONE', #229, #1357, #1620 ) ;
#2656 = SURFACE_STYLE_FILL_AREA ( #1806 ) ;
#2657 = VERTEX_POINT ( 'NONE', #1748 ) ;
#2658 = ORIENTED_EDGE ( 'NONE', *, *, #1742, .T. ) ;
#2659 = FILL_AREA_STYLE ('',( #927 ) ) ;
#2660 = CARTESIAN_POINT ( 'NONE',  ( 0.000000000000000000, -3.899999999999999467, 0.8000000000000000444 ) ) ;
#2661 = PLANE ( 'NONE',  #1421 ) ;
#2662 = SURFACE_SIDE_STYLE ('',( #186 ) ) ;
#2663 =( NAMED_UNIT ( * ) PLANE_ANGLE_UNIT ( ) SI_UNIT ( $, .RADIAN. ) );
#2664 = FILL_AREA_STYLE ('',( #1089 ) ) ;
#2665 = ORIENTED_EDGE ( 'NONE', *, *, #234, .T. ) ;
#2666 = FILL_AREA_STYLE ('',( #2191 ) ) ;
#2667 = ADVANCED_FACE ( 'NONE', ( #2724 ), #2242, .T. ) ;
#2668 = CARTESIAN_POINT ( 'NONE',  ( 1.999999999999999556, -0.9999999999999995559, 0.000000000000000000 ) ) ;
#2669 = CLOSED_SHELL ( 'NONE', ( #2824, #937 ) ) ;
#2670 = ORIENTED_EDGE ( 'NONE', *, *, #552, .T. ) ;
#2671 =( NAMED_UNIT ( * ) SI_UNIT ( $, .STERADIAN. ) SOLID_ANGLE_UNIT ( ) );
#2672 = CIRCLE ( 'NONE', #1258, 0.2000000000000000111 ) ;
#2673 = EDGE_CURVE ( 'NONE', #540, #231, #1108, .T. ) ;
#2674 = CARTESIAN_POINT ( 'NONE',  ( 2.900000000000000355, 3.900000000000000355, 0.8000000000000000444 ) ) ;
#2675 = PRESENTATION_LAYER_ASSIGNMENT (  '', '', ( #1454 ) ) ;
#2676 = PRESENTATION_LAYER_ASSIGNMENT (  '', '', ( #1646 ) ) ;
#2677 = SPHERICAL_SURFACE ( 'NONE', #1567, 0.2000000000000000111 ) ;
#2678 =( GEOMETRIC_REPRESENTATION_CONTEXT ( 3 ) GLOBAL_UNCERTAINTY_ASSIGNED_CONTEXT ( ( #706 ) ) GLOBAL_UNIT_ASSIGNED_CONTEXT ( ( #1328, #1788, #2185 ) ) REPRESENTATION_CONTEXT ( 'NONE', 'WORKASPACE' ) );
#2679 = APPLICATION_PROTOCOL_DEFINITION ( 'draft international standard', 'automotive_design', 1998, #1060 ) ;
#2680 = ORIENTED_EDGE ( 'NONE', *, *, #1528, .F. ) ;
#2681 = PRESENTATION_LAYER_ASSIGNMENT (  '', '', ( #936 ) ) ;
#2682 = SURFACE_SIDE_STYLE ('',( #2867 ) ) ;
#2683 = AXIS2_PLACEMENT_3D ( 'NONE', #2746, #1635, #1418 ) ;
#2684 = FACE_OUTER_BOUND ( 'NONE', #337, .T. ) ;
#2685 = FILL_AREA_STYLE_COLOUR ( '', #522 ) ;
#2686 = EDGE_LOOP ( 'NONE', ( #2574, #2153 ) ) ;
#2687 = DIRECTION ( 'NONE',  ( 1.000000000000000000, 0.000000000000000000, -0.000000000000000000 ) ) ;
#2688 = MECHANICAL_DESIGN_GEOMETRIC_PRESENTATION_REPRESENTATION (  '', ( #2453 ), #1559 ) ;
#2689 = CARTESIAN_POINT ( 'NONE',  ( -1.000000000000000444, -1.999999999999999556, 0.000000000000000000 ) ) ;
#2690 = DIRECTION ( 'NONE',  ( 1.000000000000000000, 1.224646799147353207E-16, -0.000000000000000000 ) ) ;
#2691 = CARTESIAN_POINT ( 'NONE',  ( 0.9999999999999995559, 1.000000000000000444, 0.000000000000000000 ) ) ;
#2692 = EDGE_CURVE ( 'NONE', #2441, #2398, #654, .T. ) ;
#2693 = PRESENTATION_LAYER_ASSIGNMENT (  '', '', ( #1808 ) ) ;
#2694 = DIRECTION ( 'NONE',  ( 1.000000000000000000, -0.000000000000000000, 0.000000000000000000 ) ) ;
#2695 = CARTESIAN_POINT ( 'NONE',  ( 1.999999999999999556, -1.999999999999999556, 0.000000000000000000 ) ) ;
#2696 = CARTESIAN_POINT ( 'NONE',  ( 0.000000000000000000, -3.899999999999999467, 0.6999999999999999556 ) ) ;
#2697 = DIRECTION ( 'NONE',  ( 0.000000000000000000, 1.000000000000000000, 0.000000000000000000 ) ) ;
#2698 = DIRECTION ( 'NONE',  ( -1.000000000000000000, 0.000000000000000000, 0.000000000000000000 ) ) ;
#2699 = STYLED_ITEM ( 'NONE', ( #348 ), #2891 ) ;
#2700 = ORIENTED_EDGE ( 'NONE', *, *, #2722, .T. ) ;
#2701 =( LENGTH_UNIT ( ) NAMED_UNIT ( * ) SI_UNIT ( .MILLI., .METRE. ) );
#2702 = CARTESIAN_POINT ( 'NONE',  ( -2.727648885596960948, 3.399738235010818954, 0.000000000000000000 ) ) ;
#2703 = CYLINDRICAL_SURFACE ( 'NONE', #2325, 0.09999999999999999167 ) ;
#2704 = SURFACE_SIDE_STYLE ('',( #275 ) ) ;
#2705 = FILL_AREA_STYLE ('',( #2068 ) ) ;
#2706 = ADVANCED_FACE ( 'NONE', ( #895 ), #2475, .F. ) ;
#2707 = EDGE_CURVE ( 'NONE', #2138, #2896, #2653, .T. ) ;
#2708 = FILL_AREA_STYLE_COLOUR ( '', #2381 ) ;
#2709 = CARTESIAN_POINT ( 'NONE',  ( 0.9999999999999995559, 4.336808689942017736E-16, 0.000000000000000000 ) ) ;
#2710 = CARTESIAN_POINT ( 'NONE',  ( 2.899999999999999911, 3.899999999999999911, 0.1000000000000000472 ) ) ;
#2711 = VERTEX_POINT ( 'NONE', #2060 ) ;
#2712 = LINE ( 'NONE', #1881, #2388 ) ;
#2713 = DIRECTION ( 'NONE',  ( -1.000000000000000000, 0.000000000000000000, 0.000000000000000000 ) ) ;
#2714 =( NAMED_UNIT ( * ) SI_UNIT ( $, .STERADIAN. ) SOLID_ANGLE_UNIT ( ) );
#2715 = AXIS2_PLACEMENT_3D ( 'NONE', #703, #14, #1611 ) ;
#2716 = CARTESIAN_POINT ( 'NONE',  ( -1.000000000000000444, 2.000000000000000444, 0.2000000000000000111 ) ) ;
#2717 = FILL_AREA_STYLE ('',( #11 ) ) ;
#2718 = CARTESIAN_POINT ( 'NONE',  ( -2.900000000000000799, -3.899999999999999467, 0.6999999999999999556 ) ) ;
#2719 = COLOUR_RGB ( '',0.8039215686274510109, 0.8039215686274510109, 0.8039215686274510109 ) ;
#2720 = MECHANICAL_DESIGN_GEOMETRIC_PRESENTATION_REPRESENTATION (  '', ( #2346 ), #2578 ) ;
#2721 = VERTEX_POINT ( 'NONE', #1810 ) ;
#2722 = EDGE_CURVE ( 'NONE', #2839, #1603, #264, .T. ) ;
#2723 = PLANE ( 'NONE',  #2276 ) ;
#2724 = FACE_OUTER_BOUND ( 'NONE', #666, .T. ) ;
#2725 = VERTEX_POINT ( 'NONE', #2017 ) ;
#2726 = DIRECTION ( 'NONE',  ( -1.000000000000000000, 0.000000000000000000, 0.000000000000000000 ) ) ;
#2727 = EDGE_CURVE ( 'NONE', #1593, #20, #442, .T. ) ;
#2728 = COLOUR_RGB ( '',0.9607843137254902244, 0.9607843137254902244, 0.9607843137254902244 ) ;
#2729 = FILL_AREA_STYLE_COLOUR ( '', #1237 ) ;
#2730 = CARTESIAN_POINT ( 'NONE',  ( 0.9999999999999995559, -1.999999999999999556, 0.000000000000000000 ) ) ;
#2731 = EDGE_LOOP ( 'NONE', ( #189, #989 ) ) ;
#2732 = CIRCLE ( 'NONE', #300, 0.2000000000000000944 ) ;
#2733 = PRESENTATION_STYLE_ASSIGNMENT (( #1577 ) ) ;
#2734 = LINE ( 'NONE', #2502, #419 ) ;
#2735 = VERTEX_POINT ( 'NONE', #36 ) ;
#2736 =( GEOMETRIC_REPRESENTATION_CONTEXT ( 3 ) GLOBAL_UNCERTAINTY_ASSIGNED_CONTEXT ( ( #1688 ) ) GLOBAL_UNIT_ASSIGNED_CONTEXT ( ( #141, #1023, #2126 ) ) REPRESENTATION_CONTEXT ( 'NONE', 'WORKASPACE' ) );
#2737 = PRESENTATION_LAYER_ASSIGNMENT (  '', '', ( #1475 ) ) ;
#2738 = CYLINDRICAL_SURFACE ( 'NONE', #339, 0.1000000000000000472 ) ;
#2739 = ORIENTED_EDGE ( 'NONE', *, *, #885, .T. ) ;
#2740 = AXIS2_PLACEMENT_3D ( 'NONE', #453, #2697, #3 ) ;
#2741 = CIRCLE ( 'NONE', #1342, 0.09999999999999982514 ) ;
#2742 = CARTESIAN_POINT ( 'NONE',  ( -2.400000000000000799, 3.400000000000000355, 0.7900000000000000355 ) ) ;
#2743 = FACE_OUTER_BOUND ( 'NONE', #730, .T. ) ;
#2744 = PRESENTATION_STYLE_ASSIGNMENT (( #2142 ) ) ;
#2745 = PRESENTATION_STYLE_ASSIGNMENT (( #1949 ) ) ;
#2746 = CARTESIAN_POINT ( 'NONE',  ( -2.400000000000000799, 3.400000000000000355, 0.7900000000000000355 ) ) ;
#2747 = FILL_AREA_STYLE ('',( #1027 ) ) ;
#2748 = UNCERTAINTY_MEASURE_WITH_UNIT (LENGTH_MEASURE( 1.000000000000000082E-05 ), #1702, 'distance_accuracy_value', 'NONE');
#2749 = DIRECTION ( 'NONE',  ( 0.000000000000000000, 1.000000000000000000, 0.000000000000000000 ) ) ;
#2750 = ORIENTED_EDGE ( 'NONE', *, *, #524, .F. ) ;
#2751 = PRESENTATION_STYLE_ASSIGNMENT (( #1828 ) ) ;
#2752 = FILL_AREA_STYLE_COLOUR ( '', #1384 ) ;
#2753 = FILL_AREA_STYLE_COLOUR ( '', #2462 ) ;
#2754 = ORIENTED_EDGE ( 'NONE', *, *, #731, .F. ) ;
#2755 = ADVANCED_FACE ( 'NONE', ( #2684 ), #1094, .T. ) ;
#2756 = PRESENTATION_STYLE_ASSIGNMENT (( #324 ) ) ;
#2757 = VECTOR ( 'NONE', #506, 1000.000000000000000 ) ;
#2758 = PRESENTATION_STYLE_ASSIGNMENT (( #1193 ) ) ;
#2759 = FILL_AREA_STYLE ('',( #2378 ) ) ;
#2760 = FILL_AREA_STYLE ('',( #961 ) ) ;
#2761 = ORIENTED_EDGE ( 'NONE', *, *, #430, .T. ) ;
#2762 =( GEOMETRIC_REPRESENTATION_CONTEXT ( 3 ) GLOBAL_UNCERTAINTY_ASSIGNED_CONTEXT ( ( #183 ) ) GLOBAL_UNIT_ASSIGNED_CONTEXT ( ( #2570, #787, #89 ) ) REPRESENTATION_CONTEXT ( 'NONE', 'WORKASPACE' ) );
#2763 = DIRECTION ( 'NONE',  ( -1.000000000000000000, 0.000000000000000000, 0.000000000000000000 ) ) ;
#2764 = ORIENTED_EDGE ( 'NONE', *, *, #489, .F. ) ;
#2765 = CARTESIAN_POINT ( 'NONE',  ( 2.900000000000000355, 3.900000000000000355, 0.000000000000000000 ) ) ;
#2766 =( GEOMETRIC_REPRESENTATION_CONTEXT ( 3 ) GLOBAL_UNCERTAINTY_ASSIGNED_CONTEXT ( ( #240 ) ) GLOBAL_UNIT_ASSIGNED_CONTEXT ( ( #1343, #228, #243 ) ) REPRESENTATION_CONTEXT ( 'NONE', 'WORKASPACE' ) );
#2767 = SURFACE_STYLE_USAGE ( .BOTH. , #500 ) ;
#2768 = EDGE_CURVE ( 'NONE', #2441, #644, #2144, .T. ) ;
#2769 = FILL_AREA_STYLE_COLOUR ( '', #237 ) ;
#2770 =( LENGTH_UNIT ( ) NAMED_UNIT ( * ) SI_UNIT ( .MILLI., .METRE. ) );
#2771 = COLOUR_RGB ( '',0.8039215686274510109, 0.8039215686274510109, 0.8039215686274510109 ) ;
#2772 = STYLED_ITEM ( 'NONE', ( #469 ), #1913 ) ;
#2773 = CARTESIAN_POINT ( 'NONE',  ( 2.899999999999999911, 3.900000000000000355, 0.6999999999999999556 ) ) ;
#2774 = PRESENTATION_LAYER_ASSIGNMENT (  '', '', ( #1386 ) ) ;
#2775 =( GEOMETRIC_REPRESENTATION_CONTEXT ( 3 ) GLOBAL_UNCERTAINTY_ASSIGNED_CONTEXT ( ( #1875 ) ) GLOBAL_UNIT_ASSIGNED_CONTEXT ( ( #35, #2252, #482 ) ) REPRESENTATION_CONTEXT ( 'NONE', 'WORKASPACE' ) );
#2776 = ORIENTED_EDGE ( 'NONE', *, *, #524, .T. ) ;
#2777 = CIRCLE ( 'NONE', #1862, 0.2000000000000000111 ) ;
#2778 = AXIS2_PLACEMENT_3D ( 'NONE', #548, #2131, #2369 ) ;
#2779 = SURFACE_STYLE_FILL_AREA ( #1220 ) ;
#2780 = CARTESIAN_POINT ( 'NONE',  ( 2.900000000000000355, 4.000000000000000000, 0.1000000000000000472 ) ) ;
#2781 = CARTESIAN_POINT ( 'NONE',  ( -1.000000000000000444, 1.000000000000000444, -0.2000000000000000111 ) ) ;
#2782 = PRESENTATION_STYLE_ASSIGNMENT (( #317 ) ) ;
#2783 = EDGE_CURVE ( 'NONE', #1465, #1535, #1814, .T. ) ;
#2784 = FILL_AREA_STYLE ('',( #1972 ) ) ;
#2785 = CARTESIAN_POINT ( 'NONE',  ( 2.900000000000000355, 3.900000000000000355, 0.000000000000000000 ) ) ;
#2786 = ORIENTED_EDGE ( 'NONE', *, *, #23, .F. ) ;
#2787 = CARTESIAN_POINT ( 'NONE',  ( 2.999999999999999556, -3.899999999999999467, 0.1000000000000000472 ) ) ;
#2788 = PRESENTATION_STYLE_ASSIGNMENT (( #1962 ) ) ;
#2789 = UNCERTAINTY_MEASURE_WITH_UNIT (LENGTH_MEASURE( 1.000000000000000082E-05 ), #2261, 'distance_accuracy_value', 'NONE');
#2790 = ORIENTED_EDGE ( 'NONE', *, *, #309, .T. ) ;
#2791 = LINE ( 'NONE', #2581, #1654 ) ;
#2792 = CLOSED_SHELL ( 'NONE', ( #2000, #1247 ) ) ;
#2793 = CYLINDRICAL_SURFACE ( 'NONE', #2877, 0.1000000000000000056 ) ;
#2794 = CARTESIAN_POINT ( 'NONE',  ( -1.000000000000000444, -1.999999999999999556, -0.2000000000000000111 ) ) ;
#2795 = COLOUR_RGB ( '',0.8039215686274510109, 0.8039215686274510109, 0.8039215686274510109 ) ;
#2796 = PRESENTATION_STYLE_ASSIGNMENT (( #1294 ) ) ;
#2797 = PRESENTATION_STYLE_ASSIGNMENT (( #363 ) ) ;
#2798 = ADVANCED_FACE ( 'NONE', ( #76 ), #709, .T. ) ;
#2799 = EDGE_LOOP ( 'NONE', ( #1272, #893 ) ) ;
#2800 = DIRECTION ( 'NONE',  ( 0.000000000000000000, 0.000000000000000000, -1.000000000000000000 ) ) ;
#2801 = VECTOR ( 'NONE', #2004, 1000.000000000000000 ) ;
#2802 =( NAMED_UNIT ( * ) SI_UNIT ( $, .STERADIAN. ) SOLID_ANGLE_UNIT ( ) );
#2803 = AXIS2_PLACEMENT_3D ( 'NONE', #221, #818, #1566 ) ;
#2804 = EDGE_CURVE ( 'NONE', #2883, #46, #2777, .T. ) ;
#2805 = VERTEX_POINT ( 'NONE', #1878 ) ;
#2806 =( NAMED_UNIT ( * ) SI_UNIT ( $, .STERADIAN. ) SOLID_ANGLE_UNIT ( ) );
#2807 = STYLED_ITEM ( 'NONE', ( #454 ), #1012 ) ;
#2808 = DIRECTION ( 'NONE',  ( 0.000000000000000000, 0.000000000000000000, 1.000000000000000000 ) ) ;
#2809 = UNCERTAINTY_MEASURE_WITH_UNIT (LENGTH_MEASURE( 1.000000000000000082E-05 ), #1252, 'distance_accuracy_value', 'NONE');
#2810 = CARTESIAN_POINT ( 'NONE',  ( -3.000000000000000444, -3.899999999999999467, 0.1000000000000000472 ) ) ;
#2811 = COLOUR_RGB ( '',0.8039215686274510109, 0.8039215686274510109, 0.8039215686274510109 ) ;
#2813 = AXIS2_PLACEMENT_3D ( 'NONE', #561, #1874, #518 ) ;
#2812 = DIRECTION ( 'NONE',  ( 0.000000000000000000, 0.000000000000000000, 1.000000000000000000 ) ) ;
#2814 =( NAMED_UNIT ( * ) PLANE_ANGLE_UNIT ( ) SI_UNIT ( $, .RADIAN. ) );
#2815 = SPHERICAL_SURFACE ( 'NONE', #428, 0.2000000000000000111 ) ;
#2816 = SURFACE_STYLE_USAGE ( .BOTH. , #2355 ) ;
#2817 = VERTEX_POINT ( 'NONE', #2342 ) ;
#2818 = FILL_AREA_STYLE_COLOUR ( '', #542 ) ;
#2819 = DIRECTION ( 'NONE',  ( 0.000000000000000000, 1.000000000000000000, 0.000000000000000000 ) ) ;
#2820 = ORIENTED_EDGE ( 'NONE', *, *, #1502, .F. ) ;
#2821 = DIRECTION ( 'NONE',  ( -1.000000000000000000, 0.000000000000000000, 0.000000000000000000 ) ) ;
#2822 = CIRCLE ( 'NONE', #1392, 0.2000000000000000944 ) ;
#2823 = EDGE_CURVE ( 'NONE', #2725, #1240, #2535, .T. ) ;
#2824 = ADVANCED_FACE ( 'NONE', ( #1640 ), #304, .T. ) ;
#2825 = DIRECTION ( 'NONE',  ( -1.000000000000000000, 0.000000000000000000, 0.000000000000000000 ) ) ;
#2826 = STYLED_ITEM ( 'NONE', ( #2221 ), #2420 ) ;
#2827 = DIRECTION ( 'NONE',  ( 0.000000000000000000, 1.000000000000000000, 0.000000000000000000 ) ) ;
#2828 = AXIS2_PLACEMENT_3D ( 'NONE', #384, #456, #696 ) ;
#2829 = STYLED_ITEM ( 'NONE', ( #353 ), #2618 ) ;
#2830 = CIRCLE ( 'NONE', #584, 0.2000000000000000944 ) ;
#2831 = DIRECTION ( 'NONE',  ( -1.000000000000000000, 0.000000000000000000, 0.000000000000000000 ) ) ;
#2832 = DIRECTION ( 'NONE',  ( 0.000000000000000000, 1.000000000000000000, 0.000000000000000000 ) ) ;
#2833 = AXIS2_PLACEMENT_3D ( 'NONE', #772, #546, #965 ) ;
#2834 = CARTESIAN_POINT ( 'NONE',  ( -3.000000000000000444, 4.000000000000000000, 0.8000000000000000444 ) ) ;
#2835 = CARTESIAN_POINT ( 'NONE',  ( -2.900000000000000799, 4.000000000000000000, 0.8000000000000000444 ) ) ;
#2836 = SURFACE_SIDE_STYLE ('',( #626 ) ) ;
#2837 = VERTEX_POINT ( 'NONE', #1893 ) ;
#2838 =( LENGTH_UNIT ( ) NAMED_UNIT ( * ) SI_UNIT ( .MILLI., .METRE. ) );
#2839 = VERTEX_POINT ( 'NONE', #550 ) ;
#2840 = DIRECTION ( 'NONE',  ( 0.000000000000000000, 1.000000000000000000, 0.000000000000000000 ) ) ;
#2841 = CARTESIAN_POINT ( 'NONE',  ( -4.336808689942017736E-16, -1.999999999999999556, 0.000000000000000000 ) ) ;
#2842 = SPHERICAL_SURFACE ( 'NONE', #1097, 0.2000000000000000111 ) ;
#2843 = EDGE_CURVE ( 'NONE', #1593, #2236, #2741, .T. ) ;
#2844 = DIRECTION ( 'NONE',  ( -1.000000000000000000, 0.000000000000000000, 0.000000000000000000 ) ) ;
#2845 = DIRECTION ( 'NONE',  ( 1.000000000000000000, 0.000000000000000000, 0.000000000000000000 ) ) ;
#2846 =( LENGTH_UNIT ( ) NAMED_UNIT ( * ) SI_UNIT ( .MILLI., .METRE. ) );
#2847 = CLOSED_SHELL ( 'NONE', ( #1629, #2617 ) ) ;
#2848 = CARTESIAN_POINT ( 'NONE',  ( -2.900000000000000799, 0.000000000000000000, 0.6999999999999999556 ) ) ;
#2849 = ORIENTED_EDGE ( 'NONE', *, *, #1633, .F. ) ;
#2850 = PRESENTATION_STYLE_ASSIGNMENT (( #652 ) ) ;
#2851 = AXIS2_PLACEMENT_3D ( 'NONE', #2834, #1727, #390 ) ;
#2852 = UNCERTAINTY_MEASURE_WITH_UNIT (LENGTH_MEASURE( 1.000000000000000082E-05 ), #2770, 'distance_accuracy_value', 'NONE');
#2853 = ORIENTED_EDGE ( 'NONE', *, *, #827, .F. ) ;
#2854 = AXIS2_PLACEMENT_3D ( 'NONE', #1417, #2840, #2821 ) ;
#2855 = APPLICATION_CONTEXT ( 'automotive_design' ) ;
#2856 = CARTESIAN_POINT ( 'NONE',  ( -2.900000000000000799, -3.899999999999999467, 0.8000000000000000444 ) ) ;
#2857 = AXIS2_PLACEMENT_3D ( 'NONE', #2288, #2510, #1870 ) ;
#2858 = DIRECTION ( 'NONE',  ( 1.000000000000000000, 0.000000000000000000, 0.000000000000000000 ) ) ;
#2859 = LINE ( 'NONE', #2181, #1130 ) ;
#2860 = COLOUR_RGB ( '',0.8039215686274510109, 0.8039215686274510109, 0.8039215686274510109 ) ;
#2861 = STYLED_ITEM ( 'NONE', ( #1656 ), #1124 ) ;
#2862 = PRESENTATION_LAYER_ASSIGNMENT (  '', '', ( #342 ) ) ;
#2863 = EDGE_LOOP ( 'NONE', ( #1899, #333 ) ) ;
#2864 = CYLINDRICAL_SURFACE ( 'NONE', #245, 0.1000000000000000056 ) ;
#2865 = MECHANICAL_DESIGN_GEOMETRIC_PRESENTATION_REPRESENTATION (  '', ( #576 ), #2082 ) ;
#2866 = UNCERTAINTY_MEASURE_WITH_UNIT (LENGTH_MEASURE( 1.000000000000000082E-05 ), #2846, 'distance_accuracy_value', 'NONE');
#2867 = SURFACE_STYLE_FILL_AREA ( #1079 ) ;
#2868 = FILL_AREA_STYLE ('',( #2359 ) ) ;
#2869 = EDGE_LOOP ( 'NONE', ( #292, #2739 ) ) ;
#2870 = SURFACE_STYLE_USAGE ( .BOTH. , #236 ) ;
#2871 = CARTESIAN_POINT ( 'NONE',  ( 1.999999999999999556, 1.000000000000000444, 0.2000000000000000111 ) ) ;
#2872 = UNCERTAINTY_MEASURE_WITH_UNIT (LENGTH_MEASURE( 1.000000000000000082E-05 ), #2201, 'distance_accuracy_value', 'NONE');
#2873 = AXIS2_PLACEMENT_3D ( 'NONE', #822, #1982, #385 ) ;
#2874 = FACE_OUTER_BOUND ( 'NONE', #1406, .T. ) ;
#2875 =( NAMED_UNIT ( * ) PLANE_ANGLE_UNIT ( ) SI_UNIT ( $, .RADIAN. ) );
#2876 = FILL_AREA_STYLE ('',( #1487 ) ) ;
#2877 = AXIS2_PLACEMENT_3D ( 'NONE', #2157, #1919, #346 ) ;
#2878 = MANIFOLD_SOLID_BREP ( 'LPattern1[6]', #1876 ) ;
#2879 = FILL_AREA_STYLE_COLOUR ( '', #2076 ) ;
#2880 = ADVANCED_FACE ( 'NONE', ( #789 ), #2415, .F. ) ;
#2881 = PRESENTATION_LAYER_ASSIGNMENT (  '', '', ( #2513 ) ) ;
#2882 = PRODUCT_CONTEXT ( 'NONE', #2855, 'mechanical' ) ;
#2883 = VERTEX_POINT ( 'NONE', #1503 ) ;
#2884 = DIRECTION ( 'NONE',  ( -0.000000000000000000, -1.000000000000000000, -0.000000000000000000 ) ) ;
#2885 = EDGE_CURVE ( 'NONE', #585, #1182, #2198, .T. ) ;
#2886 = MANIFOLD_SOLID_BREP ( 'LPattern1[2]', #972 ) ;
#2887 = DIRECTION ( 'NONE',  ( 0.000000000000000000, 1.000000000000000000, 0.000000000000000000 ) ) ;
#2888 =( NAMED_UNIT ( * ) SI_UNIT ( $, .STERADIAN. ) SOLID_ANGLE_UNIT ( ) );
#2889 = ORIENTED_EDGE ( 'NONE', *, *, #256, .T. ) ;
#2890 = DIRECTION ( 'NONE',  ( 1.000000000000000000, 0.000000000000000000, 0.000000000000000000 ) ) ;
#2891 = MANIFOLD_SOLID_BREP ( 'LPattern1[13]', #2620 ) ;
#2892 =( NAMED_UNIT ( * ) PLANE_ANGLE_UNIT ( ) SI_UNIT ( $, .RADIAN. ) );
#2893 = DIRECTION ( 'NONE',  ( 0.000000000000000000, 1.000000000000000000, 0.000000000000000000 ) ) ;
#2894 = DIRECTION ( 'NONE',  ( -1.000000000000000000, 0.000000000000000000, 0.000000000000000000 ) ) ;
#2895 = MANIFOLD_SOLID_BREP ( 'LPattern1[19]', #2 ) ;
#2896 = VERTEX_POINT ( 'NONE', #1251 ) ;
#2897 = CARTESIAN_POINT ( 'NONE',  ( 2.899999999999999911, -3.999999999999999112, 0.1000000000000000472 ) ) ;
ENDSEC;
END-ISO-10303-21;
